time,raw_rows,chalets,passing,tasks_done,source,lane_pilot,lane_enrich,lane_sites,lane_villages,lane_villages_abroad
2026-10-05 20:59,0,0,,0,seed: pilot start (progress logs),0,0,0,0,0
2026-10-05 21:29,42,42,,0,seed: Les Coches pilot CSV last write,42,0,0,0,0
2026-10-05 21:33,102,102,,0,seed: Brévières pilot CSV last write,102,0,0,0,0
2026-10-05 22:20,102,102,,0,seed: just before the full search started (only pilot data existed),102,0,0,0,0
2026-10-05 22:47,130,123,8,7,live,102,,,0,0
2026-10-05 22:48,131,124,8,7,live,102,,,0,0
2026-10-05 22:49,132,125,8,7,live,102,,,0,0
2026-10-05 22:50,133,126,8,7,live,102,,,0,0
2026-10-05 22:51,135,128,8,7,live,102,,,0,0
2026-10-05 22:53,137,129,8,8,live,102,,,0,0
2026-10-05 22:54,138,130,8,8,live,102,,,0,0
2026-10-05 22:55,142,133,8,9,live,102,,,0,0
2026-10-05 22:56,143,134,8,9,live,102,,,0,0
2026-10-05 22:58,144,135,8,9,live,102,,,,0
2026-10-05 22:59,145,136,8,9,live,102,,,,0
2026-10-05 23:00,147,138,8,9,live,102,,,,0
2026-10-05 23:01,149,140,8,9,live,102,,,,0
2026-10-05 23:02,151,142,8,9,live,102,,,,0
2026-10-05 23:03,153,144,8,9,live,102,,,,0
2026-10-05 23:04,154,145,8,9,live,102,,,,0
2026-10-05 23:05,157,148,8,9,live,102,,,,0
2026-10-05 23:06,158,149,8,9,live,102,,,,0
2026-10-05 23:07,166,155,8,9,live,102,,,,0
2026-10-05 23:08,168,157,8,9,live,102,,,,
2026-10-05 23:09,170,159,8,9,live,102,,,,
2026-10-05 23:10,176,165,8,9,live,102,,,,
2026-10-05 23:11,178,167,8,9,live,102,9,53,12,0
2026-10-05 23:12,184,173,9,9,live,102,9,54,17,0
2026-10-05 23:13,189,178,9,9,live,102,9,56,20,0
2026-10-05 23:14,192,181,9,9,live,102,9,59,20,0
2026-10-05 23:15,199,188,9,9,live,102,9,59,20,7
2026-10-05 23:16,208,197,9,9,live,102,9,61,20,14
2026-10-05 23:17,209,198,9,9,live,102,9,62,20,14
2026-10-05 23:18,217,206,9,9,live,102,9,64,26,14
2026-10-05 23:20,218,207,9,9,live,102,9,65,26,14
2026-10-05 23:21,219,208,9,9,live,102,9,66,26,14
2026-10-05 23:22,220,209,9,9,live,102,9,67,26,14
2026-10-05 23:23,222,211,9,9,live,102,9,69,26,14
2026-10-05 23:24,223,212,9,9,live,102,9,70,26,14
2026-10-05 23:25,224,213,9,9,live,102,9,71,26,14
2026-10-05 23:26,231,220,9,9,live,102,9,72,26,20
2026-10-05 23:27,234,223,9,9,live,102,9,73,26,22
2026-10-05 23:28,236,225,9,9,live,102,9,75,26,22
2026-10-05 23:29,250,239,21,9,live,102,9,77,26,34
2026-10-05 23:30,261,250,21,9,live,102,9,78,36,34
2026-10-05 23:31,281,270,21,9,live,102,9,80,54,34
2026-10-05 23:32,283,272,21,9,live,102,9,82,54,34
2026-10-05 23:33,286,275,21,9,live,102,9,85,54,34
2026-10-05 23:34,287,276,21,9,live,102,9,86,54,34
2026-10-05 23:35,288,277,21,9,live,102,9,87,54,34
2026-10-05 23:36,289,278,21,9,live,102,9,88,54,34
2026-10-05 23:37,291,280,21,9,live,102,9,90,54,34
2026-10-05 23:38,316,289,21,9,live,102,9,91,62,34
2026-10-05 23:39,346,314,21,9,live,102,9,92,80,40
2026-10-05 23:40,348,316,21,10,live,102,9,94,80,40
2026-10-05 23:41,349,317,21,10,live,102,9,95,80,40
2026-10-05 23:42,350,318,21,10,live,102,9,96,80,40
2026-10-05 23:43,351,319,21,10,live,102,9,97,80,40
2026-10-05 23:44,352,320,21,10,live,102,9,98,80,40
2026-10-05 23:45,354,321,21,11,live,102,10,99,80,40
2026-10-05 23:46,356,323,21,11,live,102,10,101,80,40
2026-10-05 23:47,359,325,21,12,live,102,11,103,80,40
2026-10-05 23:49,369,329,23,12,live,102,11,103,80,44
2026-10-05 23:51,370,330,23,12,live,102,11,104,80,44
2026-10-05 23:53,373,333,23,12,live,102,11,107,80,44
2026-10-05 23:54,375,335,23,12,live,102,11,108,80,45
2026-10-05 23:55,378,338,23,12,live,102,11,108,80,48
2026-10-05 23:56,383,343,24,12,live,102,11,113,80,48
2026-10-05 23:57,385,345,24,13,live,102,11,113,80,50
2026-10-05 23:58,389,349,25,13,live,102,11,117,80,50
2026-10-05 23:59,390,350,25,13,live,102,11,118,80,50
2026-10-06 00:00,392,352,26,13,live,102,11,118,82,50
2026-10-06 00:01,402,362,27,13,live,102,11,122,88,50
2026-10-06 00:02,433,376,27,13,live,102,11,123,101,50
2026-10-06 00:04,437,380,27,13,live,102,11,127,101,50
2026-10-06 00:05,438,381,28,13,live,102,11,128,101,50
2026-10-06 00:07,443,386,28,13,live,102,11,133,101,50
2026-10-06 00:08,443,386,28,14,live,102,11,133,101,50
2026-10-06 00:10,448,391,29,14,live,102,11,138,101,50
2026-10-06 00:13,451,394,29,14,live,102,11,141,101,50
2026-10-06 00:14,453,396,29,14,live,102,11,143,101,50
2026-10-06 00:17,457,400,29,14,live,102,11,147,101,50
2026-10-06 00:18,458,401,29,14,live,102,11,148,101,50
2026-10-06 00:20,464,407,29,14,live,102,11,154,101,50
2026-10-06 00:23,469,412,29,14,live,102,11,159,101,50
2026-10-06 00:26,470,413,29,14,live,102,11,160,101,50
2026-10-06 00:29,476,419,29,14,live,102,11,166,101,50
2026-10-06 00:30,478,421,29,14,live,102,11,168,101,50
2026-10-06 00:31,480,423,29,14,live,102,11,170,101,50
2026-10-06 00:36,484,427,29,14,live,102,11,174,101,50
2026-10-06 00:37,485,428,29,14,live,102,11,175,101,50
2026-10-06 00:40,489,432,29,14,live,102,11,179,101,50
2026-10-06 00:41,491,434,29,14,live,102,11,181,101,50
2026-10-06 00:44,494,437,30,14,live,102,11,184,101,50
2026-10-06 00:45,495,438,30,14,live,102,11,185,101,50
2026-10-06 00:46,496,439,30,14,live,102,11,186,101,50
2026-10-06 00:47,497,440,30,14,live,102,11,187,101,50
2026-10-06 00:49,501,444,30,14,live,102,11,191,101,50
2026-10-06 00:50,503,446,30,14,live,102,11,193,101,50
2026-10-06 00:51,505,448,30,14,live,102,11,195,101,50
2026-10-06 09:57,508,451,32,14,live,102,11,195,101,53
2026-10-06 09:58,515,457,32,14,live,102,11,200,101,54
2026-10-06 09:59,520,460,31,15,live,102,12,203,101,54
2026-10-06 10:00,523,462,30,16,live,102,13,205,101,54
2026-10-06 10:01,534,472,36,18,live,102,14,207,103,60
2026-10-06 10:02,568,506,36,17,live,102,14,207,137,60
2026-10-06 10:03,598,530,36,17,live,102,14,209,161,60
2026-10-06 10:04,606,538,36,17,live,102,14,211,167,60
2026-10-06 10:05,614,540,35,19,live,102,15,213,172,60
2026-10-06 10:06,619,543,34,21,live,102,17,216,172,60
2026-10-06 10:07,641,564,37,21,live,102,17,218,172,79
2026-10-06 10:08,671,593,42,21,live,102,17,220,172,106
2026-10-06 10:09,710,625,50,22,live,102,18,221,176,133
2026-10-06 10:10,716,630,50,24,live,102,19,223,176,136
2026-10-06 10:11,728,639,49,26,live,102,21,225,184,136
2026-10-06 10:12,750,655,49,26,live,102,21,227,201,136
2026-10-06 10:13,776,674,49,26,live,102,21,229,215,139
2026-10-06 10:14,803,691,49,27,live,102,22,231,230,139
2026-10-06 10:15,855,730,47,29,live,102,24,233,268,139
2026-10-06 10:16,911,780,47,29,live,102,24,234,318,139
2026-10-06 10:17,816,712,46,30,live,102,25,235,243,139
2026-10-06 10:18,842,730,43,31,live,102,25,236,263,139
2026-10-06 10:19,872,756,43,33,live,102,27,237,289,139
2026-10-06 10:20,903,786,43,33,live,102,27,240,316,139
2026-10-06 10:21,932,810,43,34,live,102,28,241,341,139
2026-10-06 10:22,961,838,45,34,live,102,28,243,368,139
2026-10-06 10:23,979,852,48,35,live,102,29,244,383,139
2026-10-06 10:24,1013,879,50,35,live,102,29,245,413,139
2026-10-06 10:25,1066,926,62,36,live,102,30,247,461,139
2026-10-06 10:26,1088,944,64,38,live,102,31,250,476,139
2026-10-06 10:27,1089,945,64,38,live,102,31,251,476,139
2026-10-06 10:28,1092,947,64,39,live,102,32,253,476,139
2026-10-06 10:29,1096,950,64,40,live,102,33,255,477,139
2026-10-06 10:30,1114,959,65,42,live,102,35,256,492,139
2026-10-06 10:31,1189,1020,67,44,live,102,37,257,552,139
2026-10-06 10:32,1207,1030,68,46,live,102,38,257,562,139
2026-10-06 10:33,1211,1033,68,48,live,102,39,260,562,139
2026-10-06 10:34,1243,1055,67,49,live,102,40,262,588,139
2026-10-06 10:35,1273,1080,76,50,live,102,41,263,612,139
2026-10-06 10:36,1309,1114,86,51,live,102,42,264,645,139
2026-10-06 10:37,1351,1154,88,52,live,102,43,266,683,139
2026-10-06 10:38,1372,1174,88,53,live,102,44,269,700,139
2026-10-06 10:39,1374,1175,88,55,live,102,45,270,700,139
2026-10-06 10:40,1515,1285,87,56,live,102,46,272,808,139
2026-10-06 10:41,1522,1288,88,57,live,102,47,273,812,139
2026-10-06 10:42,1540,1300,85,60,live,102,48,275,822,139
2026-10-06 10:43,1561,1320,84,61,live,102,49,277,840,139
2026-10-06 10:44,1583,1341,84,62,live,102,50,278,860,139
2026-10-06 10:45,1598,1356,85,62,live,102,50,279,874,139
2026-10-06 10:46,1604,1361,85,63,live,102,51,280,878,139
2026-10-06 10:47,1632,1384,85,68,live,102,56,282,899,139
2026-10-06 10:48,1656,1405,85,71,live,102,59,285,917,139
2026-10-06 10:49,1680,1425,85,75,live,102,63,287,935,139
2026-10-06 10:50,1709,1451,85,78,live,102,66,287,961,139
2026-10-06 10:51,1751,1489,85,82,live,102,70,290,997,139
2026-10-06 10:52,1793,1526,85,87,live,102,75,290,1033,139
2026-10-06 10:53,1825,1555,85,90,live,102,78,292,1060,139
2026-10-06 10:54,1851,1576,84,95,live,102,83,295,1078,139
2026-10-06 10:55,1903,1616,85,99,live,102,87,317,1098,139
2026-10-06 10:56,1911,1624,85,100,live,102,87,321,1102,139
2026-10-06 10:57,1921,1632,88,102,live,102,89,322,1109,139
2026-10-06 10:58,1924,1634,87,103,live,102,90,324,1109,139
2026-10-06 10:59,1943,1640,87,106,live,102,93,327,1113,139
2026-10-06 11:00,1989,1666,92,109,live,102,96,345,1113,139
2026-10-06 11:01,2028,1695,96,111,live,102,98,352,1113,139
2026-10-06 11:02,2068,1731,102,115,live,102,101,353,1127,139
2026-10-06 11:03,2115,1775,104,117,live,102,103,355,1147,139
2026-10-06 11:04,2153,1810,102,120,live,102,106,358,1168,139
2026-10-06 11:05,2199,1835,99,124,live,102,110,358,1189,139
2026-10-06 11:06,2255,1870,96,127,live,102,113,370,1210,139
2026-10-06 11:07,2306,1911,94,130,live,102,116,391,1230,139
2026-10-06 11:08,2380,1959,95,132,live,102,118,412,1250,139
2026-10-06 11:09,2412,1991,96,132,live,102,118,425,1269,139
2026-10-06 11:10,2427,1996,95,133,live,102,119,430,1269,139
2026-10-06 11:11,2449,2011,93,136,live,102,122,445,1269,139
2026-10-06 11:12,2455,2013,92,140,live,102,126,447,1269,139
2026-10-06 11:13,2464,2021,93,142,live,102,127,450,1274,139
2026-10-06 11:14,2477,2033,92,143,live,102,128,452,1284,139
2026-10-06 11:15,2498,2053,92,144,live,102,129,455,1301,139
2026-10-06 11:16,2521,2073,92,147,live,102,132,457,1319,139
2026-10-06 11:17,2574,2100,92,148,live,102,133,457,1336,139
2026-10-06 11:18,2647,2140,91,150,live,102,135,459,1354,139
2026-10-06 11:19,2701,2180,91,151,live,102,136,459,1373,139
2026-10-06 11:20,2806,2238,90,152,live,102,137,478,1391,139
2026-10-06 11:21,2864,2288,86,158,live,102,142,497,1424,139
2026-10-06 11:22,2884,2307,86,159,live,102,142,498,1443,139
2026-10-06 11:23,2902,2324,86,159,live,102,142,498,1460,139
2026-10-06 11:24,2945,2365,86,161,live,102,144,500,1499,139
2026-10-06 11:25,3008,2405,89,166,live,102,148,519,1520,139
2026-10-06 11:26,3061,2446,90,167,live,102,149,536,1546,139
2026-10-06 11:27,3663,3047,90,168,live,102,150,536,2147,139
2026-10-06 11:28,3670,3052,92,170,live,102,152,541,2147,139
2026-10-06 11:29,3691,3066,92,171,live,102,153,544,2164,139
2026-10-06 11:30,3697,3066,92,173,live,102,155,544,2164,139
2026-10-06 11:31,3704,3072,92,174,live,102,156,548,2166,139
2026-10-06 11:32,3716,3082,92,176,live,102,157,556,2168,139
2026-10-06 11:33,3754,3105,93,177,live,102,158,584,2168,139
2026-10-06 11:34,3791,3124,93,179,live,102,160,611,2168,139
2026-10-06 11:35,3816,3139,93,180,live,102,161,632,2168,139
2026-10-06 11:36,3821,3143,93,181,live,102,162,636,2168,139
2026-10-06 11:37,3825,3146,93,182,live,102,163,637,2170,139
2026-10-06 11:38,3831,3150,93,184,live,102,165,641,2170,139
2026-10-06 11:39,3835,3153,93,185,live,102,166,644,2170,139
2026-10-06 11:40,3837,3154,93,186,live,102,167,645,2170,139
2026-10-06 11:41,3856,3163,93,189,live,102,169,652,2172,139
2026-10-06 11:42,3909,3183,93,191,live,102,171,677,2172,139
2026-10-06 11:43,3951,3205,93,192,live,102,172,703,2172,139
2026-10-06 11:44,3998,3233,93,193,live,102,173,725,2180,139
2026-10-06 11:45,4025,3259,93,194,live,102,174,727,2204,139
2026-10-06 11:46,4050,3281,94,196,live,102,176,727,2226,139
2026-10-06 11:47,4071,3301,95,197,live,102,177,729,2244,139
2026-10-06 11:48,4073,3299,95,198,live,102,178,730,2244,139
2026-10-06 11:49,4077,3302,95,199,live,102,179,733,2244,139
2026-10-06 11:50,4082,3305,96,201,live,102,181,735,2245,139
2026-10-06 11:51,4264,3324,96,203,live,102,315,737,2273,139
2026-10-06 11:52,4379,3346,97,204,live,102,352,737,2299,139
2026-10-06 11:53,4416,3369,100,205,live,102,404,739,2320,139
2026-10-06 11:54,4445,3395,102,205,live,102,404,742,2344,139
2026-10-06 11:55,4494,3438,104,206,live,102,405,763,2366,139
2026-10-06 11:56,4631,3468,104,207,live,102,509,784,2375,139
2026-10-06 11:57,4694,3490,104,209,live,102,547,806,2375,139
2026-10-06 11:58,4800,3593,116,211,live,102,548,827,2458,139
2026-10-06 11:59,4975,3616,117,212,live,102,699,848,2460,139
2026-10-06 12:00,5013,3652,117,214,live,102,701,864,2480,139
2026-10-06 12:01,5163,3672,117,215,live,102,831,865,2499,139
2026-10-06 12:02,5206,3714,117,217,live,102,832,868,2538,139
2026-10-06 12:03,5232,3737,117,220,live,102,833,869,2561,139
2026-10-06 12:04,5356,3759,117,223,live,102,893,871,2580,139
2026-10-06 12:05,5562,3794,117,226,live,102,1062,871,2615,139
2026-10-06 12:06,5699,3825,118,229,live,102,1133,890,2628,139
2026-10-06 12:07,5727,3849,118,233,live,102,1135,910,2631,139
2026-10-06 12:08,5754,3872,122,237,live,102,1135,931,2634,139
2026-10-06 12:09,5847,3907,127,240,live,102,1165,952,2649,139
2026-10-06 12:10,5873,3930,127,244,live,102,1165,974,2649,139
2026-10-06 12:11,5907,3949,127,245,live,102,1173,993,2649,139
2026-10-06 12:12,5909,3951,127,245,live,102,1173,995,2649,139
2026-10-06 12:13,5912,3954,127,245,live,102,1173,998,2649,139
2026-10-06 12:14,5951,3993,127,245,live,102,1173,999,2687,139
2026-10-06 12:15,5983,4025,127,245,live,102,1173,1001,2717,139
2026-10-06 12:16,5993,4035,128,246,live,102,1173,1003,2725,139
2026-10-06 12:17,6182,4052,129,246,live,102,1321,1003,2742,139
2026-10-06 12:18,6412,4057,130,246,live,102,1543,1007,2743,139
2026-10-06 12:19,6417,4062,130,246,live,102,1543,1008,2747,139
2026-10-06 12:20,6422,4067,131,246,live,102,1543,1010,2750,139
2026-10-06 12:21,6500,4067,131,246,live,102,1621,1010,2750,139
2026-10-06 12:22,6503,4070,131,246,live,102,1621,1010,2753,139
2026-10-06 12:23,6511,4071,131,246,live,102,1628,1010,2754,139
2026-10-06 12:24,6552,4071,131,246,live,102,1669,1010,2754,139
2026-10-06 12:25,6570,4071,131,246,live,102,1687,1010,2754,139
2026-10-06 12:26,6587,4071,131,246,live,102,1704,1010,2754,139
2026-10-06 12:27,6607,4071,131,246,live,102,1724,1010,2754,139
2026-10-06 12:28,6633,4073,131,246,live,102,1743,1010,2761,139
2026-10-06 12:29,6674,4096,131,246,live,102,1761,1010,2784,139
2026-10-06 12:30,6714,4118,134,246,live,102,1779,1010,2806,139
2026-10-06 12:31,6755,4140,138,246,live,102,1797,1010,2829,139
2026-10-06 12:32,6794,4161,139,246,live,102,1815,1010,2850,139
2026-10-06 12:33,6824,4173,142,246,live,102,1833,1010,2862,139
2026-10-06 12:34,6842,4173,142,246,live,102,1851,1010,2862,139
2026-10-06 12:35,6859,4173,142,246,live,102,1869,1010,2862,139
2026-10-06 12:36,6877,4173,142,246,live,102,1886,1010,2862,139
2026-10-06 12:37,6895,4173,142,246,live,102,1904,1010,2862,139
2026-10-06 12:38,6913,4173,142,246,live,102,1922,1010,2862,139
2026-10-06 12:39,6932,4173,142,246,live,102,1941,1010,2862,139
2026-10-06 12:40,6951,4173,142,246,live,102,1960,1010,2862,139
2026-10-06 12:41,6971,4173,142,246,live,102,1980,1010,2862,139
2026-10-06 12:43,6988,4173,142,246,live,102,1998,1010,2862,139
2026-10-06 12:44,7007,4173,142,246,live,102,2016,1010,2862,139
2026-10-06 12:45,7026,4173,142,246,live,102,2035,1010,2862,139
2026-10-06 12:46,7044,4173,142,246,live,102,2053,1010,2862,139
2026-10-06 12:47,7062,4173,142,246,live,102,2071,1010,2862,139
2026-10-06 12:48,7080,4173,142,246,live,102,2089,1010,2862,139
2026-10-06 12:49,7098,4173,142,246,live,102,2107,1010,2862,139
2026-10-06 12:50,7116,4173,142,246,live,102,2125,1010,2862,139
2026-10-06 12:51,7133,4173,142,246,live,102,2142,1010,2862,139
2026-10-06 12:52,7151,4173,142,246,live,102,2160,1010,2862,139
2026-10-06 12:53,7169,4173,142,246,live,102,2178,1010,2862,139
2026-10-06 12:54,7187,4173,142,246,live,102,2196,1010,2862,139
2026-10-06 12:55,7205,4173,142,246,live,102,2214,1010,2862,139
2026-10-06 12:56,7223,4173,142,246,live,102,2232,1010,2862,139
2026-10-06 13:36,7223,4173,141,246,live,102,2232,1010,2862,139
