chalet_id,image_count,image_dir,found_via,date_checked
skiline-chalet-o-valala,5,chalets/images/skiline-chalet-o-valala/,enrich-images,2026-10-06
skiline-chalet-de-lours-apartments,5,chalets/images/skiline-chalet-de-lours-apartments/,enrich-images,2026-10-06
skiline-les-chalets-de-solaise-ski-apartments,5,chalets/images/skiline-les-chalets-de-solaise-ski-apartments/,enrich-images,2026-10-06
skiline-residence-chalet-skadi,5,chalets/images/skiline-residence-chalet-skadi/,enrich-images,2026-10-06
allchalets-apartment-39735,1,chalets/images/allchalets-apartment-39735/,enrich-images,2026-10-06
allchalets-chalet-46938,1,chalets/images/allchalets-chalet-46938/,enrich-images,2026-10-06
allchalets-chalet-46939,1,chalets/images/allchalets-chalet-46939/,enrich-images,2026-10-06
allchalets-chalet-46940,1,chalets/images/allchalets-chalet-46940/,enrich-images,2026-10-06
allchalets-chalet-63169,1,chalets/images/allchalets-chalet-63169/,enrich-images,2026-10-06
allchalets-chalet-de-louis,1,chalets/images/allchalets-chalet-de-louis/,enrich-images,2026-10-06
allchalets-chalet-de-sarenne,1,chalets/images/allchalets-chalet-de-sarenne/,enrich-images,2026-10-06
allchalets-chalet-23413,1,chalets/images/allchalets-chalet-23413/,enrich-images,2026-10-06
allchalets-chalet-l-hermine,1,chalets/images/allchalets-chalet-l-hermine/,enrich-images,2026-10-06
allchalets-apartment-39145,1,chalets/images/allchalets-apartment-39145/,enrich-images,2026-10-06
allchalets-apartment-47976,1,chalets/images/allchalets-apartment-47976/,enrich-images,2026-10-06
alpe-d-huez-houses-alpe-forever,5,chalets/images/alpe-d-huez-houses-alpe-forever/,enrich-images,2026-10-06
alpe-d-huez-houses-alpema-1-am-125-002-10,5,chalets/images/alpe-d-huez-houses-alpema-1-am-125-002-10/,enrich-images,2026-10-06
alpe-d-huez-houses-aramis,5,chalets/images/alpe-d-huez-houses-aramis/,enrich-images,2026-10-06
alpedhuez-ot-chalet-alpe-two-6-pieces,5,chalets/images/alpedhuez-ot-chalet-alpe-two-6-pieces/,enrich-images,2026-10-06
alpedhuez-ot-chalet-alpe-one,5,chalets/images/alpedhuez-ot-chalet-alpe-one/,enrich-images,2026-10-06
cimalpes-chalet-hameau-de-clotaire-b22,5,chalets/images/cimalpes-chalet-hameau-de-clotaire-b22/,enrich-images,2026-10-06
alpe-d-huez-houses-chalet-sequoia,5,chalets/images/alpe-d-huez-houses-chalet-sequoia/,enrich-images,2026-10-06
alpedhuez-ot-chalet-cheval-blanc,5,chalets/images/alpedhuez-ot-chalet-cheval-blanc/,enrich-images,2026-10-06
alpe-d-huez-houses-chalet-delta,5,chalets/images/alpe-d-huez-houses-chalet-delta/,enrich-images,2026-10-06
alpe-d-huez-houses-chalet-justine,5,chalets/images/alpe-d-huez-houses-chalet-justine/,enrich-images,2026-10-06
alpedhuez-ot-chalet-la-source,5,chalets/images/alpedhuez-ot-chalet-la-source/,enrich-images,2026-10-06
alpe-d-huez-houses-chez-arthur,5,chalets/images/alpe-d-huez-houses-chez-arthur/,enrich-images,2026-10-06
alpe-d-huez-houses-chez-gaston,5,chalets/images/alpe-d-huez-houses-chez-gaston/,enrich-images,2026-10-06
cimalpes-duplex-chalet-du-golf-a303,5,chalets/images/cimalpes-duplex-chalet-du-golf-a303/,enrich-images,2026-10-06
alpimo-eden,5,chalets/images/alpimo-eden/,enrich-images,2026-10-06
cimalpes-fermes-de-l-alpe-c401,5,chalets/images/cimalpes-fermes-de-l-alpe-c401/,enrich-images,2026-10-06
cimalpes-fermes-de-l-alpe-d206,5,chalets/images/cimalpes-fermes-de-l-alpe-d206/,enrich-images,2026-10-06
cimalpes-fermes-de-l-alpe-d303,5,chalets/images/cimalpes-fermes-de-l-alpe-d303/,enrich-images,2026-10-06
alpe-d-huez-houses-friandise,5,chalets/images/alpe-d-huez-houses-friandise/,enrich-images,2026-10-06
alpedhuez-ot-gite-le-grand-renaud,5,chalets/images/alpedhuez-ot-gite-le-grand-renaud/,enrich-images,2026-10-06
cimalpes-l-echappee-a502,5,chalets/images/cimalpes-l-echappee-a502/,enrich-images,2026-10-06
cimalpes-la-belle-aurore-a307,5,chalets/images/cimalpes-la-belle-aurore-a307/,enrich-images,2026-10-06
cimalpes-la-belle-aurore-a401,5,chalets/images/cimalpes-la-belle-aurore-a401/,enrich-images,2026-10-06
alpedhuez-ot-le-kaila-601,5,chalets/images/alpedhuez-ot-le-kaila-601/,enrich-images,2026-10-06
alpe-d-huez-houses-le-president,5,chalets/images/alpe-d-huez-houses-le-president/,enrich-images,2026-10-06
alpimo-majestic-i,5,chalets/images/alpimo-majestic-i/,enrich-images,2026-10-06
maeva-majestic-i,5,chalets/images/maeva-majestic-i/,enrich-images,2026-10-06
alpedhuez-ot-marmottes-residence-geode,5,chalets/images/alpedhuez-ot-marmottes-residence-geode/,enrich-images,2026-10-06
alpedhuez-ot-meije,5,chalets/images/alpedhuez-ot-meije/,enrich-images,2026-10-06
alpimo-paradis-c,5,chalets/images/alpimo-paradis-c/,enrich-images,2026-10-06
cimalpes-parenthese-a02,5,chalets/images/cimalpes-parenthese-a02/,enrich-images,2026-10-06
cimalpes-parenthese-a32,5,chalets/images/cimalpes-parenthese-a32/,enrich-images,2026-10-06
cimalpes-parenthese-a33,5,chalets/images/cimalpes-parenthese-a33/,enrich-images,2026-10-06
alpissimmo-phoenix-a23,5,chalets/images/alpissimmo-phoenix-a23/,enrich-images,2026-10-06
alpissimmo-phoenix-a34,5,chalets/images/alpissimmo-phoenix-a34/,enrich-images,2026-10-06
alpissimmo-phoenix-a42,5,chalets/images/alpissimmo-phoenix-a42/,enrich-images,2026-10-06
alpissimmo-phoenix-a43,5,chalets/images/alpissimmo-phoenix-a43/,enrich-images,2026-10-06
alpissimmo-phoenix-a54,5,chalets/images/alpissimmo-phoenix-a54/,enrich-images,2026-10-06
alpissimmo-phoenix-b41,5,chalets/images/alpissimmo-phoenix-b41/,enrich-images,2026-10-06
alpedhuez-ot-phoenix-c32,5,chalets/images/alpedhuez-ot-phoenix-c32/,enrich-images,2026-10-06
alpedhuez-ot-phoenix-c33-34,5,chalets/images/alpedhuez-ot-phoenix-c33-34/,enrich-images,2026-10-06
maeva-parenthese-2059713,5,chalets/images/maeva-parenthese-2059713/,enrich-images,2026-10-06
maeva-parenthese-1734551,5,chalets/images/maeva-parenthese-1734551/,enrich-images,2026-10-06
alpe-d-huez-houses-penthouse-1860,5,chalets/images/alpe-d-huez-houses-penthouse-1860/,enrich-images,2026-10-06
maeva-phoenix-a-1601111,5,chalets/images/maeva-phoenix-a-1601111/,enrich-images,2026-10-06
maeva-phoenix-a-1261371,5,chalets/images/maeva-phoenix-a-1261371/,enrich-images,2026-10-06
maeva-phoenix-a-1322671,5,chalets/images/maeva-phoenix-a-1322671/,enrich-images,2026-10-06
maeva-phoenix-a-1261351,5,chalets/images/maeva-phoenix-a-1261351/,enrich-images,2026-10-06
maeva-phoenix-b-1322661,5,chalets/images/maeva-phoenix-b-1322661/,enrich-images,2026-10-06
maeva-phoenix-b-1261361,5,chalets/images/maeva-phoenix-b-1261361/,enrich-images,2026-10-06
maeva-phoenix-c-2474623,5,chalets/images/maeva-phoenix-c-2474623/,enrich-images,2026-10-06
maeva-phoenix-c-1588351,5,chalets/images/maeva-phoenix-c-1588351/,enrich-images,2026-10-06
maeva-phoenix-c-1577011,5,chalets/images/maeva-phoenix-c-1577011/,enrich-images,2026-10-06
maeva-phoenix-c-1261381,5,chalets/images/maeva-phoenix-c-1261381/,enrich-images,2026-10-06
maeva-prestige-odalys-674164,4,chalets/images/maeva-prestige-odalys-674164/,enrich-images,2026-10-06
maeva-prestige-odalys-674174,5,chalets/images/maeva-prestige-odalys-674174/,enrich-images,2026-10-06
maeva-prestige-odalys-674184,5,chalets/images/maeva-prestige-odalys-674184/,enrich-images,2026-10-06
maeva-prestige-odalys-674194,5,chalets/images/maeva-prestige-odalys-674194/,enrich-images,2026-10-06
alpe-d-huez-houses-rebeque,5,chalets/images/alpe-d-huez-houses-rebeque/,enrich-images,2026-10-06
maeva-res-de-l-oisans,5,chalets/images/maeva-res-de-l-oisans/,enrich-images,2026-10-06
maeva-residence-choucas,5,chalets/images/maeva-residence-choucas/,enrich-images,2026-10-06
maeva-residence-citriere,5,chalets/images/maeva-residence-citriere/,enrich-images,2026-10-06
alpedhuez-ot-residence-daria-i-nor-by-les-etincelles,5,chalets/images/alpedhuez-ot-residence-daria-i-nor-by-les-etincelles/,enrich-images,2026-10-06
maeva-residence-dome,5,chalets/images/maeva-residence-dome/,enrich-images,2026-10-06
maeva-residence-menandiere,5,chalets/images/maeva-residence-menandiere/,enrich-images,2026-10-06
maeva-residence-paradis-c,5,chalets/images/maeva-residence-paradis-c/,enrich-images,2026-10-06
maeva-residence-sarenne,5,chalets/images/maeva-residence-sarenne/,enrich-images,2026-10-06
maeva-terresens-la-perle-d-alba,1,chalets/images/maeva-terresens-la-perle-d-alba/,enrich-images,2026-10-06
maeva-val-d-ys,5,chalets/images/maeva-val-d-ys/,enrich-images,2026-10-06
alpe-d-huez-houses-chalet-gustave-et-marguerite,5,chalets/images/alpe-d-huez-houses-chalet-gustave-et-marguerite/,enrich-images,2026-10-06
alpedhuez-ot-chalet-des-grangettes,5,chalets/images/alpedhuez-ot-chalet-des-grangettes/,enrich-images,2026-10-06
alpedhuez-ot-chalet-l-ancolie,5,chalets/images/alpedhuez-ot-chalet-l-ancolie/,enrich-images,2026-10-06
