chalet_id,field,old_value,new_value,source_url,evidence,date
allchalets-chalet-des-neiges-v,operator,unknown (owner/agency listing on allChalets),private advertiser on allChalets (enquiry contact: Martin Bright),https://www.allchalets.com/holiday-rentals/23957-apartment-in-tignes-les-boisses-france/enquiry,Enquiry page: 'Contact details for Apartment 23957 Name: Martin Bright Spoken languages: English',2026-10-05
tignesreservation-chalet-banksy-tribute,board,,self-catered,https://booking.tignes.net/chalet-banksy-tribute-tignes-les-brevieres-1550-avp001.html,"Type: Individual chalet; open-plan kitchen; INCLUDED SERVICES: WIFI, bedlinen, final cleaning, slippers, VIP welcome (champagne), visit, daily cleaning, bathrobes, private shuttle - no meals or chef mentioned anywhere on page",2026-10-05
tignesreservation-chalet-banksy-tribute,changeover_day,,Saturday,https://booking.tignes.net/chalet-banksy-tribute-tignes-les-brevieres-1550-avp001.html,Availability grid weeks 'S12 From Saturday 20 March to Saturday 27 March',2026-10-05
tignesreservation-chalet-banksy-tribute,price_includes,,"wifi, linen, final+daily cleaning, VIP welcome, private shuttle",https://booking.tignes.net/chalet-banksy-tribute-tignes-les-brevieres-1550-avp001.html,INCLUDED SERVICES section,2026-10-05
allchalets-chalet-eagle,catering_detail,,half board with chef (optional),https://www.allchalets.com/holiday-rentals/40318-apartment-in-tignes-les-brevieres-france,description: can be booked on a self catered or catered half board basis with our great chef,2026-10-05
allchalets-chalet-eagle,changeover_day,,Saturday,https://www.allchalets.com/holiday-rentals/40318-apartment-in-tignes-les-brevieres-france,"allChalets calendar: check-in flag only on Saturdays (6,13,20,27 Mar 2027)",2026-10-05
allchalets-chalet-eagle,operator,unknown (owner/agency listing on allChalets),private advertiser (contact Martin Bright),https://www.allchalets.com/holiday-rentals/40318-apartment-in-tignes-les-brevieres-france,enquiry page: Contact details for Apartment 40318 Name: Martin Bright,2026-10-05
chardons-chalet-hattiers-apartment-1,hot_tub,unknown,none,https://www.chaletchardons.com/ski-chalet-france/chalet-hattiers-apartment-1/,"Chardons apt 1 page (description, highlights, what's included) and Chalet Hattiers long-stay page mention no hot tub; Coeur des Brévières page by contrast highlights 'Hot Tub & Sauna'; allChalets 27276 facilities: Wi-Fi, Cot Available only; meals in Chalet Hattiers dining room, which is a separate building from Coeur des Brévières (exterior photos differ)",2026-10-05
chardons-chalet-hattiers-apartment-1,sauna,unknown,no,https://www.chaletchardons.com/ski-chalet-france/chalet-hattiers-apartment-1/,same evidence as hot_tub: no sauna mentioned for Chalet Hattiers on Chardons or allChalets,2026-10-05
chardons-chalet-hattiers-apartment-1,changeover_day,,Saturday,https://www.chaletchardons.com/ski-chalet-france/chalet-hattiers-apartment-1/,Live calendar weeks start Sat 9/16/23/30 Jan ... 20 Mar 2027 (Sun in Dec),2026-10-05
chardons-chalet-hattiers-apartment-2,hot_tub,unknown,none,https://www.chaletchardons.com/ski-chalet-france/chalet-hattiers-apartment-2/,"Chardons apt 2 page and Chalet Hattiers long-stay page mention no hot tub (Coeur des Brévières page explicitly does); allChalets 2742 facilities: Wi-Fi, Cot Available only; meals in Chalet Hattiers dining room - separate building from Coeur des Brévières",2026-10-05
chardons-chalet-hattiers-apartment-2,sauna,unknown,no,https://www.chaletchardons.com/ski-chalet-france/chalet-hattiers-apartment-2/,no sauna mentioned for Chalet Hattiers on Chardons or allChalets,2026-10-05
chardons-chalet-hattiers-apartment-2,changeover_day,,Saturday,https://www.chaletchardons.com/ski-chalet-france/chalet-hattiers-apartment-2/,Live calendar weeks start Saturdays from Jan (6/13/20/27 Mar 2027),2026-10-05
chardons-chalet-hattiers-apartment-2,notes,Rooms Available,20 Mar: Partially Available,https://www.chaletchardons.com/ski-chalet-france/chalet-hattiers-apartment-2/,"Live calendar: '20 Mar 2027 7 days €4,200 Partially Available' (legend: Available / Partially available / Full)",2026-10-05
allchalets-chalet-tignes-v,operator,unknown (owner/agency listing on allChalets),private advertiser (contact Martin Bright),https://www.allchalets.com/holiday-rentals/41917-chalet-in-tignes-les-brevieres-france/enquiry,Enquiry page: Contact details for Chalet 41917 Name: Martin Bright,2026-10-05
allchalets-chalet-tignes-v,catering_detail,,"catered, part-catered or self-catered",https://www.allchalets.com/holiday-rentals/41917-chalet-in-tignes-les-brevieres-france,"description: offered on a catered or part catered basis, as well as self catered",2026-10-05
allchalets-chalet-tignes-v,price_includes,,"linen, towels, slippers, firewood, wifi, parking",https://www.allchalets.com/holiday-rentals/41917-chalet-in-tignes-les-brevieres-france,"description: includes bed sheets, towels and slippers... Firewood (20 logs)... complimentary Wifi and a covered parking space",2026-10-05
heidi-hotel-club-mmv-les-brevieres,operator,MMV (sold via Heidi),MMV,https://www.mmv-holidays.co.uk/destinations/northern-french-alps/tignes/holiday-village-brevieres-winter,MMV's own site page 'Les Brévières' Village Club,2026-10-05
heidi-hotel-club-mmv-les-brevieres,property_type,,hotel,https://www.mmv-holidays.co.uk/destinations/northern-french-alps/tignes/holiday-village-brevieres-winter,'Full-board rooms... MMV Village Club'; accommodation = bedrooms for 2/3 and connecting suites,2026-10-05
heidi-hotel-club-mmv-les-brevieres,hot_tub,unknown,none,https://www.mmv-holidays.co.uk/destinations/northern-french-alps/tignes/holiday-village-brevieres-winter,"Wellness section lists only 'Kaire treatment rooms' (massages, cosmetic treatments) and fitness classes; no pool, jacuzzi, hot tub or sauna anywhere on page",2026-10-05
heidi-hotel-club-mmv-les-brevieres,sauna,unknown,no,https://www.mmv-holidays.co.uk/destinations/northern-french-alps/tignes/holiday-village-brevieres-winter,same as hot_tub: no sauna in facilities/wellness,2026-10-05
heidi-hotel-club-mmv-les-brevieres,price_week_20_27_mar_2027,,821 EUR pp,https://www.mmv-holidays.co.uk/checkout?propertyId=16&campaignCode=A27&startDate=2027-03-20&endDate=2027-03-27&baseProduct=PBNR,"Checkout 20/03/27-27/03/27: Bedroom for 2 ppl. €1,820 -> €1,642.48, 1 bedroom 7 nights, full board (=821.24 pp)",2026-10-05
heidi-hotel-club-mmv-les-brevieres,available_20_27_mar,unknown,no,https://www.mmv-holidays.co.uk/checkout?propertyId=16&campaignCode=A27&startDate=2027-03-20&endDate=2027-03-27&baseProduct=PBNR,Checkout: 'Bedroom for 2 ppl ... Only 1 left'; Bedroom for 3 ppl and all 4/5-person suites 'Not available for your dates' (also for 21-28 Mar),2026-10-05
heidi-hotel-club-mmv-les-brevieres,price_range_low,,633 EUR pp,https://www.mmv-holidays.co.uk/,Homepage card: 'Tignes Les Brévières Les Brévières From €633.08 for 7 nights',2026-10-05
heidi-hotel-club-mmv-les-brevieres,changeover_day,,flexible,https://www.mmv-holidays.co.uk/api/possible-departure/2027-03-20?ids%5B%5D=16,"API returns stays of 6,7,8,14,21 nights from both 20 and 21 Mar arrivals",2026-10-05
heidi-hotel-club-mmv-les-brevieres,image_count,0,5,https://www.mmv-holidays.co.uk/destinations/northern-french-alps/tignes/holiday-village-brevieres-winter,"5 images saved from MMV page (exterior, village, rooms)",2026-10-05
heidi-hotel-club-mmv-les-brevieres,catering_detail,,full board,https://www.mmv-holidays.co.uk/destinations/northern-french-alps/tignes/holiday-village-brevieres-winter,"Equipments & services: Full board; Catering: Breakfast, Lunch & Dinner, Gourmet snack, Bar",2026-10-05
seetignes-chalet-les-melezes,operator,unknown (listed on See Tignes),MountainSun (See Tignes advertiser),https://www.seetignes.com/chalets/les-melezes-chalet-les-brevieres-674590,"page JSON: ""mb_account"":{""id_account"":15772,""nm_account"":""MountainSun""}",2026-10-05
seetignes-chalet-les-melezes,same_as,,NOT chalet-auberge-les-melezes (Heidi),https://www.booking.com/hotel/fr/chalet-auberge-les-melezes.en-gb.html,"See Tignes pin 45.508111,6.920158 vs Booking.com Chalet Auberge Les Mélèzes pin 45.495606,6.922968 (Chemin des Boisses, Les Boisses) - ~1.4 km apart, different advertiser",2026-10-05
alpine365-chalet-chamois,same_as,,not les3vallees product-31030 (Chalet Chamois 3),https://reservation.les3vallees.com/en/product-31030-chalet-chamois-3-apartment-5-rooms-8-persons,"That listing is a 88m2 duplex apartment for 8, Rue des Balcons, Val Thorens 73440 (Haut Val Thorens, ref CHAM3, coords 45.30003,6.58018) - different resort/area from Les Coches (Paradiski); from EUR4,269/week",2026-10-05
alpine365-chalet-chamois,same_as,,not alpine365-chalet-pisteside,https://alpine365.co.uk/our-chalets/chalet-pisteside/,Same sleeps/bed/bath but saved photos show different buildings and interiors; allChalets Chamois advert lists Pisteside as an alternative,2026-10-05
alpine365-chalet-chamois,notes,,no current letting found,https://www.allchalets.com/holiday-rentals/9609-chalet-in-les-coches-france,Description: 'ALPINE365 NO LONGER RUNS CHALET CHAMOIS AS A CATERED CHALET'; no rates; enquiry contact Toorna Salmon (Alpine365); not found on Booking.com Les Coches search 20-27 Mar 2027 (9 results),2026-10-05
allchalets-24443,operator,,private advertiser (Scott Allen),https://www.allchalets.com/holiday-rentals/24443-chalet-in-les-menuires-france/enquiry,Enquiry page: Contact details for Chalet 24443 - Name: scott allen,2026-10-05
allchalets-24443,hot_tub,yes-type-unknown,private (location not stated),https://www.allchalets.com/holiday-rentals/24443-chalet-in-les-menuires-france,Exclusive whole-chalet rental (sleeps 10) with Jacuzzi/Hot Tub in facilities; listing photo shows a 6+ seat jets spa; location (indoor/outdoor) not stated,2026-10-05
allchalets-chalet-pierre,operator,,private advertiser (Martin Bright),https://www.allchalets.com/holiday-rentals/28430-apartment-in-les-menuires-france/enquiry,Enquiry page: Contact details for Apartment 28430 - Name: Martin Bright,2026-10-05
lesmenuires-chalet-gabrielle-mnchgabrielle,operator,Agence des Belleville,Chalet Vithos (Scott & Sophie) via Agence des Belleville / Holidu,https://chaletvithos.com/chalet-gabrielle/,"chaletvithos.com lists Chalet Vithos, Delphine and Gabrielle in Les Bruyères run by hosts Scott & Sophie; Airbnb host Holidu, reviews name Scott",2026-10-06
lesmenuires-chalet-gabrielle-mnchgabrielle,price_week_20_27_mar_2027,,13743 GBP whole-chalet (21-28 Mar),https://www.airbnb.co.uk/rooms/1430388934647293267?check_in=2027-03-21&check_out=2027-03-28&adults=10,"Airbnb 6 Oct 2026: '£13,743 total' check-in 21/03/2027 checkout 28/03/2027, 10 guests; 20-27 Mar 'Those dates are not available'",2026-10-06
lesmenuires-chalet-gabrielle-mnchgabrielle,price_type,quote-needed,exact-week,https://www.airbnb.co.uk/rooms/1430388934647293267?check_in=2027-03-21&check_out=2027-03-28&adults=10,see price,2026-10-06
lesmenuires-chalet-gabrielle-mnchgabrielle,price_currency,EUR,GBP,https://www.airbnb.co.uk/rooms/1430388934647293267?check_in=2027-03-21&check_out=2027-03-28&adults=10,Airbnb GBP total,2026-10-06
lesmenuires-chalet-gabrielle-mnchgabrielle,catering_detail,"breakfast, afternoon tea, dinner 6 days/7","half board included in rental (breakfast, afternoon tea, canapés, 4-course dinner + wine pairing)",https://www.airbnb.co.uk/rooms/1430388934647293267?check_in=2027-03-21&check_out=2027-03-28&adults=10,"Airbnb description: 'WINTER ONLY: Full breakfast, homemade afternoon tea, children's dinner, canapés, 4-course gourmet meal and wine pairings included... Full board 6 days a week... available for an extra fee'",2026-10-06
crystal-hotel-bucaneve,board,,breakfast-only,https://www.bucanevehotel.it/en/hotel/,'THE BREAKFAST BUFFET ... INCLUDED IN THE B&B SERVICE'; restaurant offers an à la carte menu,2026-10-06
crystal-hotel-bucaneve,bedrooms,,20,https://www.bucanevehotel.it/en/,'The twenty rooms available at Hotel Bucaneve in Cervinia',2026-10-06
crystal-hotel-bucaneve,sauna,,yes,https://www.bucanevehotel.it/en/Wellness-Centre/,Swimming pool with adjoining Jacuzzi. The Saunas World (Finnish Sauna...),2026-10-06
crystal-hotel-europa,hot_tub,,shared,https://www.booking.com/hotel/it/europa-breuil-cervinia.en-gb.html,"'The hotel also features a small fitness centre and facilities such as swimming pool, sauna and hot tub.'",2026-10-06
crystal-hotel-europa,property_type,,hotel,https://www.booking.com/hotel/it/europa-breuil-cervinia.en-gb.html,Booking.com hotel listing,2026-10-06
crystal-hotel-excelsior-planet,price_week_20_27_mar_2027,,1732 GBP pp half board,https://www.booking.com/hotel/it/excelsior-planet.en-gb.html?checkin=2027-03-20&checkout=2027-03-27&group_adults=10&no_rooms=5,"Junior Suite max 3 persons 'Breakfast & dinner included' £5,197 for 1 week",2026-10-06
crystal-hotel-excelsior-planet,board,,half-board,https://www.booking.com/hotel/it/excelsior-planet.en-gb.html?checkin=2027-03-20&checkout=2027-03-27&group_adults=10&no_rooms=5,rates 'Breakfast & dinner included' offered alongside B&B,2026-10-06
crystal-hotel-excelsior-planet,hot_tub,,none,https://www.booking.com/hotel/it/excelsior-planet.en-gb.html?checkin=2027-03-20&checkout=2027-03-27&group_adults=10&no_rooms=5,"wellness area: 'a sauna, a Turkish bath and a small, indoor heated pool' - no hot tub",2026-10-06
crystal-hotel-excelsior-planet,available_20_27_mar,,yes,https://www.booking.com/hotel/it/excelsior-planet.en-gb.html?checkin=2027-03-20&checkout=2027-03-27&group_adults=10&no_rooms=5,suites bookable 20-27 Mar 2027,2026-10-06
crystal-hotel-furggen,board,,breakfast-only,https://hotelfurggen.com/,'Tutte le mattine viene servita la colazione al buffet'; evening bistrot menu,2026-10-06
crystal-hotel-furggen,bedrooms,,35,https://hotelfurggen.com/en/rooms.html,'35 standard rooms ... as well as one larger room',2026-10-06
crystal-hotel-furggen,price_week_20_27_mar_2027,,EUR1505 per double room 21-28 Mar,"https://www.simplebooking.it/ibe2/hotel/10208?lang=EN&cur=EUR&in=2027-03-20&out=2027-03-27&guests=A,A","'Mar 21 - Mar 28 7 Nights Available Starting from €1,505'; 20 Mar check-in not possible",2026-10-06
crystal-hotel-furggen,hot_tub,,none,https://hotelfurggen.com/,no spa/wellness on site,2026-10-06
alpineanswers-hotel-hermitage,price_week_20_27_mar_2027,,2020 GBP pp room only,https://www.booking.com/hotel/it/hermitage-breuil-cervinia.en-gb.html?checkin=2027-03-20&checkout=2027-03-27&group_adults=10&no_rooms=5,"Double Room 'We have 1 left' £4,040 Guests: 2 adults, Breakfast £34 (optional)",2026-10-06
alpineanswers-hotel-hermitage,available_20_27_mar,,yes,https://www.booking.com/hotel/it/hermitage-breuil-cervinia.en-gb.html?checkin=2027-03-20&checkout=2027-03-27&group_adults=10&no_rooms=5,rooms bookable for 20-27 Mar 2027,2026-10-06
alpineanswers-hotel-hermitage,board,,breakfast-only,https://www.booking.com/hotel/it/hermitage-breuil-cervinia.en-gb.html?checkin=2027-03-20&checkout=2027-03-27&group_adults=10&no_rooms=5,rates room-only with optional breakfast; no half-board rate shown,2026-10-06
crystal-hotel-mon-reve,board,,breakfast-only,https://www.booking.com/hotel/it/mon-reve.en-gb.html,"name 'Hotel Meublé' (B&B, no restaurant); reviews mention good breakfast",2026-10-06
crystal-hotel-mon-reve,hot_tub,,shared,https://www.booking.com/hotel/it/mon-reve.en-gb.html,"'Additional amenities include a hot tub, spa bath, and solarium.'",2026-10-06
crystal-hotel-petit-palais,hot_tub,,none,https://www.booking.com/hotel/it/petit-palsis.en-gb.html,"Booking description/facilities: restaurant, fitness centre, sun terrace, bar, outdoor fireplace - no hot tub/spa",2026-10-06
arabbait-active-hotel-malita,price_range_low,,68 EUR pp/night,https://www.hotelmalita.it/,Camera Doppia Economy: 'a notte da € 68 a persona (al massimo € 268 a persona)',2026-10-06
arabbait-alpenrose-s,price_week_20_27_mar_2027,,1075 GBP pp HB,https://www.booking.com/hotel/it/alpenrose-arabba-livinallongo-del-col-di-lana.en-gb.html?checkin=2027-03-20&checkout=2027-03-27&group_adults=10&no_rooms=5,"Double room 2 adults 'Breakfast & dinner included' £2,150, free cancellation before 15 March 2027",2026-10-06
arabbait-alpenrose-s,available_20_27_mar,unknown,yes,https://www.booking.com/hotel/it/alpenrose-arabba-livinallongo-del-col-di-lana.en-gb.html?checkin=2027-03-20&checkout=2027-03-27&group_adults=10&no_rooms=5,rooms bookable 20-27 Mar 2027,2026-10-06
arabbait-alpenrose-s,hot_tub,,shared,https://www.booking.com/hotel/it/alpenrose-arabba-livinallongo-del-col-di-lana.en-gb.html?checkin=2027-03-20&checkout=2027-03-27&group_adults=10&no_rooms=5,"'A sauna, hot tub and Turkish bath are found in the wellness centre.'",2026-10-06
arabbait-alpenrose-dipendenza,operator,,Hotel Alpenrose (Delmonego family),https://www.arabba.it/en/facilities-gastronomy/accommodation/alpenrose-dipendenza/38-154.html,annex listing uses info@alpenrosearabba.it; own site 'THE DELMONEGOS RECOMMEND',2026-10-06
arabbait-chalet-aria,sleeps_max,,17 (4 flats: 4+5+4+4),https://be.bookingexpert.it/book/home/single?layout=10019135&lang=en&currency=EUR,flats 101-104 'Max 4 guests' / 102 'Max 5 guests'; own site 'only 4 flats ... up to 4 people',2026-10-06
arabbait-chalet-aria,board,,self-catered,https://chaletaria.it/en/,fully equipped kitchens; breakfast optional extra,2026-10-06
arabbait-chalet-aria,sauna,unknown,yes,https://chaletaria.it/en/,'Each flat in the Chalet Aria is equipped with a private sauna',2026-10-06
arabbait-chalet-aria,hot_tub,unknown,none,https://chaletaria.it/en/,no hot tub mentioned on site,2026-10-06
arabbait-pensione-sport,price_week_20_27_mar_2027,,516 GBP pp B&B (twin),https://www.booking.com/hotel/it/albergo-pensione-sport.en-gb.html?checkin=2027-03-20&checkout=2027-03-27,"Twin Room Max persons 2 £1,031, Breakfast included, We have 2 left",2026-10-06
arabbait-pordoi,hot_tub,unknown,none,https://www.hotelpordoi.it/it,wellness centre in Dependance 'con sauna e bagno turco' only,2026-10-06
arabbait-pordoi,distance_to_lift_m,,150,https://www.hotelpordoi.it/it,'A 150 metri dagli impianti di risalita',2026-10-06
allchalets-chalet-hotel-le-dome,operator,unknown (owner/agency listing on allChalets),Chalet-Hotel Le Dôme (owner Christian Chartron),https://www.allchalets.com/holiday-rentals/23634-hotel-in-tignes-les-boisses-france/enquiry,'Contact details for Hotel 23634 Name: Christian CHARTRON'; own site hotel-ledome-tignes.com,2026-10-06
crystal-hotel-white-angel,price_week_20_27_mar_2027,,2528 GBP pp HB,https://www.booking.com/hotel/it/white-angel.en-gb.html?checkin=2027-03-20&checkout=2027-03-27&group_adults=10&no_rooms=5,"Basic Triple Room Guests: 3 adults 'Breakfast & dinner included' £7,584",2026-10-06
crystal-hotel-white-angel,hot_tub,,shared,https://www.booking.com/hotel/it/white-angel.en-gb.html?checkin=2027-03-20&checkout=2027-03-27&group_adults=10&no_rooms=5,facilities: 'Hot tub Additional charge',2026-10-06
crystal-hotel-white-angel,available_20_27_mar,,yes,https://www.booking.com/hotel/it/white-angel.en-gb.html?checkin=2027-03-20&checkout=2027-03-27&group_adults=10&no_rooms=5,rooms bookable,2026-10-06
crystal-sertorelli-sport-hotel,price_week_20_27_mar_2027,,1716 GBP pp B&B,https://www.booking.com/hotel/it/sertorelli-sporthotel.en-gb.html?checkin=2027-03-20&checkout=2027-03-27&group_adults=10&no_rooms=5,"double room 2 adults 'Very good breakfast included' £3,433; 10 adults search 5x Superior Double/Twin £17,163",2026-10-06
crystal-sertorelli-sport-hotel,available_20_27_mar,,yes,https://www.booking.com/hotel/it/sertorelli-sporthotel.en-gb.html?checkin=2027-03-20&checkout=2027-03-27&group_adults=10&no_rooms=5,rooms bookable,2026-10-06
crystal-valtur-cervinia-cristallo-ski-resort-4-star,price_week_20_27_mar_2027,,2166 GBP pp HB,https://www.booking.com/hotel/it/valtur-cervinia-cristallo-ski-resort-breuil-cervinia.en-gb.html?checkin=2027-03-20&checkout=2027-03-27&group_adults=10&no_rooms=5,"Room Guests: 2 adults 'Breakfast & dinner included' £4,333",2026-10-06
crystal-valtur-cervinia-cristallo-ski-resort-4-star,hot_tub,,shared,https://www.booking.com/hotel/it/valtur-cervinia-cristallo-ski-resort-breuil-cervinia.en-gb.html?checkin=2027-03-20&checkout=2027-03-27&group_adults=10&no_rooms=5,"'The spa and wellness centre features a hot tub, steam room...'",2026-10-06
crystal-valtur-cervinia-cristallo-ski-resort-4-star,available_20_27_mar,,yes,https://www.booking.com/hotel/it/valtur-cervinia-cristallo-ski-resort-breuil-cervinia.en-gb.html?checkin=2027-03-20&checkout=2027-03-27&group_adults=10&no_rooms=5,rooms bookable,2026-10-06
crystal-valtur-cervinia-cristallo-ski-resort-5-star,price_week_20_27_mar_2027,,2166 GBP pp HB,https://www.booking.com/hotel/it/valtur-cervinia-cristallo-ski-resort-breuil-cervinia.en-gb.html?checkin=2027-03-20&checkout=2027-03-27&group_adults=10&no_rooms=5,"Room Guests: 2 adults 'Breakfast & dinner included' £4,333",2026-10-06
crystal-valtur-cervinia-cristallo-ski-resort-5-star,hot_tub,,shared,https://www.booking.com/hotel/it/valtur-cervinia-cristallo-ski-resort-breuil-cervinia.en-gb.html?checkin=2027-03-20&checkout=2027-03-27&group_adults=10&no_rooms=5,"'The spa and wellness centre features a hot tub, steam room...'",2026-10-06
crystal-valtur-cervinia-cristallo-ski-resort-5-star,available_20_27_mar,,yes,https://www.booking.com/hotel/it/valtur-cervinia-cristallo-ski-resort-breuil-cervinia.en-gb.html?checkin=2027-03-20&checkout=2027-03-27&group_adults=10&no_rooms=5,rooms bookable,2026-10-06
arabbait-al-forte-s,price_week_20_27_mar_2027,,748 GBP pp HB,https://www.booking.com/hotel/it/festungshotel-al-forte.en-gb.html?checkin=2027-03-20&checkout=2027-03-27&group_adults=10&no_rooms=5,"Double or Twin Room with Balcony, 2 adults, 'Breakfast & dinner included' £1,496; 'We have 2 left'",2026-10-06
arabbait-al-forte-s,available_20_27_mar,unknown,"yes (2 rooms, max 6 people)",https://www.booking.com/hotel/it/festungshotel-al-forte.en-gb.html?checkin=2027-03-20&checkout=2027-03-27&group_adults=10&no_rooms=5,only 2 rooms left on Booking.com,2026-10-06
arabbait-albergo-ristoro-lezuo,price_week_20_27_mar_2027,,630 EUR pp HB,https://www.ristorolezuo.it/en/rates-arabba/winter-rates-in-arabba.html,"'20.03.27 - 26.03.27 HB € 90,00 **' - 'All the rates are per person and day, minimum 7 days'",2026-10-06
arabbait-albergo-ristoro-lezuo,bedrooms,,7,https://www.ristorolezuo.it/en/,'The 7 rooms of the Hotel',2026-10-06
arabbait-albergo-ristoro-lezuo,hot_tub,unknown,none,https://www.ristorolezuo.it/en/,no wellness/hot tub on site,2026-10-06
arabbait-cesa-padon,price_week_20_27_mar_2027,,875 EUR pp HB,https://cesa-padon.it/en/prices-hotel-arabba,price table period 20/03/2027-29/03/2027 Room Standard '1 person half board € 125.00' per day,2026-10-06
hotel-marmolada-corvara,price_week_20_27_mar_2027,,1990 GBP pp HB,https://www.booking.com/hotel/it/marmolada.en-gb.html?checkin=2027-03-20&checkout=2027-03-27&group_adults=10&no_rooms=5,"Private suite max 4 'Breakfast & dinner included' £7,958",2026-10-06
hotel-marmolada-corvara,available_20_27_mar,,yes,https://www.booking.com/hotel/it/marmolada.en-gb.html?checkin=2027-03-20&checkout=2027-03-27&group_adults=10&no_rooms=5,suites bookable,2026-10-06
arabbait-portavescovo,price_week_20_27_mar_2027,,697 GBP pp HB (quad for 4),https://www.booking.com/hotel/it/portavescovo.en-gb.html?checkin=2027-03-20&checkout=2027-03-27&group_adults=10&no_rooms=5,"Quadruple Room Guests: 4 adults 'Breakfast & dinner included' £2,789; 'We have 3 left'",2026-10-06
arabbait-portavescovo,available_20_27_mar,unknown,yes,https://www.booking.com/hotel/it/portavescovo.en-gb.html?checkin=2027-03-20&checkout=2027-03-27&group_adults=10&no_rooms=5,3 quadruple rooms left,2026-10-06
arabbait-portavescovo,hot_tub,none,shared,https://www.booking.com/hotel/it/portavescovo.en-gb.html?checkin=2027-03-20&checkout=2027-03-27&group_adults=10&no_rooms=5,"'access to the hot tub is also permitted to children under 16'; facilities list Hot tub, Sauna, Steam room",2026-10-06
hotel-col-alto-corvara,price_week_20_27_mar_2027,,1557 GBP pp B&B,https://www.booking.com/hotel/it/col-alto.en-gb.html?checkin=2027-03-20&checkout=2027-03-27&group_adults=10&no_rooms=5,"Room for 2 'Exceptional breakfast included' £3,114, 'We have 6 left'",2026-10-06
hotel-col-alto-corvara,board,,breakfast-only,https://www.booking.com/hotel/it/col-alto.en-gb.html?checkin=2027-03-20&checkout=2027-03-27&group_adults=10&no_rooms=5,only B&B rates offered,2026-10-06
hotel-la-perla-corvara,available_20_27_mar,,no,https://www.booking.com/hotel/it/la-perla-corvara-in-badia.en-gb.html?checkin=2027-03-20&checkout=2027-03-27&group_adults=10&no_rooms=5,"'no availability' for 7 nights; only 4-night alternatives e.g. '20 Mar - 24 Mar 4 nights From £23,616'",2026-10-06
hotel-sassongher-corvara,price_week_20_27_mar_2027,,1236 GBP pp HB,https://www.booking.com/hotel/it/sassongher.en-gb.html?checkin=2027-03-20&checkout=2027-03-27&group_adults=10&no_rooms=5,"Room Guests: 4 adults 'Breakfast & dinner included' £4,946",2026-10-06
hotel-sassongher-corvara,available_20_27_mar,,yes,https://www.booking.com/hotel/it/sassongher.en-gb.html?checkin=2027-03-20&checkout=2027-03-27&group_adults=10&no_rooms=5,rooms bookable,2026-10-06
hotel-sassongher-corvara,hot_tub,,shared,https://www.booking.com/hotel/it/sassongher.en-gb.html?checkin=2027-03-20&checkout=2027-03-27&group_adults=10&no_rooms=5,"facilities: Open-air bath, Hammam, Hot tub, Sauna",2026-10-06
hotel-table-corvara,price_week_20_27_mar_2027,,1044 GBP pp HB,https://www.booking.com/hotel/it/tabla.en-gb.html?checkin=2027-03-20&checkout=2027-03-27&group_adults=10&no_rooms=5,"Room 2 adults 'Breakfast & dinner included' £2,088",2026-10-06
hotel-table-corvara,board,,half-board,https://www.booking.com/hotel/it/tabla.en-gb.html?checkin=2027-03-20&checkout=2027-03-27&group_adults=10&no_rooms=5,all rates 'Breakfast & dinner included',2026-10-06
hotel-table-corvara,available_20_27_mar,,yes,https://www.booking.com/hotel/it/tabla.en-gb.html?checkin=2027-03-20&checkout=2027-03-27&group_adults=10&no_rooms=5,rooms bookable,2026-10-06
allchalets-chalet-14844,operator,,private owner (Laure Brisson),https://www.allchalets.com/holiday-rentals/14844-chalet-in-st-gervais-france/enquiry,'Contact details for Chalet 14844 Name: Laure BRISSON',2026-10-06
simplyvaldisere-chalet-bonne-neige,hot_tub,unknown,none,https://www.simplyvaldisere.com/accom/la-daille-le-cret/chalet-bonne-neige-8,"Facilities: Steam room, heated boot warmers, open fire, wifi - no hot tub",2026-10-06
simplyvaldisere-chalet-bonne-neige,price_range_low,,999 GBP pp (incl flights),https://www.simplyvaldisere.com/accom/la-daille-le-cret/chalet-bonne-neige-8,"'Prices from £999 - £2,249 per person. Sunday - Sunday'",2026-10-06
simplyvaldisere-chalet-bonne-neige,bedrooms,,4,https://www.simplyvaldisere.com/accom/la-daille-le-cret/chalet-bonne-neige-8,Rooms 1-4 listed,2026-10-06
msemstg-chalet-hotel-des-2-gares-12394,board,,breakfast-only,https://www.hotel2gares.com/fr/equipements/,"services list: petit-déjeuner, bar lounge - no restaurant",2026-10-06
msemstg-chalet-hotel-des-2-gares-12394,hot_tub,,none,https://www.hotel2gares.com/fr/equipements/,'Espace bien-être PISCINE & SAUNA' only,2026-10-06
msemstg-hotel-cur-des-neiges-17513,bedrooms,,15,https://hotelcoeurdesneiges.com/fr/,'l'hôtel 3 étoiles Le Cœur des Neiges dispose de 15 chambres',2026-10-06
msemstg-hotel-cur-des-neiges-17513,board,,breakfast-only,https://hotelcoeurdesneiges.com/fr/,breakfast buffet; services list 'Restaurants à proximité',2026-10-06
fresh-tracks-l-etendard,sleeps_max,,10,https://www.fresh-tracks.co.uk/fresh-tracks-chalet-letendard,'Chalet L'Etendard can sleep 10 adults ( 5 bedrooms)',2026-10-06
fresh-tracks-l-etendard,board,,catered,https://www.fresh-tracks.co.uk/ourfood,"'Our catered ski breaks are inclusive of breakfast, afternoon tea, a three course evening meal and house wine'",2026-10-06
fresh-tracks-l-etendard,hot_tub,,none,https://www.fresh-tracks.co.uk/fresh-tracks-chalet-letendard,"no hot tub on chalet, gallery or booking pages",2026-10-06
seetignes-annina,operator,,probably Skiworld,https://www.seetignes.com/chalets/annina-chalet-le-lac-lavachet-717138,photo credits '© Skiworld ISL' x6,2026-10-06
seetignes-annina,board,,catered,https://www.seetignes.com/chalets/annina-chalet-le-lac-lavachet-717138,'Chalet staff live out.',2026-10-06
independent-ski-links-grande-motte,board,,catered,https://www.ski-links.com/property/989/la-grande-motte.htm?page_number=2,'For six days of the week our chalet staff ... prepare all your meals',2026-10-06
independent-ski-links-grande-motte,operator,,Esprit Ski,https://www.ski-links.com/property/989/la-grande-motte.htm?page_number=2,'children 3-12 years will be supervised by Esprit staff',2026-10-06
msemstg-la-feline-blanche-7038,board,,breakfast-only,https://www.lafelineblanche.com/,'La Féline Blanche est un hôtel avec petit déjeuner inclus',2026-10-06
msemstg-la-feline-blanche-7038,hot_tub,,none,https://www.lafelineblanche.com/,no spa/wellness mentioned,2026-10-06
fresh-tracks-le-lauteret,sleeps_max,,8,https://www.fresh-tracks.co.uk/fresh-tracks-chalet-letendard,'Chalet Le Lauteret can sleep 8 adults (4 bedrooms)',2026-10-06
fresh-tracks-le-lauteret,board,,catered,https://www.fresh-tracks.co.uk/ourfood,"catered breaks incl. breakfast, afternoon tea, 3-course dinner, house wine",2026-10-06
msemstg-refuge-chez-la-tante-mont-d-arbois-206775,price_week_20_27_mar_2027,,2487 EUR pp,https://www.saintgervais.com/reserver-mon-sejour/hebergement/,MSEM offers API 20-27 Mar 2027: 2 adults EUR4974.6 incl. tourist tax,2026-10-06
fresh-tracks-the-loft,sleeps_max,,6,https://www.fresh-tracks.co.uk/fresh-tracks-chalet-letendard,'The Loft with three bedrooms and two bathrooms ... Sleeps 6 in L'Etendard',2026-10-06
fresh-tracks-the-snug,sleeps_max,,4,https://www.fresh-tracks.co.uk/fresh-tracks-chalet-letendard,'The snug with two bedrooms and a shared bathroom ... Sleeps 4',2026-10-06
maeva-alpe-2000,hot_tub,,none,https://accommodation.alpedhuez.com/accommodation/residence-alpe-2000-alpe-2000-apt-214/,"Equipments & services: Animals not allowed, Balcony, Car park, Cooked, Dishes and cutlery, Dishwasher, Elevator, Freezer, Fridge, Heating, Microwave oven, Oven, Ski locker, Television",2026-10-06
maeva-bergers,hot_tub,,none,https://accommodation.alpedhuez.com/accommodation/residence-bergers-p-and-v-residence-les-bergers-p-and-v-apt-707/,"Equipments & services: Animals not allowed, Balcony, Cooked, Cooking plate, Dishes and cutlery, Dishwasher, Eco-host in the future, Elevator, Fridge, Heating, Microwave oven, Television",2026-10-06
alpedhuez-ot-chalet-eau-vive-a,hot_tub,,none,https://accommodation.alpedhuez.com/accommodation/chalet-l-eau-vive-apt-a/,"Equipments & services: Bedlinen hire (paid option), Cleaning with supplement (paid option), 1 shower room, 140 cm bed, 2 shower rooms, Baby bath, Baby bed, Baby chair, Baby equipment, Bath, Bed 90 cm, Bed cover, Board games, Car park, Cheese f",2026-10-06
alpedhuez-ot-chalet-eau-vive-b,hot_tub,,none,https://accommodation.alpedhuez.com/accommodation/chalet-l-eau-vive-apt-b/,"Equipments & services: Bedlinen hire (paid option), Cleaning with supplement (paid option), 140 cm bed, Baby bath, Baby bed, Baby chair, Bed 90 cm, Bed cover, Board games, Coffee machine, DVD player, Dishwasher, Double glazing, Fireplace / Woo",2026-10-06
alpedhuez-ot-chalet-eau-vive-c,hot_tub,,none,https://accommodation.alpedhuez.com/accommodation/chalet-l-eau-vive-apt-c/,"Equipments & services: Bedlinen hire (paid option), Cleaning with supplement (paid option), 140 cm bed, Baby bath, Baby bed, Baby chair, Bed 90 cm, Bed cover, Cheese fondue set, Coffee machine, DVD player, Dishwasher, Double glazing, Hair drye",2026-10-06
sothebys-chalet-elysia,hot_tub,,none,https://www.alpedhuez-2alpes-sothebysrealty.com/en/our-properties/ref-ah2-076/rental-chalet-l-alpe-d-huez-5-rooms-4-bedrooms-38750/,"full description lists fireplace, terrace, garage - no hot tub/sauna",2026-10-06
sothebys-chalet-elysia,price_range_low,,2940 EUR/week,https://www.alpedhuez-2alpes-sothebysrealty.com/en/our-properties/ref-ah2-076/rental-chalet-l-alpe-d-huez-5-rooms-4-bedrooms-38750/,"'From 2,940 € to 8,750 € / week'",2026-10-06
sothebys-chalet-kosy,hot_tub,,none,https://www.alpedhuez-2alpes-sothebysrealty.com/en/our-properties/ref-ah2-079/rental-chalet-l-alpe-d-huez-7-rooms-5-bedrooms-38750/,description has no hot tub/sauna/pool,2026-10-06
sothebys-chalet-kosy,price_range_low,,6930 EUR/week,https://www.alpedhuez-2alpes-sothebysrealty.com/en/our-properties/ref-ah2-079/rental-chalet-l-alpe-d-huez-7-rooms-5-bedrooms-38750/,"'From 6,930 € to 20,125 € / week'",2026-10-06
maeva-chalet-les-coteaux-de-l-altiport,hot_tub,,yes-type-unknown,https://accommodation.alpedhuez.com/accommodation/residence-les-coteaux-de-l-altiport-ii-chalet-haut-de-gamme-sur-les-pistes-de-ski/,"Equipments & services: Animals not allowed, Balcony, Car park, Cooked, Dishes and cutlery, Dishwasher, Elevator, Fireplace, Fridge, Hair dryer, Heating, Hot tub, Microwave oven, Ski locker, Smoke detector, Spa, Television, Terrace, Washing mac",2026-10-06
maeva-chalet-les-quirlies,hot_tub,,none,https://accommodation.alpedhuez.com/accommodation/ah16-les-quirlies-sublime-chalet-familial-chalets-pour-9-personnes/,"Equipments & services: Coffee maker, Dishes and cutlery, Dishwasher, Fridge, Hair dryer, Heating, Internet access, Microwave oven, Napkins, Oven, Pets Allowed, Television, Terrace, Toaster, Vacuum cleaner, kettle",2026-10-06
maeva-chalet-marmotte,hot_tub,,yes-type-unknown,https://accommodation.alpedhuez.com/accommodation/chalet-marmotte-chalet-7-pieces-12-personnes/,"Equipments & services: Coffee maker, Cooked, Cooking plate, Dishwasher, Fireplace, Freezer, Fridge, Garage, Microwave oven, Oven, Private hot tub, Sauna, Terrace, Toaster, Wireless, kettle",2026-10-06
maeva-chalet-odalys-le-vieux-logis,hot_tub,,none,https://accommodation.alpedhuez.com/accommodation/chalet-odalys-le-vieux-logis-chalet-8-chambres-15-personnes/,"Equipments & services: Animals not allowed, Coffee maker, Cooking plate, Fireplace, Freezer, Fridge, Microwave oven, Oven, Raclette machine, Sauna, Terrace, Washing machine, clothes dryer",2026-10-06
maeva-chalet-odalys-melusine,hot_tub,,yes-type-unknown,https://accommodation.alpedhuez.com/accommodation/chalet-odalys-melusine-chalet-7-chambres-14-personnes/,"Equipments & services: Bedding, Beds made on arrival, Coffee maker, Cooked, Cooking plate, Final Cleaning, Freezer, Fridge, Garage, Oven, Private hot tub, Raclette machine, Sauna, Ski locker, Television, Terrace, Toaster, Triplex, Washing mach",2026-10-06
maeva-chalet-pic-bayle,hot_tub,,none,https://accommodation.alpedhuez.com/accommodation/chalet-pic-bayle-chalet-pic-bayle/,"Equipments & services: Animals not allowed, Balcony, Cooked, Cooking plate, Dishes and cutlery, Dishwasher, Eco-host in the future, Freezer, Fridge, Heating, Microwave oven, Television, Washing machine, Wireless, clothes dryer",2026-10-06
alpedhuez-ot-chamois-residence-geode,hot_tub,,none,https://accommodation.alpedhuez.com/accommodation/chamois-chalet-geode/,"Equipments & services: 3 shower rooms, Baby bed, Baby chair, Bed 160 cm, Bed cover, Beds made on arrival, Board games, Car park, Central heating, Ceramic hob, Close to owner, Coffee machine, Coffee maker, Dishwasher, Double glazing, Free WiFi ",2026-10-06
maeva-commodore,hot_tub,,none,https://accommodation.alpedhuez.com/accommodation/residence-commodore-appartement-commodore-227/,"Equipments & services: Animals not allowed, Balcony, Coffee maker, Cooked, Dishes and cutlery, Dishwasher, Elevator, Fondue machine, Fridge, Hair dryer, Heating, Ironing board and iron, Microwave oven, Oven, Raclette machine, Ski locker, Smoke",2026-10-06
maeva-commodore,bedrooms,,1,https://accommodation.alpedhuez.com/accommodation/residence-commodore-appartement-commodore-227/,1 bedroom,2026-10-06
cimalpes-duplex-chalet-du-golf-a301,hot_tub,,yes-type-unknown,https://accommodation.alpedhuez.com/accommodation/duplex-de-127m-8-a/,"Equipments & services: Adapté aux familles/enfants, Animaux refusés, Ascenseur, Baignoire ou douche, Balcon / Terrasse, Casier à skis, Chambre 1 - Lit double, Chambre 2 - Lit double, Chambre 3 - Lit double, Chambre 4 - Lit double, Cintres, Con",2026-10-06
maeva-daria-i-nor-817504,hot_tub,,none,https://accommodation.alpedhuez.com/accommodation/residence-daria-i-nor-appartement-5-pieces-8-personnes/,"Equipments & services: Balcony, Bathroom, Beds made on arrival, Coffee maker, Cooked, Cooking plate, Dishes and cutlery, Dishwasher, Final Cleaning, Fridge, Hair dryer, Microwave oven, Safe, Television, Toaster, Towels, Wireless, kettle",2026-10-06
maeva-daria-i-nor-817514,hot_tub,,none,https://accommodation.alpedhuez.com/accommodation/residence-daria-i-nor-appartement-5-pieces-duplex-8-personnes-avec-sauna-prive/,"Equipments & services: Balcony, Bathroom, Beds made on arrival, Coffee maker, Cooked, Cooking plate, Dishes and cutlery, Dishwasher, Duplex, Final Cleaning, Fridge, Hair dryer, Microwave oven, Safe, Sauna, Toaster, Top of the line, Towels, Wir",2026-10-06
maeva-daria-i-nor-817524,hot_tub,,none,https://accommodation.alpedhuez.com/accommodation/residence-daria-i-nor-appartement-5-pieces-cabine-10-personnes-avec-sauna-prive/,"Equipments & services: Balcony, Bathroom, Cooked, Cooking plate, Dishes and cutlery, Dishwasher, Fridge, Hair dryer, Microwave oven, Sauna, Television, Toaster, Wireless, kettle",2026-10-06
maeva-daria-i-nor-817494,hot_tub,,none,https://accommodation.alpedhuez.com/accommodation/residence-daria-i-nor-appartement-4-pieces-cabine-8-personnes/,"Equipments & services: Balcony, Bathroom, Beds made on arrival, Coffee maker, Cooking plate, Dishes and cutlery, Dishwasher, Final Cleaning, Fridge, Hair dryer, Microwave oven, Safe, Television, Toaster, Towels, Wireless, kettle",2026-10-06
cimalpes-expression-b32,hot_tub,,none,https://accommodation.alpedhuez.com/accommodation/appartement-dans-nouvelle-residence-de-standing-1/,"Equipments & services: Adapté aux familles/enfants, Animaux refusés, Ascenseur, Baignoire, Baignoire ou douche, Balcon, Balcon / Terrasse, Casier à skis, Chambre 1 - Lit double, Chambre 2 - Lit double, Chambre 3 - Lit superposé, Chambre 4 - Li",2026-10-06
cimalpes-expression-b32,bedrooms,,1,https://accommodation.alpedhuez.com/accommodation/appartement-dans-nouvelle-residence-de-standing-1/,1 bedroom,2026-10-06
alpedhuez-ot-edelweiss-residence-geode,hot_tub,,none,https://accommodation.alpedhuez.com/accommodation/edelweiss-chalet-geode/,"Equipments & services: 3 shower rooms, American cooker, Baby chair, Bath, Bed cover, Beds made on arrival, Bunk beds, Car park, Central heating, Ceramic hob, Close to owner, Coffee machine, Coffee maker, Cooker hood, Dishwasher, Double glazing",2026-10-06
maeva-hameau-de-clotaire,hot_tub,,none,https://accommodation.alpedhuez.com/accommodation/residence-hameau-de-clotaire-appartement-ski-in-ski-out-avec-piscine/,"Equipments & services: Animals not allowed, Balcony, Car park, Coffee maker, Communal swimming pool, Cooked, Dishes and cutlery, Dishwasher, Elevator, Fridge, Heating, Microwave oven, Oven, Ski locker, Smoke detector, Television, Terrace, Toas",2026-10-06
maeva-horizon-1687251,hot_tub,,none,https://accommodation.alpedhuez.com/accommodation/residence-horizon-l-horizon-apt-a2/,"Equipments & services: Animals not allowed, Balcony, Car park, Cooked, Cooking plate, Dishes and cutlery, Dishwasher, Eco-host in the future, Fridge, Heating, Microwave oven, Ski locker, Television, Washing machine",2026-10-06
maeva-horizon-1663231,hot_tub,,none,https://accommodation.alpedhuez.com/accommodation/residence-horizon-l-horizon-apt-c3/,"Equipments & services: Animals not allowed, Balcony, Car park, Cooked, Cooking plate, Dishes and cutlery, Dishwasher, Eco-host in the future, Elevator, Heating, Microwave oven, Ski locker, Television",2026-10-06
maeva-horizon-1662121,hot_tub,,none,https://accommodation.alpedhuez.com/accommodation/residence-horizon-l-horizon-apt-a4/,"Equipments & services: Animals not allowed, Balcony, Car park, Cooked, Cooking plate, Dishes and cutlery, Dishwasher, Eco-host in the future, Elevator, Heating, Microwave oven, Oven, Ski locker, Television, Washing machine",2026-10-06
maeva-l-ours-blanc-355424,hot_tub,,none,https://accommodation.alpedhuez.com/accommodation/residence-l-ours-blanc-maeva-home-appartement-prestige-2-chambres-8-personnes/,"Equipments & services: Bedding (paid option), Final Cleaning (paid option), Cooked, Cooking plate, Dishes and cutlery, Fridge, Smoke detector",2026-10-06
maeva-l-ours-blanc-121612,hot_tub,,none,https://accommodation.alpedhuez.com/accommodation/residence-l-ours-blanc-maeva-home-appartement-3-pieces-coin-cabine-8-personnes-prestige/,"Equipments & services: Bedding (paid option), Final Cleaning (paid option), Pets Allowed (paid option), Coffee maker, Cooked, Cooking plate, Dishes and cutlery, Dishwasher, Fridge, Heating, Internet access, Microwave oven, Raclette machine, Te",2026-10-06
maeva-l-echappee,hot_tub,,none,https://accommodation.alpedhuez.com/accommodation/residence-l-echappee-residence-l-echappee-appartement-a502/,"Equipments & services: Animals not allowed, Balcony, Car park, Cooked, Dishes and cutlery, Dishwasher, Elevator, Heating, Ski locker, Television, Washing machine, Wireless, clothes dryer",2026-10-06
maeva-la-belle-aurore-2283573,hot_tub,,none,https://accommodation.alpedhuez.com/accommodation/residence-la-belle-aurore-residence-belle-aurore-espace-bien-etre-and-salle-de-sport-au-coeur-de-la-montagne/,"Equipments & services: Animals not allowed, Balcony, Car park, Cooked, Dishes and cutlery, Dishwasher, Elevator, Heating, Ski locker, Television",2026-10-06
maeva-la-belle-aurore-2218413,hot_tub,,none,https://accommodation.alpedhuez.com/accommodation/residence-la-belle-aurore-residence-la-belle-aurore-appartement-lbaa-307/,"Equipments & services: Animals not allowed, Balcony, Car park, Cooked, Dishes and cutlery, Dishwasher, Elevator, Heating, Ski locker, Television, Washing machine, Wireless",2026-10-06
alpedhuez-ot-le-bel-alpe,hot_tub,,none,https://accommodation.alpedhuez.com/accommodation/chamax-9/,"Equipments & services: 1 shower room, Bath, Bed 160 cm, Cheese fondue set, Cleaning/housekeeping at end of stay, Coffee machine, Cooker hood, Dishwasher, Double glazing, Fridge, Garage, Heating, Induction hob, Ironing facilities, Kettle, Micro",2026-10-06
maeva-les-chalets-du-golf-1251811,hot_tub,,none,https://accommodation.alpedhuez.com/accommodation/les-chalets-du-golf-duplex-de-125-8-a/,"Equipments & services: Animals not allowed, Balcony, Car park, Cooked, Dishes and cutlery, Dishwasher, Elevator, Fireplace, Heating, Microwave oven, Ski locker, Television, Top of the line, Washing machine, Wireless, clothes dryer",2026-10-06
maeva-les-chalets-du-golf-1993293,hot_tub,,none,https://accommodation.alpedhuez.com/accommodation/les-chalets-du-golf-duplex-de-127m-8-a/,"Equipments & services: Animals not allowed, Balcony, Car park, Cooked, Dishes and cutlery, Dishwasher, Elevator, Fridge, Heating, Microwave oven, Ski locker, Smoke detector, Television, Terrace, Wireless",2026-10-06
maeva-les-chalets-de-l-altiport-301,hot_tub,,none,https://accommodation.alpedhuez.com/accommodation/les-chalets-de-l-altiport-chalet-6-pieces-12-personnes/,"Equipments & services: Cooked, Cooking plate, Dishwasher, Fireplace, Fridge, Microwave oven, Oven, Sauna, Television, Terrace",2026-10-06
maeva-les-fermes-de-l-alpe-1576491,hot_tub,,none,https://accommodation.alpedhuez.com/accommodation/residence-les-fermes-de-l-alpe-bat-b-chalet-de-ville-en-duplex-neuf-proche-des-pistes/,"Equipments & services: Animals not allowed, Balcony, Car park, Coffee maker, Cooked, Dishes and cutlery, Dishwasher, Elevator, Fireplace, Fridge, Heating, Microwave oven, Oven, Ski locker, Smoke detector, Television, Towel dryer, WC, Washing m",2026-10-06
maeva-les-fermes-de-l-alpe-1153564,hot_tub,,none,https://accommodation.alpedhuez.com/accommodation/residence-les-fermes-de-l-alpe-bat-c-bel-appartement-neuf-proche-des-pistes-1/,"Equipments & services: Animals not allowed, Balcony, Car park, Cooked, Dishes and cutlery, Dishwasher, Elevator, Heating, Microwave oven, Ski locker, Television, Top of the line, Washing machine, Wireless, clothes dryer",2026-10-06
maeva-les-fermes-de-l-alpe-2010083,hot_tub,,none,https://accommodation.alpedhuez.com/accommodation/residence-les-fermes-de-l-alpe-bat-c-appartement-5-pieces-8-a-2-e/,"Equipments & services: Balcony, Car park, Coffee maker, Cooked, Dishes and cutlery, Dishwasher, Elevator, Fridge, Hair dryer, Heating, Ironing board and iron, Microwave oven, Oven, Pets Allowed, Raclette machine, Ski locker, Smoke detector, Te",2026-10-06
maeva-les-fermes-de-l-alpe-1199131,hot_tub,,none,https://accommodation.alpedhuez.com/accommodation/residence-les-fermes-de-l-alpe-bat-c-appartement-en-duplex-proche-des-pistes/,"Equipments & services: Animals not allowed, Balcony, Car park, Coffee maker, Cooked, Dishes and cutlery, Dishwasher, Fridge, Heating, Ironing board and iron, Microwave oven, Oven, Ski locker, Smoke detector, Television, Toaster, Top of the lin",2026-10-06
alpimo-marmottes,hot_tub,,none,https://accommodation.alpedhuez.com/accommodation/appartement-5-pieces-pour-10-personnes-d-environ-100m/,"Equipments & services: Balcony, Dishwasher, Microwave, Oven, Television",2026-10-06
leman-alpresort-portes-du-soleil-france-comfort-residences-de-vacances,board,,self-catered,https://www.leman-mountains-explore.com/offres/alpresort-portes-du-soleil-france-comfort-residences-de-vacances-la-chapelle-dabondance-fr-4793513/,'appartements ... de 4 à 10 lits sont entièrement équipés',2026-10-06
