chalet_id,chalet_name,operator,village,ski_area,country,sleeps_min,sleeps_max,bedrooms,bathrooms,board,catering_detail,hot_tub,sauna,other_facilities,distance_to_lift_m,ski_in_out,price_week_20_27_mar_2027,price_basis,price_currency,price_type,price_range_low,price_range_high,price_includes,available_20_27_mar,description,url,listed_on,found_via,image_count,image_dir,date_checked,notes
whitehorizon-chalet-alistelle,Chalet Alistelle,White Horizon Chalets,Tignes Les Brévières,Espace Killy,France,10,12,5,3,catered,"7x breakfast & afternoon tea (2 self-service), 5x 4-course dinners with wine, cheeseboard & coffee (hosts off Tue & Thu)",none,no,"log fire, snug, south-facing balconies, ski lockers with boot dryers at lifts, parking",150,unknown,,per-person,GBP,season-range,445,845,"7 nights accommodation + catering, linen/towels, ski lockers at lifts, local taxes (no travel)",no,"Traditional catered chalet in Les Brévières (1550m) with lake and mountain views, log fire and snug; 5 bedrooms for 10-12, 3 shower/bathrooms, 150m from lift.",https://www.whitehorizonchalets.co.uk/accommodation/chalet-alistelle/,White Horizon Chalets;Alpine Answers;allChalets;Tignes Spirit;ChaletFinder,pilot-tignes-brevieres,5,chalets/images/whitehorizon-chalet-alistelle/,2026-10-05,20-27 Mar 2027 FULLY BOOKED. Prices pp at 10 guests (sole use for 10 = £4450-£8450; 12 guests £408-£775pp). 13-20 Mar £595pp / £5950 sole use. No hot tub mentioned.
whitehorizon-chalet-arabette,Chalet Arabette,White Horizon Chalets,Tignes Les Brévières,Espace Killy,France,,12,6,6,catered,"7x breakfast & afternoon tea (2 self-service), 5x 4-course dinners with wine, cheeseboard & coffee (hosts off Tue & Thu)",private-outdoor,no,"log fire, second TV lounge with Xbox, heated boot warmers, ski lockers at lifts, parking",125,unknown,,per-person,GBP,season-range,573,756,"7 nights accommodation + catering, linen/towels, ski lockers at lifts, local taxes (no travel)",no,"Catered chalet in Les Brévières centre with outdoor hot tub on south-facing balcony, log fire and two lounges; 6 en-suite bedrooms for 12, 125m to lift.",https://www.whitehorizonchalets.co.uk/accommodation/chalet-arabette/,White Horizon Chalets;Alpine Answers;Tignes Spirit;See Tignes;ChaletFinder,pilot-tignes-brevieres,5,chalets/images/whitehorizon-chalet-arabette/,2026-10-05,20-27 Mar 2027 FULLY BOOKED (almost entire season booked). Prices pp at 12 guests; sole use £6875-£9075. Range only from weeks still showing prices.
whitehorizon-chalet-ibex,Chalet Ibex,White Horizon Chalets,Tignes Les Brévières,Espace Killy,France,,12,6,6,catered,"7x breakfast & afternoon tea (2 self-service), 5x 4-course dinners with wine, cheeseboard & coffee (hosts off Tue & Thu)",private-outdoor,no,"2nd-floor terrace hot tub, ski lockers with boot dryers at lifts, underground parking",175,unknown,665,per-person,GBP,exact-week,527,710,"7 nights accommodation + catering, linen/towels, ski lockers at lifts, local taxes (no travel)",yes,"Catered chalet in Les Brévières (1550m) with outdoor hot tub on terrace and views over village, lake and mountains; 6 en-suite bedrooms for 12, 175m to lift.",https://www.whitehorizonchalets.co.uk/accommodation/chalet-ibex/,White Horizon Chalets;Alpine Answers;ChaletFinder,pilot-tignes-brevieres,5,chalets/images/whitehorizon-chalet-ibex/,2026-10-05,"20-27 Mar 2027: £665pp at 12 guests = £7975 sole use (≈£798pp for 10). Per price list on chalet page (static, also live booking widget). Shares building/photos with Chalet Neus."
whitehorizon-chalet-la-sache,Chalet La Sache,White Horizon Chalets,Tignes Les Brévières,Espace Killy,France,12,16,6,6,catered,"7x breakfast & afternoon tea (2 self-service), 5x 4-course dinners with wine, cheeseboard & coffee (hosts off Tue & Thu)",private-outdoor,yes,"Finnish sauna, cold bucket shower, log fire, bathrobes, private parking (4), ski lockers at lifts",100,unknown,,per-person,GBP,season-range,725,1175,"7 nights accommodation + catering, linen/towels, ski lockers at lifts, local taxes (no travel)",no,"Premium catered chalet in Les Brévières with outdoor hot tub, Finnish sauna and log fire; 3 suites + 3 large bedrooms, all en-suite, sleeps up to 16; 100m to lift.",https://www.whitehorizonchalets.co.uk/accommodation/chalet-la-sache/,White Horizon Chalets;Alpine Answers;ChaletFinder,pilot-tignes-brevieres,5,chalets/images/whitehorizon-chalet-la-sache/,2026-10-05,20-27 Mar 2027 FULLY BOOKED. Prices pp at 12 guests; sole use £8700-£14100. Amenities block says sleeps 12-18. Individual rooms sold some weeks (fr £481pp Dec).
whitehorizon-chalet-le-loup,Chalet Le Loup,White Horizon Chalets,Tignes Les Brévières,Espace Killy,France,8,9,3,2,self-catered,,none,no,"boot dryers, secure ski store, car park 75m (bookable)",50,unknown,,whole-chalet,GBP,season-range,2475,4425,self-catered accommodation for up to 8,no,"Self-catered chalet in Les Brévières village centre, 50m from lift and slopes; 3 bedrooms sleeping 8-9, 2 renovated bath/shower rooms.",https://www.whitehorizonchalets.co.uk/accommodation/chalet-le-loup/,White Horizon Chalets;Alpine Answers;allChalets;See Tignes;ChaletFinder,pilot-tignes-brevieres,5,chalets/images/whitehorizon-chalet-le-loup/,2026-10-05,Sunday-Sunday weeks. 14-21 Mar fully booked; 21-26 Mar 2027 (5 nights) available £1750 for chalet (£219pp at 8). Weekly £2475-£4425 = £309-£553pp at 8.
whitehorizon-chalet-neus,Chalet Neus,White Horizon Chalets,Tignes Les Brévières,Espace Killy,France,,10,5,5,catered,"7x breakfast & afternoon tea (2 self-service), 5x 4-course dinners with wine, cheeseboard & coffee (hosts off Tue & Thu)",private-outdoor,no,"terrace hot tub, ski lockers with boot dryers at lifts, underground parking",175,unknown,653,per-person,GBP,exact-week,518,698,"7 nights accommodation + catering, linen/towels, ski lockers at lifts, local taxes (no travel)",yes,"Catered chalet in Les Brévières (1550m) with private outdoor hot tub on terrace and mountain/lake views; 5 en-suite bedrooms for 10, 175m to lift. New for 2026/27.",https://www.whitehorizonchalets.co.uk/accommodation/chalet-neus/,White Horizon Chalets;allChalets;ChaletFinder,pilot-tignes-brevieres,5,chalets/images/whitehorizon-chalet-neus/,2026-10-05,"20-27 Mar 2027: £653pp at 10 guests = £6525 sole use. Per price list on chalet page. Amenities block says 6 bedrooms, header says 5. Same building as Ibex."
chardons-chalet-hattiers-apartment-1,Chalet Hattiers Apartment 1,Chalet Chardons,Tignes Les Brévières,Espace Killy,France,8,10,4,2,catered,"daily breakfast (hot 5 days), afternoon tea with cake, 6x 5-course dinners (canapés to cheese & port), free-flowing wine, prosecco first & last night",unknown,unknown,"private south-facing balcony, kitchenette, boot warmers, sofa bed",,no,5600,whole-chalet,EUR,exact-week,3600,7600,"accommodation + catering + wine, linen, daily cleaning; excludes tourist tax, travel, transfers",yes,"Top-floor catered apartment in Chalet Hattiers, central Les Brévières, ~5 min walk to lift; 4 double/twin rooms for 8 (10 with sofa bed), 2 shower rooms, balcony over the slopes.",https://www.chaletchardons.com/ski-chalet-france/chalet-hattiers-apartment-1/,Chalet Chardons;allChalets,pilot-tignes-brevieres,5,chalets/images/chardons-chalet-hattiers-apartment-1/,2026-10-05,"20-27 Mar 2027 €5600 for 8 guests sole use (~€700pp), Available to Book. Meals served in shared chalet dining room. Can combine with Apartment 2 for 14. To lift: 5 mins. Prices from chaletmanager live calendar (JSONP behind JS widget on pricing page); Sat-Sat weeks from Jan, Sun-Sun in Dec."
chardons-chalet-hattiers-apartment-2,Chalet Hattiers Apartment 2,Chalet Chardons,Tignes Les Brévières,Espace Killy,France,6,8,3,2,catered,"daily breakfast (hot 5 days), afternoon tea with cake, 6x 5-course dinners (canapés to cheese & port), free-flowing wine, prosecco first & last night",unknown,unknown,"private south-facing balcony, kitchenette, sofa bed on mezzanine",,no,4200,whole-chalet,EUR,exact-week,2700,6000,"accommodation + catering + wine, linen, daily cleaning; excludes tourist tax, travel, transfers",yes,"Top-floor catered apartment in Chalet Hattiers, central Les Brévières, couple of minutes to lift; 3 double/twin rooms for 6 (8 with sofa bed), private balcony over slopes.",https://www.chaletchardons.com/ski-chalet-france/chalet-hattiers-apartment-2/,Chalet Chardons;allChalets,pilot-tignes-brevieres,5,chalets/images/chardons-chalet-hattiers-apartment-2/,2026-10-05,"20-27 Mar 2027 €4200 whole apartment; status ""Rooms Available"" (part booked?) - enquire. Can combine with Apartment 1 for 14. Prices from chaletmanager live calendar (JSONP behind JS widget on pricing page); Sat-Sat weeks from Jan, Sun-Sun in Dec."
chardons-chalet-hattiers-long-stay-room,Chalet Hattiers Long Stay Room,Chalet Chardons,Tignes Les Brévières,Espace Killy,France,,6,1,1,catered,all meals in shared chalet dining room,unknown,unknown,"ensuite, private balcony, boot warmers",,no,,,,quote-needed,,,,no,"6-bed bunk dormitory room with ensuite and balcony in Chalet Hattiers, 3 min walk to gondola; for seasonaires/long stays of 4+ weeks, catered.",https://www.chaletchardons.com/ski-chalet-france/chalet-hattiers-long-stay-room/,Chalet Chardons,pilot-tignes-brevieres,5,chalets/images/chardons-chalet-hattiers-long-stay-room/,2026-10-05,Minimum stay 4 weeks - not a holiday-week product. No price published.
chardons-chalet-belvedere,Chalet Belvedere,Chalet Chardons,Tignes Les Brévières,Espace Killy,France,12,13,6,6,catered,"daily breakfast (hot 5 days), afternoon tea with cake, 6x 5-course dinners (canapés to cheese & port), free-flowing wine, prosecco first & last night",none,no,"log fire, games console, boot warmers, communal balcony, 2 parking spaces",,no,,whole-chalet,EUR,season-range,5400,12000,"accommodation + catering + wine, linen, daily cleaning; excludes tourist tax, travel, transfers",no,"Traditional Savoyard catered chalet in Hauts des Brévières with panoramic village/lake views and log fire; 6 en-suite bedrooms with baths, sleeps 12-13; ~8 min walk to lift.",https://www.chaletchardons.com/ski-chalet-france/chalet-belvedere/,Chalet Chardons;Alpine Answers;allChalets;Tignes Spirit;See Tignes;Sno,pilot-tignes-brevieres,5,chalets/images/chardons-chalet-belvedere/,2026-10-05,"20-27 Mar 2027 fully booked. Price for 12 guests sole use. No hot tub/sauna mentioned. Prices from chaletmanager live calendar (JSONP behind JS widget on pricing page); Sat-Sat weeks from Jan, Sun-Sun in Dec."
chardons-chalet-boubou-plus,Chalet Boubou Plus,Chalet Chardons,Tignes Les Brévières,Espace Killy,France,14,16,7,,catered,"daily breakfast (hot 5 days), afternoon tea with cake, 6x 5-course dinners (canapés to cheese & port), free-flowing wine, prosecco first & last night",private-outdoor,yes,"balcony hot tub, wooden sauna, log fire, cinema snug, games console, boot warmers",,no,14000,whole-chalet,EUR,exact-week,14000,19600,"accommodation + catering + wine, linen, daily cleaning; excludes tourist tax, travel, transfers",yes,"Premium catered chalet in Hauts des Brévières with balcony hot tub, wooden sauna and lake views; 7 refurbished bedrooms for 14-16, log fire and cinema snug; 5 min walk to lift.",https://www.chaletchardons.com/ski-chalet-france/chalet-boubou-plus/,Chalet Chardons;Alpine Answers;allChalets;Tignes Spirit;See Tignes;Sno,pilot-tignes-brevieres,5,chalets/images/chardons-chalet-boubou-plus/,2026-10-05,"20-27 Mar 2027 €14000 for 14 guests sole use, Available. Bathroom count not stated (rain showers). Prices from chaletmanager live calendar (JSONP behind JS widget on pricing page); Sat-Sat weeks from Jan, Sun-Sun in Dec."
chardons-chalet-indah,Chalet Indah,Chalet Chardons,Tignes Les Brévières,Espace Killy,France,14,16,7,,catered,"daily breakfast (hot 5 days), afternoon tea with cake, 6x 5-course dinners (canapés to cheese & port), free-flowing wine, prosecco first & last night",private-outdoor,no,"balcony hot tub, log fire, TV snug, bar area, games console, boot warmers",,no,14260,whole-chalet,EUR,exact-week,8400,20800,"accommodation + catering + wine, linen, daily cleaning; excludes tourist tax, travel, transfers",yes,"Indonesian-inspired catered chalet in Hauts des Brévières with balcony hot tub and lake views; 7 bedrooms for 14-16, log fire, bar area and TV snug; short walk to lift.",https://www.chaletchardons.com/ski-chalet-france/chalet-indah-catered-ski-chalet-in-tignes/,Chalet Chardons;Alpine Answers;allChalets;Sno,pilot-tignes-brevieres,5,chalets/images/chardons-chalet-indah/,2026-10-05,"20-27 Mar 2027 €14260 for 14 guests sole use, Available. Includes selection of alcohol & soft drinks. Bathroom count not stated. Prices from chaletmanager live calendar (JSONP behind JS widget on pricing page); Sat-Sat weeks from Jan, Sun-Sun in Dec."
chardons-chalet-isabella,Chalet Isabella,Chalet Chardons,Tignes Les Brévières,Espace Killy,France,16,17,8,,catered,"daily breakfast (hot 5 days), afternoon tea with cake, 6x 5-course dinners (canapés to cheese & port), free-flowing wine, prosecco first & last night",private-outdoor,yes,"balcony hot tub, Scandinavian sauna, log fire, boot warmers",,no,16000,whole-chalet,EUR,exact-week,9600,23800,"accommodation + catering + wine, linen, daily cleaning; excludes tourist tax, travel, transfers",yes,"Modern catered chalet in Hauts des Brévières, 1 min to funicular-style lift; balcony hot tub, wooden sauna, log fire; 8 bedrooms (mostly en-suite) for 16-17.",https://www.chaletchardons.com/ski-chalet-france/chalet-isabella/,Chalet Chardons;Alpine Answers;allChalets;Tignes Spirit;See Tignes;Sno,pilot-tignes-brevieres,5,chalets/images/chardons-chalet-isabella/,2026-10-05,"20-27 Mar 2027 €16000 for 16 guests sole use, Available. Bathrooms: mostly ensuite, rooms 5/6 share. Prices from chaletmanager live calendar (JSONP behind JS widget on pricing page); Sat-Sat weeks from Jan, Sun-Sun in Dec."
chardons-chalet-sophia,Chalet Sophia,Chalet Chardons,Tignes Les Brévières,Espace Killy,France,16,17,8,6,catered,"daily breakfast (hot 5 days), afternoon tea with cake, 6x 5-course dinners (canapés to cheese & port), free-flowing wine, prosecco first & last night",private-outdoor,yes,"balcony hot tub, Scandinavian sauna, log fire, boot warmers",,no,,whole-chalet,EUR,season-range,8800,18000,"accommodation + catering + wine, linen, daily cleaning; excludes tourist tax, travel, transfers",no,"Spacious catered chalet in Hauts des Brévières with balcony hot tub, wooden sauna, log fire and lake views; 8 double/twin bedrooms (4 en-suite + 2 shared bathrooms) for 16-17.",https://www.chaletchardons.com/ski-chalet-france/chalet-sophia/,Chalet Chardons;Alpine Answers;allChalets;Tignes Spirit;See Tignes;Sno,pilot-tignes-brevieres,4,chalets/images/chardons-chalet-sophia/,2026-10-05,"20-27 Mar 2027 fully booked. Some weeks bookable by room. Prices from chaletmanager live calendar (JSONP behind JS widget on pricing page); Sat-Sat weeks from Jan, Sun-Sun in Dec."
chardons-chalet-rosko,Chalet Rosko,Chalet Chardons,Tignes Les Brévières,Espace Killy,France,,21,9,9,catered,"daily breakfast (hot 5 days), afternoon tea with cake, 6x 5-course dinners (canapés to cheese & port), free-flowing wine, prosecco first & last night",private-outdoor,yes,"terrace hot tub, wooden sauna, games room (pool, table football), log fire",200,no,18200,whole-chalet,EUR,exact-week,10500,29400,"accommodation + catering + wine, linen, daily cleaning; excludes tourist tax, travel, transfers",unknown,"Large open-plan catered chalet in Hauts des Brévières, 200m from funicular-style lift; terrace hot tub, sauna, games room; 9 en-suite rooms for 21.",https://www.chaletchardons.com/ski-chalet-france/chalet-rosko/,Chalet Chardons;Alpine Answers;allChalets;See Tignes;Sno,pilot-tignes-brevieres,5,chalets/images/chardons-chalet-rosko/,2026-10-05,"20-27 Mar 2027 €18200 for 21 guests, status ""On hold"" (enquire). Some weeks bookable by room. Prices from chaletmanager live calendar (JSONP behind JS widget on pricing page); Sat-Sat weeks from Jan, Sun-Sun in Dec."
chardons-chalet-panoramique,Chalet Panoramique,Chalet Chardons,Tignes Les Brévières,Espace Killy,France,,35,14,14,catered,"daily breakfast (hot 5 days), afternoon tea with cake, 6x 5-course dinners (canapés to cheese & port), free-flowing wine, prosecco first & last night",private-outdoor,yes,"large sauna, spa relaxation area, mini gym, balcony hot tub, multiple lounges",200,no,,whole-chalet,EUR,season-range,16500,28000,"accommodation + catering + wine, linen, daily cleaning; excludes tourist tax, travel, transfers",no,"35-person catered chalet in Hauts des Brévières, 200m from funicular-style lift; sauna, spa area, mini gym, balcony hot tub; 14 en-suite bedrooms.",https://www.chaletchardons.com/ski-chalet-france/chalet-panoramique/,Chalet Chardons;Alpine Answers;allChalets;See Tignes;Sno,pilot-tignes-brevieres,5,chalets/images/chardons-chalet-panoramique/,2026-10-05,"20-27 Mar 2027 fully booked; nearly whole season booked. Prices from chaletmanager live calendar (JSONP behind JS widget on pricing page); Sat-Sat weeks from Jan, Sun-Sun in Dec."
chardons-chalet-coeur-des-brevieres,Chalet Coeur des Brévières,Chalet Chardons,Tignes Les Brévières,Espace Killy,France,,40,15,15,chalet-hotel,"daily breakfast (hot 5 days), afternoon tea with cake, 6x 5-course dinners (canapés to cheese & port), free-flowing wine, prosecco first & last night",shared,yes,"sun-terrace hot tub & sauna, fireplace lounge, boot warmers, 4 parking",200,no,849,per-person,EUR,exact-week,699,1499,"accommodation + catering + wine, linen, daily cleaning; excludes tourist tax, travel, transfers",yes,"Shared catered chalet-hotel in the heart of Les Brévières, 200m from lifts; hot tub and sauna on sun terrace; 15 en-suite rooms, sleeps 40, booked by room.",https://www.chaletchardons.com/ski-chalet-france/chalet-coeur-des-brevieres/,Chalet Chardons;Alpine Answers;allChalets;See Tignes;Sno,pilot-tignes-brevieres,2,chalets/images/chardons-chalet-coeur-des-brevieres/,2026-10-05,"20-27 Mar 2027 €849pp (shared occupancy, rooms available). Booked by room; empty beds incur supplement. Prices from chaletmanager live calendar (JSONP behind JS widget on pricing page); Sat-Sat weeks from Jan, Sun-Sun in Dec."
inghams-chalet-la-bergerie,Chalet La Bergerie,Inghams,Tignes Les Brévières,Espace Killy,France,12,14,6,6,catered,"continental buffet breakfast 7 days (cooked 6), afternoon tea 6 days, prosecco aperitif + 3-course dinner with wine, beer & soft drinks 6 nights",none,no,"external ski & boot room, TV, Wi-Fi",100,partial,1269,per-person,GBP,exact-week,1039,2378,"flights from London, coach transfers, accommodation + catering + wine",yes,"Modern conversion of an older chalet in the heart of Les Brévières, 100m from the Brévières gondola; 6 en-suite twin rooms sleeping 12-14; new to Alpine Answers' portfolio for 2026/27.",https://www.inghams.co.uk/ski-holidays/ski-resorts/france/tignes-val-disere-ski-area/tignes/chalet-la-bergerie-les-brevieres,Inghams;Alpine Answers;Sno,pilot-tignes-brevieres,5,chalets/images/inghams-chalet-la-bergerie/,2026-10-05,"20 Mar 2027 £1269pp incl. flights per Alpine Answers price table (per bed, 14 beds). Inghams shows ""from £969pp"" but week price only via JS date widget. Resorts sheet attributes to Ski Total (Inghams group). Ski back to 100m from chalet."
alpineanswers-penthouse-cap-crystal-lodge,Penthouse Cap Crystal Lodge,Alpine Answers (agent; owner-run),Tignes Les Brévières,Espace Killy,France,6,9,4,3,self-catered,host-served continental breakfast with hot options 7 mornings only; private chef at extra cost,private-outdoor,yes,"rooftop hot tub, sauna, hammam, plunge pool, shared residence pool, games room, fireplace, private lift, garage space",100,unknown,,per-person,GBP,season-range,1275,2060,"accommodation, breakfast, daily housekeeping, concierge; no travel; resort tax extra",no,"400m² luxury penthouse atop Santa Terra Residence in central Les Brévières, <1 min to lifts; rooftop hot tub, sauna, hammam, shared pool; 3 en-suite bedrooms + kids room, sleeps 6-9.",https://www.alpineanswers.co.uk/ski-chalets/france/tignes-les-brevieres/penthouse-cap-crystal-lodge,Alpine Answers,pilot-tignes-brevieres,5,chalets/images/alpineanswers-penthouse-cap-crystal-lodge/,2026-10-05,Apartment not chalet. Sunday changeover: 21-28 Mar 2027 £1673pp / £10035 total for 9 (14 Mar fully booked). Board is breakfast-only (no dinners) - recorded as self-catered. Real operator not named.
skiworld-chalet-sachette,Chalet Sachette,Skiworld,Tignes Les Brévières,Espace Killy,France,,12,6,5,catered,"vin chaud, continental breakfast 7 days (hot 5), afternoon tea 6 days, 3-course dinner 5 nights + alpine speciality 1 night, wine & aperitifs 6 nights",none,yes,"infra-red sauna in shared shower room, heated boot warmers, balconies, TV/reading room",160,no,1529,per-person,GBP,exact-week,949,2299,"Skiworld 'Standard' 7-night package, catering + wine (travel inclusion not stated on page; self-drive & ski-all-in variants exist)",yes,"Historic (1893) free-standing chalet renovated, opposite the church in central Les Brévières, 160m from gondola; 6 bedrooms (4 en-suite, 2 share a shower room with infra-red sauna) for 12.",https://www.skiworld.co.uk/ski-holidays/france/tignes/ski-chalet-sachette,Skiworld;allChalets;Tignes Réservation;Sno;Ski Line,pilot-tignes-brevieres,5,chalets/images/skiworld-chalet-sachette/,2026-10-05,"20 Mar 2027 Standard £1529pp (guide price, max occupancy, lowest room); Self-drive SOLD OUT that week; Ski-all-in £1898pp. Prices via JS month tabs (navigate script). Also sold as 'Chalet La Sachette' (self-catered, 7 bedrooms/14) by Erna Low, Ski In Luxury, Travelski, Tignes Réservation (AVP001), Luxury Chalet Co, Ski Line. Staff day off Wed. Tignes Réservation lists it self-catered (6 bed/14, 220m², 50m to lifts), no prices online."
allchalets-chalet-lo-soli,Chalet Lo Soli,unknown (owner/agency listing on allChalets),Tignes Les Brévières,Espace Killy,France,,10,4,3,self-catered,,unknown,unknown,"fireplace, heated boot room, parking",,yes,,whole-chalet,EUR,season-range,2652,7700,self-catered rental,no,"Restored traditional stone country cottage near Les Brévières village for 10, with old stone, roofing slates, parquet and fireplace; listed as ski-in/ski-out.",https://booking.tignes.net/chalet-5-bedrooms-12-people-lo-soli-tignes-les-brevieres-1550-losoli.html,allChalets;Tignes Réservation;Tignes Spirit,pilot-tignes-brevieres,5,chalets/images/allchalets-chalet-lo-soli/,2026-10-05,"allChalets: 4 bedrooms/10, no rates. Tignes Réservation (losoli): 5 bedrooms/12, 130m², renovated 2025, €2652-€7700/week, 20-27 Mar not offered (booked). Ski-in/out per allChalets tags only."
allchalets-chalet-sundance,Chalet Sundance,unknown (owner/agency listing on allChalets),Tignes Les Brévières,Espace Killy,France,,12,5,5,catered,4-course evening meals with wine,private-outdoor,yes,"outdoor barrel sauna, two-sided log fire, boot warmers, UK TV",125,unknown,,,,quote-needed,,,,unknown,"Catered chalet in Les Brévières (1550m) with outdoor hot tub and barrel sauna on south terrace, log fire; 5 en-suite bedrooms for 12; 125m to lift.",https://www.allchalets.com/holiday-rentals/24054-chalet-in-tignes-les-brevieres-france,allChalets;See Tignes,pilot-tignes-brevieres,5,chalets/images/allchalets-chalet-sundance/,2026-10-05,"No rates published on allChalets (""owner has not provided up to date rates"") - quote needed. Description text is White Horizon Chalets' style but chalet is NOT on current White Horizon site - possibly no longer operated."
allchalets-chalet-belvedere-vi,Chalet Belvedere VI,unknown (owner/agency listing on allChalets),Tignes Les Brévières,Espace Killy,France,,12,6,3,catered-or-self,,none,no,"wood-burning fireplace, shared boot room & ski lockers, covered parking, washing machine",350,no,,,,quote-needed,,,,unknown,"6-bedroom chalet for 12 in Le Belvédère development of independent chalets at top of Les Brévières, 350m to lift; 3 bathrooms + 3 WCs, fireplace, sunny terraces.",https://www.allchalets.com/holiday-rentals/25745-chalet-in-tignes-les-brevieres-france,allChalets,pilot-tignes-brevieres,5,chalets/images/allchalets-chalet-belvedere-vi/,2026-10-05,"No rates published on allChalets (""owner has not provided up to date rates"") - quote needed. Same agency style as other Belvédère-complex listings (Aspen, Eagle, Les Brevieres VI, Tignes V)."
allchalets-chalet-aspen,Chalet Aspen,unknown (owner/agency listing on allChalets),Tignes Les Brévières,Espace Killy,France,,12,6,6,catered-or-self,self-catered or catered half board; fresh bread service,none,yes,"private sauna, wood-burning fireplace, covered parking x3, boot dryers",,no,,,,quote-needed,,,,unknown,"170m² chalet in Le Belvédère complex, upper Les Brévières; 6 en-suite twin/double rooms for 12, private sauna, fireplace; passenger lift 200m away links to gondola.",https://www.allchalets.com/holiday-rentals/28817-chalet-in-tignes-les-brevieres-france,allChalets;Tignes Réservation,pilot-tignes-brevieres,5,chalets/images/allchalets-chalet-aspen/,2026-10-05,"No rates published on allChalets (""owner has not provided up to date rates"") - quote needed. Distance: ~200m walk to passenger elevator, then to gondola; 600m to village shops."
allchalets-chalet-les-brevieres,Chalet Les Brevieres,unknown (owner/agency listing on allChalets),Tignes Les Brévières,Espace Killy,France,,15,8,8,catered-or-self,catered half board or self-catered,private-outdoor,yes,"outdoor jacuzzi, sauna, steam room, billiards, table tennis, boot warmers, parking x2",350,no,,,,quote-needed,,,,unknown,"High-end 285m² chalet in the Belvédère area, ~350m from pistes; 8 en-suite bedrooms for 15, terrace jacuzzi, sauna, steam room and billiards.",https://www.allchalets.com/holiday-rentals/39318-chalet-in-tignes-les-brevieres-france,allChalets,pilot-tignes-brevieres,5,chalets/images/allchalets-chalet-les-brevieres/,2026-10-05,"No rates published on allChalets (""owner has not provided up to date rates"") - quote needed."
allchalets-chalet-eagle,Chalet Eagle,unknown (owner/agency listing on allChalets),Tignes Les Brévières,Espace Killy,France,,9,5,4,catered-or-self,,private-outdoor,unknown,"terrace jacuzzi, shared ski room with boot dryers, 1 garage space, washing machine",,no,,,,quote-needed,,,,unknown,"High-end chalet-apartment in Le Belvédère complex, top of Les Brévières, with private terrace jacuzzi overlooking slopes; 5 bedrooms for 9; 150m to passenger elevator down to gondola.",https://www.allchalets.com/holiday-rentals/40318-apartment-in-tignes-les-brevieres-france,allChalets,pilot-tignes-brevieres,5,chalets/images/allchalets-chalet-eagle/,2026-10-05,"No rates published on allChalets (""owner has not provided up to date rates"") - quote needed. Apartment above complex garage."
allchalets-chalet-tignes-v,Chalet Tignes V,unknown (owner/agency listing on allChalets),Tignes Les Brévières,Espace Killy,France,,10,5,5,catered-or-self,,private-outdoor,unknown,"outdoor jacuzzi, wood-burning fireplace, heated ski/boot room, parking, washing machine",200,no,,,,quote-needed,,,,unknown,"108m² chalet in the Belvédère area renovated 2023, 200m from lifts via elevator; 5 en-suite twin bedrooms for 10, south-facing terrace jacuzzi, fireplace.",https://www.allchalets.com/holiday-rentals/41917-chalet-in-tignes-les-brevieres-france,allChalets,pilot-tignes-brevieres,5,chalets/images/allchalets-chalet-tignes-v/,2026-10-05,"No rates published on allChalets (""owner has not provided up to date rates"") - quote needed."
allchalets-chalet-st-bernard,Chalet St Bernard,unknown (owner/agency listing on allChalets),Tignes Les Brévières,Espace Killy,France,12,18,7,8,catered-or-self,,private-outdoor,yes,"spa: hot tub, sauna, hammam; stone fireplace, children's bunk room, electric vehicle included, parking",200,yes,15900,whole-chalet,EUR,exact-week,11550,26200,rental (Tignes Réservation); catering optional,yes,"Luxury chalet in Les Brévières, 200m/2 min to snow front and gondola; 6 doubles + 6-bed kids bunk room (12-18), spa with hot tub, sauna, hammam; EV included.",https://www.allchalets.com/holiday-rentals/41992-chalet-in-tignes-les-brevieres-france,allChalets;Tignes Réservation,pilot-tignes-brevieres,5,chalets/images/allchalets-chalet-st-bernard/,2026-10-05,"Matched to 'Casa San Bernardo' (5*, 325m², 6 bedrooms + children's corner, 18 pers., sauna/hammam, lift) on Tignes Réservation: 20-27 Mar 2027 €15900, available. Match is by name/capacity (high confidence, not certain). Hot tub per allChalets tags; location not confirmed."
allchalets-chalet-les-brevieres-vi,Chalet Les Brevieres VI (Breckenridge Sud),unknown (owner/agency listing on allChalets),Tignes Les Brévières,Espace Killy,France,,12,6,6,catered-or-self,,none,no,"wood-burning fireplace, 2 balconies, washer/dryer, garage space, shared ski room with boot dryers",350,no,4880,whole-chalet,EUR,exact-week,2864,8010,self-catered rental (Tignes Réservation),yes,"Modern 6-bedroom en-suite chalet for 12 over four floors in Le Belvédère chalet park, top of Les Brévières; 350m to slope via passenger lift; fireplace, two balconies.",https://www.allchalets.com/holiday-rentals/62849-chalet-in-tignes-les-brevieres-france,allChalets;Tignes Réservation,pilot-tignes-brevieres,5,chalets/images/allchalets-chalet-les-brevieres-vi/,2026-10-05,"Same chalet as 'Chalet Breckenridge Sud' (129m², 6 bed/6 bath, Belvédère) on Tignes Réservation: 20-27 Mar 2027 €4880 self-catered, available. allChalets: no rates, catered option mentioned."
allchalets-chalet-refuge,Chalet Refuge,unknown (owner/agency listing on allChalets),Tignes Les Brévières,Espace Killy,France,,15,6,5,catered-or-self,self-catered (priced) or catered half board; L'Armailly restaurant meal delivery,none,no,"fireplace, mezzanine TV lounge, large balconies, heated boot room, parking, washing machine",,yes,6500,whole-chalet,EUR,exact-week,4500,12000,self-catered accommodation only,unknown,"180m² ski-in/ski-out apartment above L'Armailly restaurant in Les Brévières with piste views; 6 bedrooms/5 bathrooms for 15, fireplace, large balconies.",https://www.allchalets.com/holiday-rentals/28021-apartment-in-tignes-les-brevieres-france,allChalets,pilot-tignes-brevieres,5,chalets/images/allchalets-chalet-refuge/,2026-10-05,20-27 Mar 2027 €6500 self-catered (allChalets rate table); catered half-board price on request. Availability not shown.
allchalets-le-chalet-des-boisses,Le Chalet des Boisses,unknown (owner/agency listing on allChalets),Tignes Les Boisses,Espace Killy,France,10,14,5,5,self-catered,,private-outdoor,no,"hammam, hot tub, boot/glove dryers, terraces, Wi-Fi",50,yes,,,,quote-needed,,,,unknown,"4-star ski-in/ski-out chalet at 1800m in Les Boisses, 50m from snow front and gondola; 5 en-suite bedrooms for 10 adults (12-14 guests), hot tub and hammam.",https://www.allchalets.com/holiday-rentals/28065-chalet-in-tignes-les-boisses-france,allChalets;Chalets Direct;ChaletFinder,pilot-tignes-brevieres,5,chalets/images/allchalets-le-chalet-des-boisses/,2026-10-05,"No rates published on allChalets (""owner has not provided up to date rates"") - quote needed. Web sources say catered option (breakfast, tea, chef 6 dinners) also available - not on allChalets. Hot tub indoor/outdoor not stated."
allchalets-chalet-hotel-le-dome,Chalet hotel Le Dome,unknown (owner/agency listing on allChalets),Tignes Les Boisses,Espace Killy,France,,19,10,10,chalet-hotel,B&B; dinner possible,none,no,"small bar, log fire, board game library",,yes,,,,quote-needed,,,,unknown,"Classic 2-star chalet-hotel in Les Boisses, ski-in/ski-out, B&B with optional dinner; 10 en-suite rooms for 19, bar and log fire.",https://www.allchalets.com/holiday-rentals/23634-hotel-in-tignes-les-boisses-france,allChalets,pilot-tignes-brevieres,5,chalets/images/allchalets-chalet-hotel-le-dome/,2026-10-05,"No rates published on allChalets (""owner has not provided up to date rates"") - quote needed."
allchalets-chalet-des-neiges-v,Chalet des Neiges V,unknown (owner/agency listing on allChalets),Tignes 1800,Espace Killy,France,,8,4,3,catered-or-self,,shared,yes,"residence spa: indoor pool, hot tub, saunas, steam room, gym; communal fireplace lounge, underground parking",,yes,,,,quote-needed,,,,unknown,"93m² duplex apartment in Le Lodge des Neiges 4* residence at foot of Boisses gondola; 4 bedrooms (one mezzanine sofa bed) for 8, shared pool, hot tub, saunas and steam.",https://www.allchalets.com/holiday-rentals/23957-apartment-in-tignes-les-boisses-france,allChalets,pilot-tignes-brevieres,5,chalets/images/allchalets-chalet-des-neiges-v/,2026-10-05,"No rates published on allChalets (""owner has not provided up to date rates"") - quote needed. allChalets files under Tignes Les Boisses; residence is in Tignes 1800 next to Les Boisses."
allchalets-chalet-des-neiges-iii,Chalet des Neiges III,unknown (owner/agency listing on allChalets),Tignes 1800,Espace Killy,France,6,8,3,2,self-catered,,shared,yes,"residence spa: indoor pool, hot tub, saunas, steam room, gym; sofa bed",,yes,,,,quote-needed,,,,unknown,"Apartment in Le Lodge des Neiges 4* residence at foot of the Boisses gondola, ski back via Mélèzes; 3 bedrooms for 6-8, shared indoor pool, hot tub, saunas.",https://www.allchalets.com/holiday-rentals/28965-apartment-in-tignes-les-boisses-france,allChalets,pilot-tignes-brevieres,5,chalets/images/allchalets-chalet-des-neiges-iii/,2026-10-05,"No rates published on allChalets (""owner has not provided up to date rates"") - quote needed. allChalets files under Les Boisses; residence is Tignes 1800."
allchalets-chalet-des-neiges-iv,Chalet des Neiges IV,unknown (owner/agency listing on allChalets),Tignes 1800,Espace Killy,France,8,10,4,3,self-catered,,shared,yes,"residence spa: indoor pool, hot tub, saunas, steam room, gym; underground parking",,yes,,,,quote-needed,,,,unknown,"Ski-in/ski-out 4-bedroom apartment in Le Lodge des Neiges 4* residence at foot of the Boisses gondola; sleeps 8-10, 3 bathrooms, shared pool, hot tub, saunas.",https://www.allchalets.com/holiday-rentals/28972-apartment-in-tignes-les-boisses-france,allChalets,pilot-tignes-brevieres,5,chalets/images/allchalets-chalet-des-neiges-iv/,2026-10-05,"No rates published on allChalets (""owner has not provided up to date rates"") - quote needed. allChalets files under Les Boisses; residence is Tignes 1800."
tignesreservation-chalet-blue-wood,Chalet Blue Wood,Tignes Réservation (estate agency listing),Tignes Les Brévières,Espace Killy,France,,8,3,1,self-catered,,none,no,"ski locker, balconies",,no,,whole-chalet,EUR,season-range,1836,5390,self-catered rental (linen etc. per listing); resort tax extra,no,"75m² 3-star duplex chalet-flat (""Le Chalet Wauthay"") at top of Les Brévières in Belvédère area, south/south-west facing; 3 bedrooms for 8.",https://booking.tignes.net/chalet-3-bedrooms-8-people-blue-wood-tignes-les-brevieres-1550-bluewood.html,Tignes Réservation,pilot-tignes-brevieres,5,chalets/images/tignesreservation-chalet-blue-wood/,2026-10-05,"Belvédère area ~500m above village; passenger lift down to gondola. 650m to lifts. Week prices from booking calendar (JS, rendered with browse.mjs); blank weeks = booked."
tignesreservation-chalet-du-sarrasin,Chalet du Sarrasin,Tignes Réservation (estate agency listing),Tignes Les Brévières,Espace Killy,France,,10,4,1,self-catered,,none,no,"revolving fireplace, TV lounge, library, SW terrace facing glaciers",,no,,whole-chalet,EUR,season-range,10000,10000,self-catered rental (linen etc. per listing); resort tax extra,no,"4-star 200m² chalet on 3 levels in hamlet of Villaret des Brévières, south-facing, facing glaciers; 4 bedrooms for 10; 5 min drive to slopes.",https://booking.tignes.net/chalet-4-bedrooms-10-people-sarrasin-chaletsarrasin.html,Tignes Réservation,pilot-tignes-brevieres,5,chalets/images/tignesreservation-chalet-du-sarrasin/,2026-10-05,Village is Villaret des Brévières hamlet (by car to lifts). Private owner. Only one priced week shown (€10000).
tignesreservation-chalet-casa-alba,Chalet Casa Alba,Tignes Réservation (estate agency listing),Tignes Les Brévières,Espace Killy,France,,10,5,,self-catered,,private-outdoor,yes,"terrace hot tub, sauna, boot warmers, ski room",600,no,,whole-chalet,EUR,season-range,7180,10680,self-catered rental (linen etc. per listing); resort tax extra,no,"5-star 250m² attic duplex in chalet style, contemporary-chic, eco-designed; 5 bedrooms for 10, terrace hot tub and sauna; 600m to lifts.",https://booking.tignes.net/chalet-5-bedrooms-10-people-casa-alba-tignes-les-brevieres-1550-casaalba.html,Tignes Réservation,pilot-tignes-brevieres,5,chalets/images/tignesreservation-chalet-casa-alba/,2026-10-05,Few priced weeks shown; 20 Mar not available.
tignesreservation-chalet-colettine,Chalet Colettine,Tignes Réservation (estate agency listing),Tignes Les Brévières,Espace Killy,France,,10,5,2,self-catered,,unknown,unknown,,,no,,,,quote-needed,,,,unknown,"165m² chalet in Tignes Les Brévières for 10 in 5 bedrooms, 2 bathrooms; no description published.",https://booking.tignes.net/chalet-5-bedrooms-10-people-colettine-tignes-les-brevieres-1550-chaletcolettine.html,Tignes Réservation,pilot-tignes-brevieres,5,chalets/images/tignesreservation-chalet-colettine/,2026-10-05,No description or prices on listing.
tignesreservation-chalet-paradis-blanc,Chalet Paradis Blanc,Tignes Réservation (estate agency listing),Tignes Les Brévières,Espace Killy,France,,12,6,6,self-catered,,none,no,"fireplace, view of Dôme de la Sache",600,no,5000,whole-chalet,EUR,exact-week,2995,8690,self-catered rental (linen etc. per listing); resort tax extra,yes,"4-star semi-detached chalet over 5 levels in Belvédère area, south/south-west views to Dôme de la Sache; 6 en-suite bedrooms for 12.",https://booking.tignes.net/chalet-6-bedrooms-12-people-paradis-blanc-tignes-les-brevieres-1550-paradisblanc.html,Tignes Réservation,pilot-tignes-brevieres,5,chalets/images/tignesreservation-chalet-paradis-blanc/,2026-10-05,"Belvédère area ~500m above village; passenger lift down to gondola. May duplicate an allChalets Belvédère listing (e.g. Belvedere VI, 129m²)."
tignesreservation-chalet-whistler,Chalet Whistler,Tignes Réservation (estate agency listing),Tignes Les Brévières,Espace Killy,France,,12,6,6,self-catered,,private-indoor,yes,"indoor jacuzzi, sauna, fireplace, 2 covered parking",,no,5780,whole-chalet,EUR,exact-week,3100,9500,self-catered rental (linen etc. per listing); resort tax extra,yes,"170m² chalet in the Belvédère area, 3 levels with south/south-west terraces; 6 en-suite bedrooms for 12, private sauna and indoor jacuzzi, fireplace.",https://booking.tignes.net/chalet-6-bedrooms-12-people-whistler-tignes-les-brevieres-1550-whistler.html,Tignes Réservation;Heidi,pilot-tignes-brevieres,5,chalets/images/tignesreservation-chalet-whistler/,2026-10-05,"Belvédère area ~500m above village; passenger lift down to gondola. Includes sauna/jacuzzi, linen, end cleaning. Deposit €3000."
tignesreservation-chalet-zanskar,Chalet Zanskar,Tignes Réservation (estate agency listing),Tignes Les Brévières,Espace Killy,France,,12,6,5,self-catered,,private-outdoor,no,"outdoor jacuzzi, fireplace, 2 indoor parking",,no,7800,whole-chalet,EUR,exact-week,7300,8800,self-catered rental (linen etc. per listing); resort tax extra,yes,"180m² chalet in the Belvédère area with outdoor jacuzzi, south/south-west terraces; 6 bedrooms (6 en-suite per text) for 12.",https://booking.tignes.net/chalet-6-bedrooms-12-people-zanskar-tignes-les-brevieres-1550-zanskar.html,Tignes Réservation,pilot-tignes-brevieres,5,chalets/images/tignesreservation-chalet-zanskar/,2026-10-05,Belvédère area ~500m above village; passenger lift down to gondola. 
tignesreservation-chalet-les-sources-de-la-davie,Chalet Les Sources de la Davie,Tignes Réservation (estate agency listing),Tignes Les Brévières,Espace Killy,France,,13,6,,self-catered,,private-outdoor,yes,"indoor counter-current pool, outdoor jacuzzi, sauna, home cinema, piano, 100m² terraces",800,no,16600,whole-chalet,EUR,exact-week,11250,24000,self-catered rental (linen etc. per listing); resort tax extra,yes,"5-star 270m² luxury chalet with hotel services over 5 levels, 6 suites for 13; indoor pool, outdoor jacuzzi, sauna, home cinema; panoramic views over Les Brévières.",https://booking.tignes.net/chalet-6-bedrooms-13-people-les-sources-de-la-davie-tignes-les-brevieres-1550-sourcedeladavie.html,Tignes Réservation,pilot-tignes-brevieres,5,chalets/images/tignesreservation-chalet-les-sources-de-la-davie/,2026-10-05,"""Hotel services"" and chef mentioned - check catering options. 800m to lifts."
tignesreservation-chalet-ubud,Chalet Ubud,Tignes Réservation (estate agency listing),Tignes Les Brévières,Espace Killy,France,,14,6,6,,,private-outdoor,yes,"pool, sauna, steam room, outdoor jacuzzi (per equipment tags)",50,no,,,,quote-needed,,,,unknown,"Balinese-themed 400m² luxury chalet (Black Diamond complex, agency AVP001) with 5 en-suite doubles + kids bunk room for 14; spa facilities.",https://booking.tignes.net/chalet-6-bedrooms-14-people-ubud-tignes-les-brevieres-1550-avp001.html,Tignes Réservation,pilot-tignes-brevieres,5,chalets/images/tignesreservation-chalet-ubud/,2026-10-05,Black Diamond Lodge complex chalet (Guerlain Chicherit). No prices online; board not stated.
tignesreservation-chalet-crystal-ridge,Chalet Crystal Ridge,Tignes Réservation (estate agency listing),Tignes Les Brévières,Espace Killy,France,,12,6,5,self-catered,,none,yes,"sauna, fireplace, washing machine",,no,4600,whole-chalet,EUR,exact-week,2480,4600,self-catered rental (linen etc. per listing); resort tax extra,yes,"129m² semi-detached chalet in the Belvédère area with private sauna and fireplace, south/south-west balconies; 6 bedrooms for 12.",https://booking.tignes.net/chalet-7-bedrooms-12-people-crystal-ridge-tignes-les-brevieres-1550-crystalridge.html,Tignes Réservation,pilot-tignes-brevieres,5,chalets/images/tignesreservation-chalet-crystal-ridge/,2026-10-05,Belvédère area ~500m above village; passenger lift down to gondola. 
tignesreservation-chalet-babylon,Chalet Babylon,Tignes Réservation (estate agency listing),Tignes Les Brévières,Espace Killy,France,,12,5,5,,,private-outdoor,yes,"terrace hot tub, pool, sauna, steam room, bar",,no,,,,quote-needed,,,,unknown,"Loft-style 400m² Black Diamond complex chalet themed on Babylon AD; 4 en-suite doubles + kids bunk room, private terrace hot tub with mountain views.",https://booking.tignes.net/chalet-babylon-tignes-les-brevieres-1550-avp001.html,Tignes Réservation,pilot-tignes-brevieres,5,chalets/images/tignesreservation-chalet-babylon/,2026-10-05,Black Diamond Lodge complex. No prices online; board not stated.
tignesreservation-chalet-banksy-tribute,Chalet Banksy Tribute,Tignes Réservation (estate agency listing),Tignes Les Brévières,Espace Killy,France,,8,4,4,,,private-outdoor,yes,"terrace hot tub, arcade/games mezzanine, pool, sauna, steam room (tags)",,no,,,,quote-needed,,,,unknown,"Banksy-themed 350m² Black Diamond complex chalet; 4 unique en-suite bedrooms for 8, retro games mezzanine, private terrace hot tub with mountain view.",https://booking.tignes.net/chalet-banksy-tribute-tignes-les-brevieres-1550-avp001.html,Tignes Réservation,pilot-tignes-brevieres,5,chalets/images/tignesreservation-chalet-banksy-tribute/,2026-10-05,Black Diamond Lodge complex. No prices online; board not stated.
tignesreservation-chalet-josephine-napoleon,Chalet Josephine & Napoleon,Tignes Réservation (estate agency listing),Tignes Les Brévières,Espace Killy,France,,15,7,7,self-catered,,private-outdoor,no,"terrace hot tub, library, TV lounge, fireplace",,no,11800,whole-chalet,EUR,exact-week,7800,17880,self-catered rental (linen etc. per listing); resort tax extra,yes,"4-star 216m² chalet formed by merging Josephine and Napoleon chalets (summer 2026); 7 en-suite bedrooms for 15, terrace hot tub, panoramic Vallon de la Sache views.",https://booking.tignes.net/chalet-chalet-josephine-napoleon-15-people-tignes-les-brevieres-1550-josephinenapo.html,Tignes Réservation,pilot-tignes-brevieres,5,chalets/images/tignesreservation-chalet-josephine-napoleon/,2026-10-05,"Bathrooms field on listing says 1, text says 7 en-suite (used 7)."
tignesreservation-chalet-charlie,Chalet Charlie,Tignes Réservation (estate agency listing),Tignes Les Brévières,Espace Killy,France,,16,7,7,,,private-outdoor,yes,"spa: sauna, steam room, outdoor jacuzzi; aircraft-themed playroom",50,no,,,,quote-needed,,,,unknown,"600m² Black Diamond complex chalet built around a 1950s Nord Noratlas aircraft; 6 en-suite doubles + kids room for 16; sauna, steam room, jacuzzi.",https://booking.tignes.net/chalet-charlie-tignes-les-brevieres-1550-avp001.html,Tignes Réservation,pilot-tignes-brevieres,5,chalets/images/tignesreservation-chalet-charlie/,2026-10-05,Black Diamond Lodge complex. No prices online; board not stated.
tignesreservation-chalet-quezac,Chalet Quezac,Tignes Réservation (estate agency listing),Tignes Les Brévières,Espace Killy,France,,16,7,7,,,unknown,yes,"private pool, sauna, steam room, hot tub",,no,,,,quote-needed,,,,unknown,"World Ski Awards-winning 600m² chalet renovated by Guerlain Chicherit; 7 bedrooms for 12 adults + 4 children, private pool, sauna, steam room and hot tub.",https://booking.tignes.net/chalet-quezac-tignes-les-brevieres-1550-avp001.html,Tignes Réservation,pilot-tignes-brevieres,5,chalets/images/tignesreservation-chalet-quezac/,2026-10-05,"HAS private hot tub (location not stated -> unknown), private pool, sauna, steam. Black Diamond Lodge complex; Alpine Answers calls Quezac five-star. No prices online."
tignesreservation-chalet-raven,Chalet Raven,Tignes Réservation (estate agency listing),Tignes Les Brévières,Espace Killy,France,,18,,8,,,private-indoor,yes,"private bar with jacuzzi, sauna, yoga studio, pool",,no,,,,quote-needed,,,,unknown,"Largest chalet (650m²) in the Black Diamond complex; 7 en-suite doubles + kids bunk room for 18, private yoga studio, bar with jacuzzi, sauna; step-free.",https://booking.tignes.net/chalet-raven-tignes-les-brevieres-1550-avp001.html,Tignes Réservation,pilot-tignes-brevieres,5,chalets/images/tignesreservation-chalet-raven/,2026-10-05,Jacuzzi described as in private bar (indoor) though tags say outdoor jacuzzi. No prices online.
tignesreservation-chalet-rock-n-love,Chalet Rock 'N' Love,Tignes Réservation (estate agency listing),Tignes Les Brévières,Espace Killy,France,,14,5,5,,,unknown,yes,"private indoor pool, gym, sauna, hot tub, steam room, hydro-jet massage bed",600,no,,,,quote-needed,,,,unknown,"Music-themed 430m² Black Diamond complex chalet; 4 en-suite adult rooms + kids room with vintage-car beds for 14; indoor pool, gym, sauna, hot tub, steam.",https://booking.tignes.net/chalet-rock-n-love-tignes-les-brevieres-1550-avp001.html,Tignes Réservation,pilot-tignes-brevieres,5,chalets/images/tignesreservation-chalet-rock-n-love/,2026-10-05,"HAS private hot tub (location not stated -> unknown) plus indoor pool, gym, sauna, steam. Black Diamond Lodge complex. No prices online."
tignesreservation-chalet-tango,Chalet Tango,Tignes Réservation (estate agency listing),Tignes Les Brévières,Espace Killy,France,,14,6,6,,,private-outdoor,yes,"outdoor hot tub, spa, games room, aircraft-wing dining table",50,no,,,,quote-needed,,,,unknown,"Aviation-themed 600m² Black Diamond complex chalet; 5 en-suite doubles/twins + kids room for 14, games room, spa and balcony hot tub over Tignes village.",https://booking.tignes.net/chalet-tango-tignes-les-brevieres-1550-avp001.html,Tignes Réservation,pilot-tignes-brevieres,5,chalets/images/tignesreservation-chalet-tango/,2026-10-05,No prices online; board not stated.
tignesspirit-chalet-ranjarde,Chalet Ranjarde,unknown (listed by Tignes Spirit),Tignes Les Brévières,Espace Killy,France,12,14,6,,catered,,unknown,unknown,"hot tub, panoramic village/piste views",,no,,,,quote-needed,,,,unknown,Catered chalet for 12-14 in 6/7 bedrooms with panoramic views of village and piste; 5 min walk to lifts or 50m to walk-on lift down to main Brévières lift.,https://www.tignes-spirit.com/flats/details/101,Tignes Spirit,pilot-tignes-brevieres,3,chalets/images/tignesspirit-chalet-ranjarde/,2026-10-05,"HAS a hot tub (""new hot tub for 2014/15"") but location not stated -> hot_tub=unknown. Listing looks stale; shown price £329-£645pp/week undated - not used."
whitehorizon-chalet-le-vallon,Chalet Le Vallon,White Horizon Chalets (legacy page),Tignes Les Brévières,Espace Killy,France,,12,6,6,catered,,private-outdoor,unknown,,125,unknown,,,,quote-needed,,,,unknown,"Catered chalet in Les Brévières (1550m) with outdoor hot tub and mountain views; 6 en-suite bedrooms for 12; 125m to lift, 275m to centre.",https://www.whitehorizonchalets.co.uk/accommodation/chalet-le-vallon/,White Horizon Chalets;Tignes Spirit;See Tignes,pilot-tignes-brevieres,5,chalets/images/whitehorizon-chalet-le-vallon/,2026-10-05,Page still live but shows only Winter 2022/23 prices and chalet is absent from current White Horizon menu - probably no longer offered. Tignes Spirit lists £475-£900pp (undated).
seetignes-chalet-les-melezes,Les Melezes Chalet,unknown (listed on See Tignes),Tignes Les Brévières,Espace Killy,France,,,,,,,unknown,unknown,,,unknown,,,,quote-needed,,,,unknown,Chalet listed in Les Brévières on See Tignes; no details published on the listing page.,https://www.seetignes.com/chalets/les-melezes-chalet-les-brevieres-674590,See Tignes;Heidi,pilot-tignes-brevieres,0,chalets/images/seetignes-chalet-les-melezes/,2026-10-05,See Tignes listing has name only. Probably same as 'CHALET AUBERGE - Les Mélèzes' on Heidi (name match only; Heidi detail page would not render) - may be a chalet-auberge (B&B/hotel style).
alpineelements-hotel-tetras-lodge,Hotel Tetras Lodge,Alpine Elements,Tignes Les Brévières,Espace Killy,France,,54,23,23,chalet-hotel,"continental breakfast 7 days (hot 3), afternoon tea 6 days, 3-course à la carte dinner 6 nights; wine extra",shared,yes,"sundeck hot tub, sauna, steam room, bar, games lounge, boot dryers, parking, EV charging",400,partial,,,,quote-needed,,,7 nights + catering + low-cost Geneva transfers (package),unknown,"4* boutique hotel run exclusively by Alpine Elements in central Les Brévières; 23 en-suite rooms/suites for 52-54, sundeck hot tub, sauna, steam; 400m to lifts, ski back to 200m.",https://www.alpineelements.co.uk/ski-holidays/france/tignes/hotel-tetras-lodge,Alpine Elements,pilot-tignes-brevieres,5,chalets/images/alpineelements-hotel-tetras-lodge/,2026-10-05,Hotel (sold by room/suite) not a private chalet. Prices only via booking widget - not captured.
sno-chalet-raoul,Chalet Raoul,unknown (sold via Sno; operator code 'wlc'),Tignes Les Boisses,Espace Killy,France,,8,4,,catered,"cooked breakfast, afternoon tea, 3-course dinner with unlimited wine 5 nights; champagne/canapés first & last nights",unknown,unknown,,,yes,,per-person,GBP,season-range,918,2553,"flights (Gatwick/Manchester), 7 nights catered, 2 sharing",no,"Smart contemporary chalet at 1830m just above Les Boisses with doorstep skiing; 4 twin/double bedrooms for 8, whole-chalet basis; ski bus 50m to Le Lac.",https://www.sno.co.uk/ski-holidays/chalet-raoul_21603/,Sno;Ski Line,pilot-tignes-brevieres,5,chalets/images/sno-chalet-raoul/,2026-10-05,"Sunday changeover: 14, 21, 28 Mar 2027 all SOLD OUT. Prices pp 2 sharing incl. flights. Hot tub/sauna not mentioned. Operator not named on Sno page."
skiline-hotel-les-brevieres,Hotel Les Brevieres,Ski Line (agent; hotel),Tignes Les Brévières,Espace Killy,France,,100,,,half-board,"buffet breakfast, 4-course buffet dinner with wine, weekly fondue/raclette night; full board/all-inclusive upgrades",shared,yes,"Ahimsa spa (hot tub, sauna, steam; 1 free access pp/week), bar, boot room",,no,912,per-person,GBP,exact-week,903,1494,"flights (Gatwick), 7 nights half board in twin room, 2 sharing",yes,"Value half-board hotel for ~100 in Les Brévières, 5 min walk to main lifts; buffet meals with wine, spa with hot tub, sauna and steam room; twin/triple/quad rooms.",https://www.skiline.co.uk/ski-holidays/france/tignes/hotel-les-brevieres,Ski Line,pilot-tignes-brevieres,5,chalets/images/skiline-hotel-les-brevieres/,2026-10-05,"Hotel, not a chalet; sold by room. 20 Mar 2027 £912pp incl. flights (twin, 2 sharing, 'Enquire'). Spa access limited (1 free session pp/week)."
heidi-hotel-club-mmv-les-brevieres,Hôtel Club MMV Les Brévières,MMV (sold via Heidi),Tignes Les Brévières,Espace Killy,France,,,,,chalet-hotel,,unknown,unknown,,,unknown,,,,quote-needed,,,,unknown,"4-star MMV hotel club in Les Brévières listed on Heidi; detail page would not render (bot/cookie wall), so no capacity, board or price captured.",https://www.heidi.com/holiday/hotel-club-mmv-les-brevieres,Heidi,pilot-tignes-brevieres,0,chalets/images/heidi-hotel-club-mmv-les-brevieres/,2026-10-05,"Hotel. Possibly the same building as Ski Line's 'Hotel Les Brevieres' (~100 beds, Ahimsa spa) - not verified. board recorded as chalet-hotel as closest value; actual board unknown."
