chalet_id,chalet_name,operator,village,ski_area,country,sleeps_min,sleeps_max,bedrooms,bathrooms,property_type,board,catering_detail,hot_tub,sauna,other_facilities,distance_to_lift_m,ski_in_out,changeover_day,price_week_20_27_mar_2027,price_basis,price_currency,price_type,price_range_low,price_range_high,price_per_bed,price_includes,available_20_27_mar,combines,same_as,description,url,listed_on,found_via,image_count,image_dir,date_checked,notes
allchalets-33598,Les Farfadets (Les Chalets de La Combe),,St-Nicolas-de-Véroce,Évasion Mont-Blanc,France,,6,3,1,chalet,self-catered,,none,no,"terrace, covered parking, washing machine",2500,no,,,whole-chalet,EUR,season-from,390,,,,unknown,,,"41m2 4-room chalet in residence Les Chalets de La Combe, 2.5 km from the ski area (Chattrix chair) outside St-Nicolas, ski bus 150 m; sleeps 6 in 3 small rooms.",https://www.allchalets.com/holiday-rentals/33598-chalet-in-st-gervais-france,allChalets,village-france-st-nicolas-de-véroce,5,chalets/images/allchalets-33598/,2026-10-06,"allChalets 33598 (listed under St Gervais); ""From €390 (€522)"" - no price table/calendar on page; ref 236N00426T (agency-style ref, operator not named). pass2: exact-week price + availability."
allchalets-34713,Appartement La Cordée 7,Cimalpes,St-Nicolas-de-Véroce,Évasion Mont-Blanc,France,,4,,1,apartment,self-catered,,none,unknown,"balcony with Mont Blanc view, parking, wifi",350,no,Saturday,950,whole-chalet,EUR,exact-week,950,1650,,,unknown,,,"Renovated studio near the Chattrix lifts in St-Nicolas-de-Véroce, 2 adults + 2 children (incl. sofa bed), Mont Blanc view from balcony.",https://www.allchalets.com/holiday-rentals/34713-apartment-in-st-gervais-france,allChalets,village-france-st-nicolas-de-véroce,5,chalets/images/allchalets-34713/,2026-10-06,"allChalets 34713; operator inferred from image filenames ""saint-gervais_edelweiss_cimalpes"" (Cimalpes). Price list Sat 20 Mar 2027 €950/week; Dec-Apr Sat/Sun range €950-1650. Price list rows = check-in options; calendar only shows to Jan 2027. pass2: availability."
allchalets-48204,Chalet L'Anier Duplex,Cimalpes,St-Nicolas-de-Véroce,Évasion Mont-Blanc,France,,12,5,5,apartment,self-catered,,none,unknown,"garden access, terraces, 2 kitchens",400,no,Saturday,4730,whole-chalet,EUR,exact-week,4730,8600,,,no,,allchalets-48140;allchalets-48138,"Two-level property near St-Nicolas centre, 400 m from Chef Lieu lift; 8 adults + 4 children, 5 bedrooms incl. bunk room, two kitchens/lounges, garden and terraces.",https://www.allchalets.com/holiday-rentals/48204-apartment-in-st-gervais-france,allChalets,village-france-st-nicolas-de-véroce,5,chalets/images/allchalets-48204/,2026-10-06,"allChalets 48204; image filenames ""anier1..."" -> same building as 48140 (lanier rdc) and 48138 (lanier 1er); probably a combined booking of floors. Price list Sat 20 Mar 2027 €4,730; Dec-Apr range €4,730-8,600. Operator not named (Cimalpes-style listing text). pass2: availability."
allchalets-48140,Appartement L'Anier Rdj,Cimalpes,St-Nicolas-de-Véroce,Évasion Mont-Blanc,France,,8,3,3,apartment,self-catered,,none,unknown,"garden access, terrace, wifi",400,no,Saturday,1940,whole-chalet,EUR,exact-week,1940,4700,,,unknown,,,"Garden-level apartment near St-Nicolas centre, 400 m from Chef Lieu lift/Retour Village piste; 4 adults + 4 children, 2 doubles + bunk room, all en-suite.",https://www.allchalets.com/holiday-rentals/48140-apartment-in-st-gervais-france,allChalets,village-france-st-nicolas-de-véroce,5,chalets/images/allchalets-48140/,2026-10-06,"allChalets 48140; images named lanier.rdc. Price list Sat 20 Mar 2027 €1,940; Dec-Apr range €1,940-4,700; autumn offer from €1,504. pass2: availability."
allchalets-48138,Appartement L'Anier 1,Cimalpes,St-Nicolas-de-Véroce,Évasion Mont-Blanc,France,,10,3,2,apartment,self-catered,,none,unknown,"balcony, terrace, garden access, parking, wifi",400,no,Saturday,2590,whole-chalet,EUR,exact-week,2590,3060,,,unknown,,,"First-floor apartment near St-Nicolas centre, 400 m from Chef-lieu lift; 4 adults + 6 children (2 doubles + bunk room), 2 shower rooms, balcony.",https://www.allchalets.com/holiday-rentals/48138-apartment-in-st-gervais-france,allChalets,village-france-st-nicolas-de-véroce,5,chalets/images/allchalets-48138/,2026-10-06,"allChalets 48138; images named lanier.1er. Sleeps 10 = 4 adults + 6 children per listing (2 doubles + 2 bunks = 8 beds visible; 10 as stated). Price list Sat 20 Mar 2027 €2,590; Dec-Apr range €2,590-3,060. pass2: availability."
allchalets-55980,Chalet La Nia,Cimalpes,St-Nicolas-de-Véroce,Évasion Mont-Blanc,France,,12,5,5,chalet,self-catered,,private-outdoor,no,"outdoor jacuzzi, central fireplace, table football, boot heater, ski room, parking",650,no,Saturday,5870,whole-chalet,EUR,exact-week,5780,9570,,,unknown,,,"Self-catered chalet near the Chattrix chairlift, St-Nicolas-de-Véroce, Mont Blanc views; 8 adults + 4 children in 5 bedrooms (4 en-suite), central fireplace, outdoor hot tub.",https://www.allchalets.com/holiday-rentals/55980-chalet-in-st-gervais-france,allChalets,village-france-st-nicolas-de-véroce,5,chalets/images/allchalets-55980/,2026-10-06,"allChalets 55980; price list Sat 20 Mar 2027 €5,870 per property; Dec-Apr range €5,780-9,570; price list ends 24 Apr 2027. Self-catered (no catering offered). Operator not named. pass2: availability (calendar only to Jan 2027)."
allchalets-55980,Chalet La Nia,Cimalpes,St-Nicolas-de-Véroce,Évasion Mont-Blanc,France,,12,5,,,self-catered,,private-outdoor,,,,,Saturday,5870,whole-chalet,EUR,exact-week,,,,"linen, towels, beds made, toiletries, end clean; tourist tax extra",yes,,,,https://cimalpes.com/fr/location-saint-gervais-mont-blanc/chalet-la-nia/,Cimalpes;Saint-Gervais tourist office booking (MSEM widget),village-france-st-nicolas-de-véroce,,,2026-10-06,"Same chalet as allChalets 55980 (identical layout; Cimalpes ref NIA, 80 chemin des Places, 240m2, near chairlift). Cimalpes card: 12 voyageurs, 5 ch, from €2,778/wk. MSEM offers API 20-27 Mar 2027 returns it (2 adults €5,938.60 = €5,870 + tourist tax) -> available. MSEM capacity field 13. Dog allowed €100/wk; deposit €5,000. Concierge passes €90-600 extra."
allchalets-48204,Chalet L'Anier Duplex,Cimalpes,St-Nicolas-de-Véroce,Évasion Mont-Blanc,France,,12,5,5,,,,,,,,,,,,,,,,,,no,,,,https://www.saintgervais.com/reserver-mon-sejour/hebergement/,Saint-Gervais tourist office booking (MSEM widget),village-france-st-nicolas-de-véroce,,,2026-10-06,"Same unit as allChalets 48204 (Cimalpes ref ANIERD, 140 Route de la Croix, 200m2, MSEM cap 12). MSEM offers API for 20-27 Mar 2027 (2 and 8 adults) does not return it while sibling L'Anier units are returned -> treated as not available (allChalets price list still shows €4,730 for that week)."
allchalets-48140,Appartement L'Anier Rdj,Cimalpes,St-Nicolas-de-Véroce,Évasion Mont-Blanc,France,,8,,,,,,,,,,,,,,,,,,,,yes,,,,https://www.saintgervais.com/reserver-mon-sejour/hebergement/,Saint-Gervais tourist office booking (MSEM widget),village-france-st-nicolas-de-véroce,,,2026-10-06,"Cimalpes ref via MSEM id 211297, 140 Route de la Croix. MSEM offers 20-27 Mar 2027: 2 adults €2,008.60 (= €1,940 + tourist tax), 8 adults €2,036.88 -> available."
allchalets-48138,Appartement L'Anier 1,Cimalpes,St-Nicolas-de-Véroce,Évasion Mont-Blanc,France,,10,,,,,,,,,,,,,,,,,,,,yes,,,,https://www.saintgervais.com/reserver-mon-sejour/hebergement/,Saint-Gervais tourist office booking (MSEM widget),village-france-st-nicolas-de-véroce,,,2026-10-06,"MSEM id 211296. MSEM offers 20-27 Mar 2027: 2 adults €2,658.60 (= €2,590 + tax), 8 adults €2,719.36 -> available."
allchalets-34713,Appartement La Cordée 7,Cimalpes,St-Nicolas-de-Véroce,Évasion Mont-Blanc,France,,4,,,,,,,,,,,,,,,,,,,,yes,,,,https://cimalpes.com/fr/location-saint-gervais-mont-blanc/,Cimalpes;Saint-Gervais tourist office booking (MSEM widget),village-france-st-nicolas-de-véroce,,,2026-10-06,"Same studio as allChalets 34713 (28m2 renovated studio, 350 m from Chattrix lifts, Mont Blanc balcony, 2+2; Cimalpes ref LACORDEE, 215 Impasse des Biches); Cimalpes card from €650/wk. MSEM 20-27 Mar 2027 (2 adults) €997.46 -> available; not returned for 8 adults (capacity 4). Electricity/water metered extra."
almae-armancette-chalet-aster,Chalet Aster et Spa (Hôtel Armancette),Almae Collection (Hôtel Armancette),St-Nicolas-de-Véroce,Évasion Mont-Blanc,France,,,,,chalet,,,unknown,unknown,"access to 5* hotel spa: indoor/outdoor heated pool, indoor + 2 outdoor jacuzzis, sauna, hammam, gym; restaurants",,,,,,,,,,,,unknown,,,"One of 3 upscale chalets of the 5-star Hôtel Armancette (LHW) in St-Nicolas-de-Véroce village, facing Mont Blanc; hotel services, spa, gastronomic restaurant.",https://almae-collection.com/armancette/,Saint-Gervais tourist office booking (MSEM widget),village-france-st-nicolas-de-véroce,4,chalets/images/almae-armancette-chalet-aster/,2026-10-06,"Listed only as a room type (""Chalet Aster et Spa"", code A6V) of Hôtel Armancette on the tourist-office MSEM widget; no capacity/price per chalet published. Hotel-wide MSEM offer 20-27 Mar 2027 exists (cheapest €3,697 for 2). Chalet name suggests own spa. pass2: capacity, board, price via hotel."
almae-armancette-chalet-carline,Chalet Carline (Hôtel Armancette),Almae Collection (Hôtel Armancette),St-Nicolas-de-Véroce,Évasion Mont-Blanc,France,,,,,chalet,,,unknown,unknown,"access to 5* hotel spa (pools, jacuzzis, sauna, hammam), restaurants",,,,,,,,,,,,unknown,,,"One of 3 upscale chalets of the 5-star Hôtel Armancette in St-Nicolas-de-Véroce, with hotel services and spa access.",https://almae-collection.com/armancette/,Saint-Gervais tourist office booking (MSEM widget),village-france-st-nicolas-de-véroce,5,chalets/images/almae-armancette-chalet-carline/,2026-10-06,"Room type B6V of Hôtel Armancette on MSEM widget; capacity/price not published. pass2: capacity, board, price via hotel."
almae-armancette-chalet-silene,Chalet Silene (Hôtel Armancette),Almae Collection (Hôtel Armancette),St-Nicolas-de-Véroce,Évasion Mont-Blanc,France,,,,,chalet,,,unknown,unknown,"access to 5* hotel spa (pools, jacuzzis, sauna, hammam), restaurants",,,,,,,,,,,,unknown,,,"One of 3 upscale chalets of the 5-star Hôtel Armancette in St-Nicolas-de-Véroce, with hotel services and spa access.",https://almae-collection.com/armancette/,Saint-Gervais tourist office booking (MSEM widget),village-france-st-nicolas-de-véroce,5,chalets/images/almae-armancette-chalet-silene/,2026-10-06,"Room type of Hôtel Armancette on MSEM widget; capacity/price not published. pass2: capacity, board, price via hotel."
almae-chalet-ancolie,Le Chalet Ancolie,Almae Collection,St-Nicolas-de-Véroce,Évasion Mont-Blanc,France,,,7,,chalet,catered-or-self,"private chef, meal delivery available à la carte (extra)",private-indoor,yes,"indoor jacuzzi, sauna, hammam, fitness room, cinema room, fireplace, daily cleaning, concierge, garage",,,,,,,quote-needed,,,,,unknown,,,"550m2 luxury chalet in St-Nicolas-de-Véroce village, 3 levels: 5 double bedrooms + two bunk/dorm rooms (2 and 4 singles), cinema, fireplace, wellness area with indoor jacuzzi, sauna, hammam; daily housekeeping.",https://almae-collection.com/residences/ancolie/,Almae Collection,village-france-st-nicolas-de-véroce,5,chalets/images/almae-chalet-ancolie/,2026-10-06,"Sister of Hôtel Armancette. No guest count stated: bed list = 5 doubles + 2 + 4 singles (16 beds). Price on request (contact@almae-collection.com, +33 450 786 600). Chef à domicile offered as extra service. pass2: price/availability."
locstnicolas-les-passereaux-nord,Les Passereaux Nord,Private owner (Ass. Locations Meublées St-Nicolas),St-Nicolas-de-Véroce,Évasion Mont-Blanc,France,,4,2,,apartment,self-catered,,none,no,"jardin ou pré, parking",300,,,,whole-chalet,EUR,season-range,200,700,,,yes,,,"Idéal pour une semaine ou plus en famille pour des vacances à la montagne . Appartement très pratique avec coin jardin à la sortie du chalet. L'hiver, vous êtes à 5mn à pied du centre du village où vous trouvez",https://locations-saint-nicolas.com/liste.location.2.les_passereaux_nord.html,Locations Meublées St-Nicolas (owners association),village-france-st-nicolas-de-véroce,,,2026-10-06,"Assoc. listing #2; private owner, contact direct (phone/email on fiche). 27 m2. Published range €200-700/week (whole year, incl. summer). Tarifs: Noel 450 ‚¬ Février 650 ‚¬ Eté : 270 ‚¬ Owner calendar has 3 bookings from Oct 2026 on, none over 20-27 Mar 2027 -> treated as free (confirm with owner). pass2: exact-week price."
almae-chalet-ancolie,Ancolie - Armancette,Almae Collection,St-Nicolas-de-Véroce,Évasion Mont-Blanc,France,,16,7,,chalet,self-catered,,private-indoor,yes,"Barbecue / Plancha, Sèche linge, Jacuzzi / Sauna, fireplace/stove",150,,,,whole-chalet,EUR,quote-needed,,,,,yes,,,"Chalet de 550 m² sur trois niveaux comprend 5 chambres doubles, un dortoir de deux lits simples et un dortoir de quatre lits simples, un grand espace de vie comprenant un salon avec cheminée, salle à manger, cuisine fermée équipée,",https://locations-saint-nicolas.com/liste.location.102.ancolie___armancette.html,Locations Meublées St-Nicolas (owners association),village-france-st-nicolas-de-véroce,,,2026-10-06,"Assoc. listing #102; private owner, contact direct (phone/email on fiche). 550 m2. Owner calendar has 6 bookings from Oct 2026 on, none over 20-27 Mar 2027 -> treated as free (confirm with owner). ""Jacuzzi / Sauna"" equipment box ticked (which one not specified). Same property as id (matched by name/location). pass2: exact-week price."
locstnicolas-chalet-rigollot,Chalet Rigollot,Private owner (Ass. Locations Meublées St-Nicolas),St-Nicolas-de-Véroce,Évasion Mont-Blanc,France,,12,7,,chalet,self-catered,,none,no,"Barbecue / Plancha, jardin ou pré, terrasse, parking",500,,,,whole-chalet,EUR,season-range,1400,1800,,,yes,,,"Chalet situé en bordure du village, accès à pied au télésiège et aux commerces. Douze couchages, plus lits d'appoints",https://locations-saint-nicolas.com/liste.location.69.chalet_rigollot.html,Locations Meublées St-Nicolas (owners association),village-france-st-nicolas-de-véroce,5,chalets/images/locstnicolas-chalet-rigollot/,2026-10-06,"Assoc. listing #69; private owner, contact direct (phone/email on fiche). 140 m2. Published range €1400-1800/week (whole year, incl. summer). Tarifs: minimum pour l'été, maximum pour l'hiver. Taxe de séjour en sus. Owner calendar has 4 bookings from Oct 2026 on, none over 20-27 Mar 2027 -> treated as free (confirm with owner). 12 couchages plus extra beds (not counted). pass2: exact-week price."
locstnicolas-les-nids-alpins,Les Nids Alpins,Private owner (Ass. Locations Meublées St-Nicolas),St-Nicolas-de-Véroce,Évasion Mont-Blanc,France,,6,2,,apartment,self-catered,,none,no,,60,,,,whole-chalet,EUR,quote-needed,,,,,unknown,,,"Appartement très chaleureux, composé d'une belle pièce de vie en pierres apparentes, avec un canapé lit d'angle, d'une chambre parentale et d'une chambre ""coin montagne"" et d'une salle de bain avec baignoire et douche.",https://locations-saint-nicolas.com/liste.location.9.les_nids_alpins.html,Locations Meublées St-Nicolas (owners association),village-france-st-nicolas-de-véroce,,,2026-10-06,"Assoc. listing #9; private owner, contact direct (phone/email on fiche). 60 m2. Owner calendar has no 2026/27 entries -> availability unknown. pass2: exact-week price."
locstnicolas-les-nids-alpins-3,Les Nids Alpins,Private owner (Ass. Locations Meublées St-Nicolas),St-Nicolas-de-Véroce,Évasion Mont-Blanc,France,,11,3,,apartment,self-catered,,none,no,"fireplace/stove, jardin ou pré, parking",60,,,,whole-chalet,EUR,season-range,1000,2200,,,yes,,,"Au rez-de-chaussée avec un jardinet, l'appartement est équipé pour 10 à 11 personnes. Une cheminée savoyarde permet des soirées chaleureuses dans la grande pièce à vivre avec sa cuisine américaine entièrement équipée y compris pour faire des tartiflettes, fondues, gaufres,",https://locations-saint-nicolas.com/liste.location.3.les_nids_alpins.html,Locations Meublées St-Nicolas (owners association),village-france-st-nicolas-de-véroce,1,chalets/images/locstnicolas-les-nids-alpins-3/,2026-10-06,"Assoc. listing #3; private owner, contact direct (phone/email on fiche). 90 m2. Published range €1000-2200/week (whole year, incl. summer). Tarifs: Semaines de Noël et jour de l'an, vacances de février: 2200 ‚¬ De mi-juillet à mi-août 1300 ‚¬ 1000 ‚¬ le reste du temps Owner calendar has 8 bookings from Oct 2026 on, none over 20-27 Mar 2027 -> treated as free (confirm with owner). pass2: exact-week price."
locstnicolas-appartement-dans-ancienne-ferme-renovee,Appartement dans Ancienne Ferme Rénovée,Private owner (Ass. Locations Meublées St-Nicolas),St-Nicolas-de-Véroce,Évasion Mont-Blanc,France,,5,2,,apartment,self-catered,,none,no,,1000,,,,whole-chalet,EUR,quote-needed,,,,,unknown,,,Appartement situé dans une ancienne ferme entièrement rénovée. Très calme et ensoleillée. Confortable et chaleureux. Entrée indépendante.,https://locations-saint-nicolas.com/liste.location.47.appartement_dans_ancienne_ferme_r__nov__e.html,Locations Meublées St-Nicolas (owners association),village-france-st-nicolas-de-véroce,,,2026-10-06,"Assoc. listing #47; private owner, contact direct (phone/email on fiche). 45 m2. Owner calendar has no 2026/27 entries -> availability unknown. pass2: exact-week price."
locstnicolas-les-rocailles-appartement-6-personnes,Les Rocailles - Appartement 6 personnes,Private owner (Ass. Locations Meublées St-Nicolas),St-Nicolas-de-Véroce,Évasion Mont-Blanc,France,,6,3,,apartment,self-catered,,none,no,,,,,,whole-chalet,EUR,quote-needed,,,,,unknown,,,,https://locations-saint-nicolas.com/liste.location.65.les_rocailles___appartement_6_personnes.html,Locations Meublées St-Nicolas (owners association),village-france-st-nicolas-de-véroce,,,2026-10-06,"Assoc. listing #65; private owner, contact direct (phone/email on fiche). Owner calendar has no 2026/27 entries -> availability unknown. pass2: exact-week price."
locstnicolas-chalet-d-architecte-pleine-vue-sur-le-mont-blanc,"Chalet d'architecte, pleine vue sur le Mont blanc",Private owner (Ass. Locations Meublées St-Nicolas),St-Nicolas-de-Véroce,Évasion Mont-Blanc,France,,10,3,,chalet,self-catered,,none,no,"Sèche linge, fireplace/stove, jardin ou pré, terrasse, balcon, parking",4000,,,,whole-chalet,EUR,season-range,2100,2300,,,unknown,,,"Chalet d’Architecte, situé à 1000m d’altitude. Face au Massif du Mont Blanc, terrasse au Sud. Tout est tout vitré à l'intérieur, vous vivez dedans-dehors, ce qui est agréable quand la météo est mauvaise. Le grande pièce est dominé par une",https://locations-saint-nicolas.com/liste.location.97.chalet_d__039_architecte__pleine_vue_sur_le_mont_blanc.html,Locations Meublées St-Nicolas (owners association),village-france-st-nicolas-de-véroce,3,chalets/images/locstnicolas-chalet-d-architecte-pleine-vue-sur-le-mont-blanc/,2026-10-06,"Assoc. listing #97; private owner, contact direct (phone/email on fiche). 170 m2. Published range €2100-2300/week (whole year, incl. summer). Tarifs: La chalet est chauffé par l'électricité par le sol et par des convecteurs. Faites attention à l'électricité! Merci Owner calendar has no 2026/27 entries -> availability unknown. pass2: exact-week price."
locstnicolas-chattrix-les-plans-d-en-haut-au-pied-des-pistes,"Chattrix ""Les Plans d'en haut"" Au pied des pistes",Private owner (Ass. Locations Meublées St-Nicolas),St-Nicolas-de-Véroce,Évasion Mont-Blanc,France,,6,3,,apartment,self-catered,,none,no,"Barbecue / Plancha, fireplace/stove, jardin ou pré, terrasse, parking",50,,,,whole-chalet,EUR,season-range,1000,1700,,,yes,,,"APPARTEMENT DANS CHALET EN DUPLEX, CONFORTABLE, VUE PANORAMIQUE sur le MASSIFdu Mont-Blanc, REMONTEES MECANIQUES à 50m - Ski de randonnée - Nombreux chemins de randonnées à proximité Cuisine moderne et équipée €“ Coin Salon chaleureux avec insert cheminée - Calme",https://locations-saint-nicolas.com/liste.location.63.chattrix__quot_les_plans_d_en_haut_quot__au_pied_des_pistes.html,Locations Meublées St-Nicolas (owners association),village-france-st-nicolas-de-véroce,,,2026-10-06,"Assoc. listing #63; private owner, contact direct (phone/email on fiche). 75 m2. Published range €1000-1700/week (whole year, incl. summer). Tarifs: 990/ semaine ¬ du 15 avril au 15 juin 1100€/ semaine du 15 juin au 30 juin Sauf We fériés 2023 - 140 euros la nuit - (28/04 au 01/05 - 05/05 au 08/05 - 18/05 au 21/05 - 26/05 au 29/05) 1200 € /semaine ‚¬ du 1 er juillet au 15 juillet 1350€ / semaine - du 15 juillet au 22 juillet 1490€ / semaine ‚¬ d Owner calendar has 3 bookings from Oct 2026 on, none over 20-27 Mar 2027 -> treated as free (confirm with owner). pass2: exact-week price."
locstnicolas-chalet-au-nant-blanchet,Chalet au Nant-Blanchet,Private owner (Ass. Locations Meublées St-Nicolas),St-Nicolas-de-Véroce,Évasion Mont-Blanc,France,,11,5,,chalet,self-catered,,none,no,Barbecue / Plancha,400,,,,whole-chalet,EUR,quote-needed,,,,,yes,,,"Ferme rénovée avec vue sur le massif du Mont-Blanc, 5 chambres à coucher à l'étage et pièces à vivre au rez de chaussée (salon, cuisine, salle à manger) un cabinet de toilette, une salle d'eau, une salle de bain, des",https://locations-saint-nicolas.com/liste.location.12.chalet_au_nant_blanchet.html,Locations Meublées St-Nicolas (owners association),village-france-st-nicolas-de-véroce,3,chalets/images/locstnicolas-chalet-au-nant-blanchet/,2026-10-06,"Assoc. listing #12; private owner, contact direct (phone/email on fiche). 180 m2. Owner calendar has 3 bookings from Oct 2026 on, none over 20-27 Mar 2027 -> treated as free (confirm with owner). pass2: exact-week price."
locstnicolas-joly-chalet,Joly Chalet,Private owner (Ass. Locations Meublées St-Nicolas),St-Nicolas-de-Véroce,Évasion Mont-Blanc,France,,10,4,,chalet,self-catered,,unknown,unknown,"Jacuzzi / Sauna, jardin ou pré, terrasse, balcon, parking",700,,,,whole-chalet,EUR,season-range,1900,3000,,,unknown,,,"Chalet cosy, proche forêt et magnifique vue sur le massif du Mont Blanc. Ambiance chaleureuse pour des vacances inoubliables !",https://locations-saint-nicolas.com/liste.location.95.joly_chalet.html,Locations Meublées St-Nicolas (owners association),village-france-st-nicolas-de-véroce,5,chalets/images/locstnicolas-joly-chalet/,2026-10-06,"Assoc. listing #95; private owner, contact direct (phone/email on fiche). 125 m2. Published range €1900-3000/week (whole year, incl. summer). Tarifs: Tarifs variables en fonction de la saison et des périodes de vacances scolaires;frais de ménage en sus. Owner calendar has no 2026/27 entries -> availability unknown. ""Jacuzzi / Sauna"" equipment box ticked (which one not specified). pass2: exact-week price."
locstnicolas-les-fauvettes-chalet-independant-pour-8-personnes,Les Fauvettes - Chalet indépendant pour 8 personnes,Private owner (Ass. Locations Meublées St-Nicolas),St-Nicolas-de-Véroce,Évasion Mont-Blanc,France,,8,5,,chalet,self-catered,,none,no,,,,,,whole-chalet,EUR,quote-needed,,,,,yes,,,,https://locations-saint-nicolas.com/liste.location.90.les_fauvettes___chalet_ind__pendant_pour_8_personnes.html,Locations Meublées St-Nicolas (owners association),village-france-st-nicolas-de-véroce,1,chalets/images/locstnicolas-les-fauvettes-chalet-independant-pour-8-personnes/,2026-10-06,"Assoc. listing #90; private owner, contact direct (phone/email on fiche). Owner calendar has 1 bookings from Oct 2026 on, none over 20-27 Mar 2027 -> treated as free (confirm with owner). pass2: exact-week price."
locstnicolas-nidsalpinsbach,NidsAlpinsBACH,Private owner (Ass. Locations Meublées St-Nicolas),St-Nicolas-de-Véroce,Évasion Mont-Blanc,France,,8,3,,apartment,self-catered,,none,no,Sèche linge,60,,,,whole-chalet,EUR,quote-needed,,,,,yes,,,Cet appartement est un appartement dans un chalet situé au coeur du village situé dans un chalet au rez-de-chaussée avec un jardin privatif et une grande terrasse couverte. Cet appartement confortable de 90 m2 peut accueillir jusqu'à 8 personnes. Il,https://locations-saint-nicolas.com/liste.location.101.nidsalpinsbach.html,Locations Meublées St-Nicolas (owners association),village-france-st-nicolas-de-véroce,,,2026-10-06,"Assoc. listing #101; private owner, contact direct (phone/email on fiche). 90 m2. Owner calendar has 3 bookings from Oct 2026 on, none over 20-27 Mar 2027 -> treated as free (confirm with owner). pass2: exact-week price."
locstnicolas-le-covagnet-1,Le Covagnet 1,Private owner (Ass. Locations Meublées St-Nicolas),St-Nicolas-de-Véroce,Évasion Mont-Blanc,France,,5,3,,apartment,self-catered,,none,no,"balcon, parking",100,,,,whole-chalet,EUR,season-range,800,1500,,,yes,,,"Votre Refuge Chic & Nature (Ski & Rando) Voir les Avis : https://hmwy.onelink.me/hD4t/dd89qgmw Découvrez le parfait équilibre entre confort moderne et authenticité savoyarde dans cet appartement idéalement situé, refait à neuf, pour vos escapades en montagne, quelle que soit la",https://locations-saint-nicolas.com/liste.location.93.le_covagnet_1.html,Locations Meublées St-Nicolas (owners association),village-france-st-nicolas-de-véroce,,,2026-10-06,"Assoc. listing #93; private owner, contact direct (phone/email on fiche). 62 m2. Published range €800-1500/week (whole year, incl. summer). Tarifs: Si 2 semaines consécutives 30% de réduction sur la 2ème semaine. Owner calendar has 4 bookings from Oct 2026 on, none over 20-27 Mar 2027 -> treated as free (confirm with owner). pass2: exact-week price."
locstnicolas-montjoly,MontJoly,Private owner (Ass. Locations Meublées St-Nicolas),St-Nicolas-de-Véroce,Évasion Mont-Blanc,France,,6,1,,apartment,self-catered,,none,no,"Barbecue / Plancha, jardin ou pré, parking",,,,,whole-chalet,EUR,season-range,500,800,,,unknown,,,,https://locations-saint-nicolas.com/liste.location.25._quot_montjoly_quot_.html,Locations Meublées St-Nicolas (owners association),village-france-st-nicolas-de-véroce,,,2026-10-06,"Assoc. listing #25; private owner, contact direct (phone/email on fiche). Published range €500-800/week (whole year, incl. summer). Tarifs: En période de vacances, les prix sont : Eté: 450 ‚¬ du 28/06 AU 5/07, 650 ‚¬ PUIS 720 du 12/07 au 23/08/2025. Hiver: 600 ‚¬ du 21 au 28/12/2025, 820 ‚¬ du 28/12 au 4/01 ,830 ‚¬du 1 au 08/02 750 puis 870 ‚¬ du 8/02 au 8/03/2025 Basse saison hiver : 600 ‚¬ Haute saison hiver : 750 ‚¬ Owner calendar has no 2026/27 entries -> availability unknown. pass2: exact-week price."
locstnicolas-le-coq-de-bruyere,Le Coq de Bruyère,Private owner (Ass. Locations Meublées St-Nicolas),St-Nicolas-de-Véroce,Évasion Mont-Blanc,France,,7,4,,chalet,self-catered,,none,no,"jardin ou pré, terrasse, balcon, parking",,,,,whole-chalet,EUR,season-range,1500,2000,,,yes,,,,https://locations-saint-nicolas.com/liste.location.7.le_coq_de_bruy__re.html,Locations Meublées St-Nicolas (owners association),village-france-st-nicolas-de-véroce,,,2026-10-06,"Assoc. listing #7; private owner, contact direct (phone/email on fiche). Published range €1500-2000/week (whole year, incl. summer). Tarifs: Hiver hors vacances scolaires 1.800 ‚¬. Hiver pendant les vacances scolaires de 2.800 Eté hors vacances scolaires 1.800‚¬ Eté pendant les vacances scolaires, 1.700 ‚¬ pour 2 semaines (durée minimum) Owner calendar has 1 bookings from Oct 2026 on, none over 20-27 Mar 2027 -> treated as free (confirm with owner). pass2: exact-week price."
locstnicolas-foyer-celestin,Foyer Célestin,Private owner (Ass. Locations Meublées St-Nicolas),St-Nicolas-de-Véroce,Évasion Mont-Blanc,France,,8,4,,apartment,self-catered,,unknown,yes,"Barbecue / Plancha, Sèche linge, Jacuzzi / Sauna, fireplace/stove, jardin ou pré, terrasse, parking",750,,,,whole-chalet,EUR,season-range,1300,3000,,,unknown,,,Le chalet Célestin est une ancienne ferme entièrement rénovée en 2023 et aménagée avec gout par une décoratrice lyonnaise. Dans un cadre de ski incroyable au cœur du domaine Evasion Mont-Blanc et au pied de l’arrivée de la piste de,https://locations-saint-nicolas.com/liste.location.99.foyer_c__lestin.html,Locations Meublées St-Nicolas (owners association),village-france-st-nicolas-de-véroce,5,chalets/images/locstnicolas-foyer-celestin/,2026-10-06,"Assoc. listing #99; private owner, contact direct (phone/email on fiche). 125 m2. Published range €1300-3000/week (whole year, incl. summer). Tarifs: Le Foyer Célestin Hiver Haute saison : 3000€ Hiver Basse saison : 2500€ Eté Haute saison 1800€ Eté Basse saison 1500€ Hors saison 1300€ Les tarifs inclus le ménage, le bois et un forfait électricité de 100€ pour 7 jours correspondant à une utilisation classique du lieu. Possibilité de location à par Owner calendar has no 2026/27 entries -> availability unknown. ""Jacuzzi / Sauna"" equipment box ticked (which one not specified). Whole chalet (15 pers) also rentable - see chaletcelestin.com. pass2: exact-week price."
locstnicolas-la-grange,La Grange,Private owner (Ass. Locations Meublées St-Nicolas),St-Nicolas-de-Véroce,Évasion Mont-Blanc,France,,12,4,,apartment,self-catered,,none,no,"Barbecue / Plancha, Sèche linge, fireplace/stove",100,,,,whole-chalet,EUR,quote-needed,,,,,unknown,,,"Informations complémentaires, disponibilités et réservation disponible directement sur notre site internet : https://lechalet.brondel.net Chalet situé au plateau de la croix, départ et retour skis aux pieds. A 150 m de l'école de ski, et de la garderie. Idéal pour des",https://locations-saint-nicolas.com/liste.location.75.la_grange.html,Locations Meublées St-Nicolas (owners association),village-france-st-nicolas-de-véroce,5,chalets/images/locstnicolas-la-grange/,2026-10-06,"Assoc. listing #75; private owner, contact direct (phone/email on fiche). 160 m2. Owner calendar has no 2026/27 entries -> availability unknown. pass2: exact-week price."
locstnicolas-les-passereaux-sud,Les Passereaux Sud,Private owner (Ass. Locations Meublées St-Nicolas),St-Nicolas-de-Véroce,Évasion Mont-Blanc,France,,5,2,,apartment,self-catered,,none,no,"jardin ou pré, parking",300,,,,whole-chalet,EUR,season-range,200,700,,,yes,,,"Appartement très pratique pour des vacances à la montagne, coin jardin à la sortie du logement. Les propriétaires habitent à l'année un chalet tout proche. Idéal pour une semaine ou plus en famille . L'hiver, vous êtes à 5mn à",https://locations-saint-nicolas.com/liste.location.1.les_passereaux_sud.html,Locations Meublées St-Nicolas (owners association),village-france-st-nicolas-de-véroce,,,2026-10-06,"Assoc. listing #1; private owner, contact direct (phone/email on fiche). 30 m2. Published range €200-700/week (whole year, incl. summer). Tarifs: Prix pour la semaine à Noël 450 ‚¬ Prix pour la semaine en Février: 650 ‚¬ Prix pour la semaine en Juillet-Aout 280; 15 jours 500 ‚¬ Owner calendar has 5 bookings from Oct 2026 on, none over 20-27 Mar 2027 -> treated as free (confirm with owner). pass2: exact-week price."
locstnicolas-chalet-chez-michel,"Chalet ""Chez Michel",Private owner (Ass. Locations Meublées St-Nicolas),St-Nicolas-de-Véroce,Évasion Mont-Blanc,France,,8,2,,chalet,self-catered,,none,no,"fireplace/stove, jardin ou pré, terrasse, parking",800,,,,whole-chalet,EUR,season-range,900,1400,,,yes,,,Chalet individuel implanté face au massif du Mont-Blanc et dominant la vallée de Saint-Gervais. Le chalet est une construction neuve (terminée en 2016) au caractère authentique renfermant un mazot traditionnel. Il est prévu pour accueillir 8 personnes. Idéal pour 2,https://locations-saint-nicolas.com/liste.location.71.chalet__quot_chez_michel_quot_.html,Locations Meublées St-Nicolas (owners association),village-france-st-nicolas-de-véroce,4,chalets/images/locstnicolas-chalet-chez-michel/,2026-10-06,"Assoc. listing #71; private owner, contact direct (phone/email on fiche). 80 m2. Published range €900-1400/week (whole year, incl. summer). Tarifs: Pour les vacances de Février 1340 ‚¬ Hiver hors vacances 940 ‚¬ Vacances de Noël 1140 ‚¬ Juillet-Août 940 ‚¬ Taxe de séjour 1.00 ‚¬ par jour et par personne de plus de 18 ans. Owner calendar has 5 bookings from Oct 2026 on, none over 20-27 Mar 2027 -> treated as free (confirm with owner). pass2: exact-week price."
locstnicolas-la-gliesette,La Gliesette,Private owner (Ass. Locations Meublées St-Nicolas),St-Nicolas-de-Véroce,Évasion Mont-Blanc,France,,6,3,,chalet,self-catered,,none,no,,500,,,,whole-chalet,EUR,quote-needed,,,,,yes,,,"Situé en bordure du petit village de Saint Nicolas, ce chalet marie confort et grande tranquillité.",https://locations-saint-nicolas.com/liste.location.30.la_gliesette.html,Locations Meublées St-Nicolas (owners association),village-france-st-nicolas-de-véroce,,,2026-10-06,"Assoc. listing #30; private owner, contact direct (phone/email on fiche). 90 m2. Owner calendar has 1 bookings from Oct 2026 on, none over 20-27 Mar 2027 -> treated as free (confirm with owner). pass2: exact-week price."
locstnicolas-les-eterlous,Les Eterlous,Private owner (Ass. Locations Meublées St-Nicolas),St-Nicolas-de-Véroce,Évasion Mont-Blanc,France,,4,1,,chalet,self-catered,,none,no,"Barbecue / Plancha, fireplace/stove, jardin ou pré, terrasse, balcon, parking",450,,,,whole-chalet,EUR,season-range,800,1000,,,yes,,,"Charme et authenticité pour ce petit chalet, situé dans le hameau des Plans, à 1,7 km du village de Saint Nicolas-de-Véroce. A seulement 10 mn à pied du départ du télésiège des Chattrix. Son terrain de 1600 m2 et sa",https://locations-saint-nicolas.com/liste.location.67.les_eterlous.html,Locations Meublées St-Nicolas (owners association),village-france-st-nicolas-de-véroce,,,2026-10-06,"Assoc. listing #67; private owner, contact direct (phone/email on fiche). 40 m2. Published range €800-1000/week (whole year, incl. summer). Tarifs: Vacances de Noël et de Février : 1 000 euros la semaine de 7 nuits consécutives. Non louable en juillet et août . Hors saisons 800 euros. Owner calendar has 2 bookings from Oct 2026 on, none over 20-27 Mar 2027 -> treated as free (confirm with owner). pass2: exact-week price."
locstnicolas-studio-les-domes,Studio les Dômes,Private owner (Ass. Locations Meublées St-Nicolas),St-Nicolas-de-Véroce,Évasion Mont-Blanc,France,,4,1,,apartment,self-catered,,none,no,"jardin ou pré, terrasse, parking",200,,,,whole-chalet,EUR,season-range,400,700,,,unknown,,,"Petit appartement bénéficiant d'une très belle vue sur la chaine du Mont-blanc,décoré style chalet proche du télésiège.Deux espaces séparés pour le couchage. Belle terrasse avec salon de jardin. Endroit calme et préservé.Balades sur le gr directement au départ du chalet.",https://locations-saint-nicolas.com/liste.location.27.studio_les_d__mes.html,Locations Meublées St-Nicolas (owners association),village-france-st-nicolas-de-véroce,,,2026-10-06,"Assoc. listing #27; private owner, contact direct (phone/email on fiche). 20 m2. Published range €400-700/week (whole year, incl. summer). Tarifs: tarif hiver :à partir de 480 euros semaine . haute saison 65000 euros la semaine tarif été :à partir de 400 euros semaine. Owner calendar has no 2026/27 entries -> availability unknown. pass2: exact-week price."
locstnicolas-agapanthe,Agapanthe,Private owner (Ass. Locations Meublées St-Nicolas),St-Nicolas-de-Véroce,Évasion Mont-Blanc,France,,3,0,,apartment,self-catered,,none,no,"jardin ou pré, terrasse, parking",,,,,whole-chalet,EUR,season-range,300,400,,,yes,,,,https://locations-saint-nicolas.com/liste.location.96.agapanthe.html,Locations Meublées St-Nicolas (owners association),village-france-st-nicolas-de-véroce,,,2026-10-06,"Assoc. listing #96; private owner, contact direct (phone/email on fiche). Published range €300-400/week (whole year, incl. summer). Tarifs: Vacances scolaires Noel : 420 eur par semaine Vacances scolaires février/mars sur 4 semaines : 420 eur par semaine Hiver hors vacances scolaires : 320 eur par semaine Vacances scolaires printemps ( mars, avril, mai et juin ) : 320 eur par semaine Vacances d'été : 420 eur par semaine Vacances de la T Owner calendar has 1 bookings from Oct 2026 on, none over 20-27 Mar 2027 -> treated as free (confirm with owner). pass2: exact-week price."
locstnicolas-le-4810-chalet-les-cimes,Le 4810 : Chalet Les Cimes,Private owner (Ass. Locations Meublées St-Nicolas),St-Nicolas-de-Véroce,Évasion Mont-Blanc,France,,10,5,,chalet,self-catered,,none,no,"Sèche linge, fireplace/stove",50,,,,whole-chalet,EUR,quote-needed,,,,,yes,,,"Les Cimes est un chalet 5 étoiles alliant calme et confort dans un cadre privilégié. Bénéficiant d'un emplacement d'exception au pied des pistes (ski-in, ski-out,... d'un ski-room très bien équipé), combiné à une vue imprenable sur le massif du Mont-Blanc,",https://locations-saint-nicolas.com/liste.location.89.le_4810___chalet_les_cimes.html,Locations Meublées St-Nicolas (owners association),village-france-st-nicolas-de-véroce,5,chalets/images/locstnicolas-le-4810-chalet-les-cimes/,2026-10-06,"Assoc. listing #89; private owner, contact direct (phone/email on fiche). 260 m2. Owner calendar has 1 bookings from Oct 2026 on, none over 20-27 Mar 2027 -> treated as free (confirm with owner). pass2: exact-week price."
allchalets-48138,Chalet L'Anier - 1er étage,Private owner (Ass. Locations Meublées St-Nicolas),St-Nicolas-de-Véroce,Évasion Mont-Blanc,France,,10,3,,apartment,self-catered,,none,no,"Sèche linge, balcon, parking",300,,,,whole-chalet,EUR,season-range,1700,4700,,,unknown,,,"Chalet de charme à Saint Nicolas-de-Véroce Situé au coeur du paisible village de St Nicolas-de-véroce, ce chalet entièrement rénové, vous accueille dans un cadre authentique et rafiné D'une superficie de 100 m² sur un étage, il offre un espace de",https://locations-saint-nicolas.com/liste.location.45.chalet_l__039_anier___1er___tage.html,Locations Meublées St-Nicolas (owners association),village-france-st-nicolas-de-véroce,,,2026-10-06,"Assoc. listing #45; private owner, contact direct (phone/email on fiche). 100 m2. Published range €1700-4700/week (whole year, incl. summer). Tarifs: Prix Saison HIVER - à la semaine : Du 29/11/2025 au 20/12/2025 : 2 585 € Vacances scolaires de Noël : Du 20/12/2025 au 27/12/2025 : 3 760 € Du 27/12/2025 au 03/01/2026 : 4 700 € Du 03/01/2026 au 07/02/2026 : 3 055 € Vacances scolaires de Février : Du 07/02/2026 au 14/02/2026 : 3 290 € Du 14/02/2026  Owner calendar has no 2026/27 entries -> availability unknown. Same property as id (matched by name/location). pass2: exact-week price."
locstnicolas-la-chacuniere,La Chacunière,Private owner (Ass. Locations Meublées St-Nicolas),St-Nicolas-de-Véroce,Évasion Mont-Blanc,France,,15,5,,chalet,self-catered,,none,no,"Barbecue / Plancha, Sèche linge",800,,,,whole-chalet,EUR,quote-needed,,,,,yes,,,chalet authentique et confortable à proximité des pistes de ski de la station St Nicolas - St Gervais - Megève pour un super séjour à la montagne dans une des plus belles stations des Alpes. Option demi chalet complet possible,https://locations-saint-nicolas.com/liste.location.79.la_chacuni__re.html,Locations Meublées St-Nicolas (owners association),village-france-st-nicolas-de-véroce,5,chalets/images/locstnicolas-la-chacuniere/,2026-10-06,"Assoc. listing #79; private owner, contact direct (phone/email on fiche). 180 m2. Owner calendar has 1 bookings from Oct 2026 on, none over 20-27 Mar 2027 -> treated as free (confirm with owner). Half-chalet option (8 pers / 3 bedrooms). pass2: exact-week price."
allchalets-48140,Chalet L'Anier - Rez-de-Jardin,Private owner (Ass. Locations Meublées St-Nicolas),St-Nicolas-de-Véroce,Évasion Mont-Blanc,France,,8,3,,apartment,self-catered,,none,no,"Sèche linge, jardin ou pré, terrasse, parking",300,,,,whole-chalet,EUR,season-range,1700,4700,,,unknown,,,"Chalet de charme à Saint Nicolas-de-Véroce Situé au coeur du paisible village de St Nicolas-de-véroce, ce chalet entièrement rénové, vous accueille dans un cadre authentique et rafiné D'une superficie de 100 m² sur un étage, il offre un espace de",https://locations-saint-nicolas.com/liste.location.57.chalet_l__039_anier___rez_de_jardin.html,Locations Meublées St-Nicolas (owners association),village-france-st-nicolas-de-véroce,,,2026-10-06,"Assoc. listing #57; private owner, contact direct (phone/email on fiche). 100 m2. Published range €1700-4700/week (whole year, incl. summer). Tarifs: Prix Saison HIVER - à la semaine : Du 29/11/2025 au 20/12/2025 : 2 585 € Vacances scolaires de Noël : Du 20/12/2025 au 27/12/2025 : 3 760 € Du 27/12/2025 au 03/01/2026 : 4 700 € Du 03/01/2026 au 07/02/2026 : 3 055 € Vacances scolaires de Février : Du 07/02/2026 au 14/02/2026 : 3 290 € Du 14/02/2026  Owner calendar has no 2026/27 entries -> availability unknown. Same property as id (matched by name/location). pass2: exact-week price."
locstnicolas-indivision-grandjacques,Indivision Grandjacques,Private owner (Ass. Locations Meublées St-Nicolas),St-Nicolas-de-Véroce,Évasion Mont-Blanc,France,,6,2,,apartment,self-catered,,none,no,"Barbecue / Plancha, balcon, parking",200,,,,whole-chalet,EUR,season-range,600,1000,,,yes,,,"Appartement 4/6 personnes dans chalet au centre du village (mitoyen avec la sœur des propriétaires) composé d'une pièce à vivre avec canapé convertible 2 places, TV, Wi-Fi. coin cuisine (four, plaque induction, lave-vaisselle, frigidaire, congélateur, micro-onde, cafetière filtre, cafetière expresso",https://locations-saint-nicolas.com/liste.location.85.indivision_grandjacques.html,Locations Meublées St-Nicolas (owners association),village-france-st-nicolas-de-véroce,,,2026-10-06,"Assoc. listing #85; private owner, contact direct (phone/email on fiche). 53 m2. Published range €600-1000/week (whole year, incl. summer). Tarifs: suivant la période et le nombre de personnes. Owner calendar has 2 bookings from Oct 2026 on, none over 20-27 Mar 2027 -> treated as free (confirm with owner). pass2: exact-week price."
locstnicolas-les-bouquetins-les-nids-alpins,Les Bouquetins - Les Nids Alpins,Private owner (Ass. Locations Meublées St-Nicolas),St-Nicolas-de-Véroce,Évasion Mont-Blanc,France,,9,4,,apartment,self-catered,,none,no,"Barbecue / Plancha, balcon, parking",,,,,whole-chalet,EUR,season-range,2500,2500,,,yes,,,,https://locations-saint-nicolas.com/liste.location.55.les_bouquetins___les_nids_alpins.html,Locations Meublées St-Nicolas (owners association),village-france-st-nicolas-de-véroce,3,chalets/images/locstnicolas-les-bouquetins-les-nids-alpins/,2026-10-06,"Assoc. listing #55; private owner, contact direct (phone/email on fiche). Published range €2500-2500/week (whole year, incl. summer). Tarifs: Pas de location de moins de une semaine : 2500 € tarifs été et hiver 2026 et 2027 - tarifs fixe - Ménage - nettoyage = inclus dans le tarif de location Contact propriétaire : rodolphechastel@gmail.com Owner calendar has 2 bookings from Oct 2026 on, none over 20-27 Mar 2027 -> treated as free (confirm with owner). pass2: exact-week price."
locstnicolas-les-nids-alpins-appartement-3-pieces,"Les Nids Alpins, appartement 3 pièces",Private owner (Ass. Locations Meublées St-Nicolas),St-Nicolas-de-Véroce,Évasion Mont-Blanc,France,,4,2,,apartment,self-catered,,none,no,,50,,,,whole-chalet,EUR,quote-needed,,,,,unknown,,,"Appartement très ""cosy"" au coeur du village (face à la boulangerie et à côté de l'office du tourisme) entièrement rénové disposant d'une vaste terrasse plein sud de 30M2 , rez de chaussée , aucun vis à vis et vue sur",https://locations-saint-nicolas.com/liste.location.21.les_nids_alpins__appartement_3_pi__ces.html,Locations Meublées St-Nicolas (owners association),village-france-st-nicolas-de-véroce,,,2026-10-06,"Assoc. listing #21; private owner, contact direct (phone/email on fiche). 50 m2. Owner calendar has no 2026/27 entries -> availability unknown. pass2: exact-week price."
locstnicolas-la-petite-berangere,La Petite Bérangère,Private owner (Ass. Locations Meublées St-Nicolas),St-Nicolas-de-Véroce,Évasion Mont-Blanc,France,,6,1,,chalet,self-catered,,none,no,jardin ou pré,400,,,,whole-chalet,EUR,season-range,500,1000,,,yes,,,"!!! INFOS COVID-19 !!! : En cas d'impossibilité de déplacement résultant d'un confinement le séjour sera, à la convenance du locataire : - Soit reporté sur une autre date au choix de la même gamme tarifaire, selon les disponibilités, dans",https://locations-saint-nicolas.com/liste.location.53.la_petite_b__rang__re.html,Locations Meublées St-Nicolas (owners association),village-france-st-nicolas-de-véroce,,,2026-10-06,"Assoc. listing #53; private owner, contact direct (phone/email on fiche). 70 m2. Published range €500-1000/week (whole year, incl. summer). Tarifs: Les tarifs incluent : toutes charges eau, électricité, taxe de séjour, linge de lit de qualité (housses de couettes, draps housses, taies d'oreiller), produits d'entretien (hors lessive lave linge et lave vaisselle). Remises possibles, à appliquer sur les tarifs à la semaine : Remise ""2 personnes"" : Owner calendar has 5 bookings from Oct 2026 on, none over 20-27 Mar 2027 -> treated as free (confirm with owner). pass2: exact-week price."
locstnicolas-les-rois-miages,Les Rois Miages,Private owner (Ass. Locations Meublées St-Nicolas),St-Nicolas-de-Véroce,Évasion Mont-Blanc,France,,16,7,,chalet,self-catered,,none,no,Sèche linge,600,,,,whole-chalet,EUR,quote-needed,,,,,yes,,,"Grand chalet neuf (2004), spacieux, calme, très bien équipé. chambres avec salle d'eau privative, une 3 ° salle d'eau et une salle de bains. 3 WC. Vue panoramique sur les Alpes montagnes environnantes (Mont Blanc, Aravis, Chaîne des Fiz). Vacances",https://locations-saint-nicolas.com/liste.location.32.les_rois_miages.html,Locations Meublées St-Nicolas (owners association),village-france-st-nicolas-de-véroce,5,chalets/images/locstnicolas-les-rois-miages/,2026-10-06,"Assoc. listing #32; private owner, contact direct (phone/email on fiche). 220 m2. Owner calendar has 3 bookings from Oct 2026 on, none over 20-27 Mar 2027 -> treated as free (confirm with owner). pass2: exact-week price."
locstnicolas-cadran-solaire-est-6-pers,Cadran Solaire Est - 6 pers,Private owner (Ass. Locations Meublées St-Nicolas),St-Nicolas-de-Véroce,Évasion Mont-Blanc,France,,6,2,,apartment,self-catered,,none,no,,200,,,,whole-chalet,EUR,quote-needed,,,,,unknown,,,A deux pas des commerces et du télésiège. Vue magnifique sur la chaine du Mont Blanc.,https://locations-saint-nicolas.com/liste.location.70.cadran_solaire_est___6_pers.html,Locations Meublées St-Nicolas (owners association),village-france-st-nicolas-de-véroce,,,2026-10-06,"Assoc. listing #70; private owner, contact direct (phone/email on fiche). 60 m2. Owner calendar has no 2026/27 entries -> availability unknown. pass2: exact-week price."
locstnicolas-le-4810-chalet-le-dome,Le 4810 : Chalet Le Dome,Private owner (Ass. Locations Meublées St-Nicolas),St-Nicolas-de-Véroce,Évasion Mont-Blanc,France,,10,5,,chalet,self-catered,,unknown,yes,"Sèche linge, Jacuzzi / Sauna, fireplace/stove, pool, jardin ou pré, terrasse, balcon, garage, parking",50,,,,whole-chalet,EUR,season-range,3000,3000,,,yes,,,"Le Dôme est un chalet de haut standing alliant calme et confort dans un cadre privilégié. Bénéficiant d'un emplacement d'exception au pied des pistes (ski-in, ski-out,... d'un ski-room très bien équipé), combiné à une vue imprenable sur le massif du",https://locations-saint-nicolas.com/liste.location.88.le_4810___chalet_le_dome.html,Locations Meublées St-Nicolas (owners association),village-france-st-nicolas-de-véroce,5,chalets/images/locstnicolas-le-4810-chalet-le-dome/,2026-10-06,"Assoc. listing #88; private owner, contact direct (phone/email on fiche). 266 m2. Published range €3000-3000/week (whole year, incl. summer). Tarifs: Tarif à partir de 6500Euros la semaine en basse saison Tarif à partir de 11000Euros la semaine en haute saison Owner calendar has 2 bookings from Oct 2026 on, none over 20-27 Mar 2027 -> treated as free (confirm with owner). ""Jacuzzi / Sauna"" equipment box ticked (which one not specified). pass2: exact-week price."
locstnicolas-les-pierres-blanches,Les Pierres Blanches,Private owner (Ass. Locations Meublées St-Nicolas),St-Nicolas-de-Véroce,Évasion Mont-Blanc,France,,11,4,,apartment,self-catered,,none,no,"Barbecue / Plancha, Sèche linge, terrasse, parking",200,,,,whole-chalet,EUR,season-range,1100,2700,,,yes,,,Appartement indépendant dans chalet à 200m des pistes (départ télésiège Chattrix). 4 chambres : (11 couchages) 1 lit double 1 lit double 1 lit double et 1 lit superposé 1 lit simple et 1 lit superposé Les 2 chambres avec,https://locations-saint-nicolas.com/liste.location.84.les_pierres_blanches.html,Locations Meublées St-Nicolas (owners association),village-france-st-nicolas-de-véroce,4,chalets/images/locstnicolas-les-pierres-blanches/,2026-10-06,"Assoc. listing #84; private owner, contact direct (phone/email on fiche). 95 m2. Published range €1100-2700/week (whole year, incl. summer). Tarifs: Tarif Hors taxe de séjour reversée à la commune de Saint Gervais (+ de 18ans) Hiver : Vacances scolaire Noel : 2100 €/semaine (ménage inclus) Hiver : 2700 €/semaine (ménage inclus) Hors vacances scolaire: 1400 €/semaine (ménage inclus) Printemps : 1200 €/semaine (ménage inclus) Eté Vacances scolaire Owner calendar has 2 bookings from Oct 2026 on, none over 20-27 Mar 2027 -> treated as free (confirm with owner). pass2: exact-week price."
locstnicolas-chalet-l-armancette,Chalet L'Armancette,Private owner (Ass. Locations Meublées St-Nicolas),St-Nicolas-de-Véroce,Évasion Mont-Blanc,France,,11,3,,chalet,self-catered,,none,no,"Barbecue / Plancha, Sèche linge, jardin ou pré, terrasse, balcon, garage, parking",,,,,whole-chalet,EUR,season-range,1800,2400,,,yes,,,,https://locations-saint-nicolas.com/liste.location.36.chalet_l__039_armancette.html,Locations Meublées St-Nicolas (owners association),village-france-st-nicolas-de-véroce,5,chalets/images/locstnicolas-chalet-l-armancette/,2026-10-06,"Assoc. listing #36; private owner, contact direct (phone/email on fiche). Published range €1800-2400/week (whole year, incl. summer). Tarifs: Hiver: Période congés scolaires 2450 ‚¬/semaine Période hors congés scolaires 2240 ‚¬ /semaine Printemps et Eté : Période congés scolaires 1800 ‚¬ /semaine Période hors congés scolaires 1600 ‚¬ /semaine Owner calendar has 5 bookings from Oct 2026 on, none over 20-27 Mar 2027 -> treated as free (confirm with owner). pass2: exact-week price."
locstnicolas-chalet-3-chambres-a-saint-nicolas-de-veroce,Chalet 3 chambres à Saint-Nicolas-de-Véroce,Private owner (Ass. Locations Meublées St-Nicolas),St-Nicolas-de-Véroce,Évasion Mont-Blanc,France,,6,3,,chalet,self-catered,,none,no,jardin ou pré,,,,,whole-chalet,EUR,season-range,500,700,,,unknown,,,,https://locations-saint-nicolas.com/liste.location.105.chalet_3_chambres____saint_nicolas_de_v__roce.html,Locations Meublées St-Nicolas (owners association),village-france-st-nicolas-de-véroce,,,2026-10-06,"Assoc. listing #105; private owner, contact direct (phone/email on fiche). Published range €500-700/week (whole year, incl. summer). Tarifs: . 13/8 au 29/8/26: 720€ la semaine (1240€ les 2 semaines) . Septembre/oct : 550€ la semaine . Noël et vacances de février : 880€ (pour toute location: chèque de caution de 150€ demandé 14 jours avant la location, à envoyer par courrier à : agnès Niox chateau 12 ave Dubonnet, 92400 Courbevoie, et res Owner calendar has no 2026/27 entries -> availability unknown. pass2: exact-week price."
locstnicolas-chalet-montjoye,Chalet Montjoye,Private owner (Ass. Locations Meublées St-Nicolas),St-Nicolas-de-Véroce,Évasion Mont-Blanc,France,,8,3,,apartment,self-catered,,none,no,Sèche linge,300,,,,whole-chalet,EUR,quote-needed,,,,,no,,,"Appartement situé en plein coeur du village de Saint Nicolas de véroce sur le domaine skiable de Saint Gervais Montblanc Megève. Au 2eme Etage d'un chalet typique du Montjoye, 130m2 en Duplex avec 3 chambres, 2 salles de bain, 2",https://locations-saint-nicolas.com/liste.location.104.chalet_montjoye.html,Locations Meublées St-Nicolas (owners association),village-france-st-nicolas-de-véroce,4,chalets/images/locstnicolas-chalet-montjoye/,2026-10-06,"Assoc. listing #104; private owner, contact direct (phone/email on fiche). 130 m2. Owner calendar booked 2027-03-26..2027-03-29. pass2: exact-week price."
locstnicolas-le-cadran-solaire-4-6-personnes,Le Cadran solaire - 4/6 personnes,Private owner (Ass. Locations Meublées St-Nicolas),St-Nicolas-de-Véroce,Évasion Mont-Blanc,France,,6,2,,apartment,self-catered,,none,no,,200,,,,whole-chalet,EUR,quote-needed,,,,,unknown,,,A deux pas des commerces et du télésiège. Vue magnifique sur la chaine du Mont Blanc. Ambiance chaleureuse type chalet gr ce à la présence du bois.,https://locations-saint-nicolas.com/liste.location.41.le_cadran_solaire___4_6_personnes.html,Locations Meublées St-Nicolas (owners association),village-france-st-nicolas-de-véroce,,,2026-10-06,"Assoc. listing #41; private owner, contact direct (phone/email on fiche). 53 m2. Owner calendar has no 2026/27 entries -> availability unknown. pass2: exact-week price."
locstnicolas-chez-henri,Chez Henri,Private owner (Ass. Locations Meublées St-Nicolas),St-Nicolas-de-Véroce,Évasion Mont-Blanc,France,,5,3,,apartment,self-catered,,none,no,,300,,,,whole-chalet,EUR,quote-needed,,,,,unknown,,,Appartement dans la ferme des propriétaires. Très fonctionnel pour des vacances à la montagne.,https://locations-saint-nicolas.com/liste.location.33.chez_henri.html,Locations Meublées St-Nicolas (owners association),village-france-st-nicolas-de-véroce,,,2026-10-06,"Assoc. listing #33; private owner, contact direct (phone/email on fiche). 45 m2. Owner calendar has no 2026/27 entries -> availability unknown. pass2: exact-week price."
locstnicolas-les-nids-alpins-pupier,Les Nids Alpins - Pupier,Private owner (Ass. Locations Meublées St-Nicolas),St-Nicolas-de-Véroce,Évasion Mont-Blanc,France,,12,4,,apartment,self-catered,,none,no,"Sèche linge, parking",60,,,,whole-chalet,EUR,season-range,500,2700,,,yes,,,"Appartement très spacieux et lumineux Grand volume séjour-SàM-cuisine avec vue sur massif du Mont Blanc Cuisine équipée :Four, lave-vaisselle, micro-onde, réfrigérateur, plaque induction, hotte 3 chambres au niveau principal dont 2 chambres avec 1 lit double et 1 chambre avec",https://locations-saint-nicolas.com/liste.location.16.les_nids_alpins___pupier.html,Locations Meublées St-Nicolas (owners association),village-france-st-nicolas-de-véroce,5,chalets/images/locstnicolas-les-nids-alpins-pupier/,2026-10-06,"Assoc. listing #16; private owner, contact direct (phone/email on fiche). 95 m2. Published range €500-2700/week (whole year, incl. summer). Tarifs: Hiver 2026-2027 du 19/12 au 26/12/2026 : 2500 euros/semaine du 26/12/2026 au 02/01/2027 : 2700 euros/semaine du 02/01 au 09/01/2027 : 1200 euros/semaine du 09/01 au 06/02/2027 : 950 euros/semaine du 06/02 au 06/03 : 2700 euros/semaine Printemps 2026 du 07/03 au 04/04 : 950 euros/semaine du 04/04 au  Owner calendar has 1 bookings from Oct 2026 on, none over 20-27 Mar 2027 -> treated as free (confirm with owner). pass2: exact-week price."
locstnicolas-le-lutin,Le Lutin,Private owner (Ass. Locations Meublées St-Nicolas),St-Nicolas-de-Véroce,Évasion Mont-Blanc,France,,6,1,,apartment,self-catered,,none,no,"jardin ou pré, parking",,,,,whole-chalet,EUR,season-range,600,900,,,unknown,,,,https://locations-saint-nicolas.com/liste.location.48.le_lutin.html,Locations Meublées St-Nicolas (owners association),village-france-st-nicolas-de-véroce,,,2026-10-06,"Assoc. listing #48; private owner, contact direct (phone/email on fiche). Published range €600-900/week (whole year, incl. summer). Tarifs: Tarifs 2023/24: 900 Euros/semaine: Vacances de Noel et Nouvel An 800 Euros/semaine: Vacances Scolaires de Février et de Printemps 700 Euros/semaine: Toute autre période Owner calendar has no 2026/27 entries -> availability unknown. pass2: exact-week price."
locstnicolas-le-covagnet,Le Covagnet,Private owner (Ass. Locations Meublées St-Nicolas),St-Nicolas-de-Véroce,Évasion Mont-Blanc,France,,6,2,,apartment,self-catered,,none,no,Barbecue / Plancha,100,,,,whole-chalet,EUR,quote-needed,,,,,yes,,,"Appartement très clair, et très calme, entièrement rénové où vous passerez de très belles vacances. Vue imprenable sur le massif du Mt Blanc. A proximité immédiate des remontées mécaniques du domaine skiable St Gervais - Megève - St Nicolas. Piste",https://locations-saint-nicolas.com/liste.location.20.le_covagnet.html,Locations Meublées St-Nicolas (owners association),village-france-st-nicolas-de-véroce,,,2026-10-06,"Assoc. listing #20; private owner, contact direct (phone/email on fiche). 51 m2. Owner calendar has 5 bookings from Oct 2026 on, none over 20-27 Mar 2027 -> treated as free (confirm with owner). pass2: exact-week price."
locstnicolas-les-nids-alpins-11,Les Nids Alpins,Private owner (Ass. Locations Meublées St-Nicolas),St-Nicolas-de-Véroce,Évasion Mont-Blanc,France,,6,2,,apartment,self-catered,,none,no,,60,,,,whole-chalet,EUR,quote-needed,,,,,yes,,,Appartement au deuxieme et dernier étage d'un chalet en plein coeur du village.,https://locations-saint-nicolas.com/liste.location.11.les_nids_alpins.html,Locations Meublées St-Nicolas (owners association),village-france-st-nicolas-de-véroce,,,2026-10-06,"Assoc. listing #11; private owner, contact direct (phone/email on fiche). 50 m2. Owner calendar has 8 bookings from Oct 2026 on, none over 20-27 Mar 2027 -> treated as free (confirm with owner). pass2: exact-week price."
locstnicolas-appartement-faucheux-les-plans-3-pieces,Appartement Faucheux Les Plans 3 pièces,Private owner (Ass. Locations Meublées St-Nicolas),St-Nicolas-de-Véroce,Évasion Mont-Blanc,France,,6,2,,apartment,self-catered,,none,no,"balcon, parking",,,,,whole-chalet,EUR,season-range,400,900,,,yes,,,,https://locations-saint-nicolas.com/liste.location.4.appartement_faucheux_les_plans_3_pi__ces.html,Locations Meublées St-Nicolas (owners association),village-france-st-nicolas-de-véroce,,,2026-10-06,"Assoc. listing #4; private owner, contact direct (phone/email on fiche). Published range €400-900/week (whole year, incl. summer). Tarifs: Vacances scolaires février mars : 840€ par semaine Vacances de Noël et 1 janvier : 660€ par semaine Hiver, hors vacances scolaires : 570€ par semaine Mai, juin, septembre, octobre : 450€ par semaine 14 juillet-15 août : 570€ par semaine Début juillet et fin août : 510€ par semaine Novembre et décemb Owner calendar has 3 bookings from Oct 2026 on, none over 20-27 Mar 2027 -> treated as free (confirm with owner). pass2: exact-week price."
locstnicolas-chalet-les-costaz,Chalet Les Costaz,Private owner (Ass. Locations Meublées St-Nicolas),St-Nicolas-de-Véroce,Évasion Mont-Blanc,France,,14,5,,chalet,self-catered,,none,no,"fireplace/stove, jardin ou pré, terrasse, parking",200,,,,whole-chalet,EUR,season-range,1400,3000,,,yes,,,"Construit en 1985, le chalet est situé dans le hameau ""Les Chattrix"", à 1 km du village de Saint Nicolas de Véroce (commune de Saint Gervais lès Bains). Tout confort, il a une capacité de 14/16 couchages, une surface habitable",https://locations-saint-nicolas.com/liste.location.56.chalet_les_costaz.html,Locations Meublées St-Nicolas (owners association),village-france-st-nicolas-de-véroce,5,chalets/images/locstnicolas-chalet-les-costaz/,2026-10-06,"Assoc. listing #56; private owner, contact direct (phone/email on fiche). 140 m2. Published range €1400-3000/week (whole year, incl. summer). Tarifs: tarif TRES HAUTE SAISON cad vacances scolaires décembre et février : 3000 euros la semaine tarif HAUTE SAISON cad Janvier et après le vacances scolaires : 2400 euros la semaine tarif NORMAL cad de Avril à fin Juin et Septembre à Décembre : 1400 euros la semaine tarif ETE cad Juillet et Aout : 1600 e Owner calendar has 1 bookings from Oct 2026 on, none over 20-27 Mar 2027 -> treated as free (confirm with owner). pass2: exact-week price."
locstnicolas-chalet-la-montagne-aux-plans,CHALET LA MONTAGNE AUX PLANS,Private owner (Ass. Locations Meublées St-Nicolas),St-Nicolas-de-Véroce,Évasion Mont-Blanc,France,,13,6,,chalet,self-catered,,none,no,"Barbecue / Plancha, fireplace/stove, jardin ou pré, terrasse, parking",500,,,,whole-chalet,EUR,season-range,1500,3000,,,yes,,,"Chalet contemporain de 2005, à 1170m d'altitude, à 500 m du pied des pistes. On peut rejoindre à pied ou par navettes gratuites le télésiège des Chattrix à 500m ou le village de St Nicolas de Véroce à 2 km.",https://locations-saint-nicolas.com/liste.location.98.chalet_la_montagne_aux_plans.html,Locations Meublées St-Nicolas (owners association),village-france-st-nicolas-de-véroce,3,chalets/images/locstnicolas-chalet-la-montagne-aux-plans/,2026-10-06,"Assoc. listing #98; private owner, contact direct (phone/email on fiche). 150 m2. Published range €1500-3000/week (whole year, incl. summer). Tarifs: Les tarifs comportent la location , les charges d'eau, chauffage, électricité, bois de chauffage. Ne comprennent pas le ménage (150€ en fin de séjour) Vacances scolaires de Noël et février: 3000€+ 150 pour le ménage (obligatoire) Mars après vacances scolaires : 1700€ + 150€ pour le ménage fin de séj Owner calendar has 4 bookings from Oct 2026 on, none over 20-27 Mar 2027 -> treated as free (confirm with owner). pass2: exact-week price."
locstnicolas-chalet-les-domes,Chalet les Dômes,Private owner (Ass. Locations Meublées St-Nicolas),St-Nicolas-de-Véroce,Évasion Mont-Blanc,France,,6,1,,apartment,self-catered,,none,no,"balcon, parking",,,,,whole-chalet,EUR,season-range,700,900,,,unknown,,,,https://locations-saint-nicolas.com/liste.location.103.chalet_les_d__mes.html,Locations Meublées St-Nicolas (owners association),village-france-st-nicolas-de-véroce,,,2026-10-06,"Assoc. listing #103; private owner, contact direct (phone/email on fiche). Published range €700-900/week (whole year, incl. summer). Tarifs: 700 € (dont 50 € ménage) Hors périodes scolaires et été 900 € (dont 50 € ménage) Périodes scolaires Owner calendar has no 2026/27 entries -> availability unknown. pass2: exact-week price."
locstnicolas-les-chalets-de-tete-rousse,Les Chalets de Tête Rousse,Private owner (Ass. Locations Meublées St-Nicolas),St-Nicolas-de-Véroce,Évasion Mont-Blanc,France,,4,1,,apartment,self-catered,,none,no,"balcon, parking",,,,,whole-chalet,EUR,season-range,300,500,,,unknown,,,,https://locations-saint-nicolas.com/liste.location.50.les_chalets_de_t__te_rousse.html,Locations Meublées St-Nicolas (owners association),village-france-st-nicolas-de-véroce,,,2026-10-06,"Assoc. listing #50; private owner, contact direct (phone/email on fiche). Published range €300-500/week (whole year, incl. summer). Tarifs: Vacances scolaires d'hiver 450 ‚¬ Owner calendar has no 2026/27 entries -> availability unknown. pass2: exact-week price."
locstnicolas-le-telemark,Le Télémark,Private owner (Ass. Locations Meublées St-Nicolas),St-Nicolas-de-Véroce,Évasion Mont-Blanc,France,,12,6,,chalet,self-catered,,none,no,Barbecue / Plancha,100,,,,whole-chalet,EUR,quote-needed,,,,,yes,,,"Dans le village de St Nicolas, chalet familial, chambres spacieuses, idéale pour les familles très au calme, avec panorama superbe sur la chaîne du Mont Blanc et les Dômes de Miage. Proche commerces et remontées mécaniques à 100m",https://locations-saint-nicolas.com/liste.location.26.le_t__l__mark.html,Locations Meublées St-Nicolas (owners association),village-france-st-nicolas-de-véroce,4,chalets/images/locstnicolas-le-telemark/,2026-10-06,"Assoc. listing #26; private owner, contact direct (phone/email on fiche). 185 m2. Owner calendar has 7 bookings from Oct 2026 on, none over 20-27 Mar 2027 -> treated as free (confirm with owner). pass2: exact-week price."
locstnicolas-le-grenier,Le Grenier,Private owner (Ass. Locations Meublées St-Nicolas),St-Nicolas-de-Véroce,Évasion Mont-Blanc,France,,8,3,,apartment,self-catered,,none,no,,100,,,,whole-chalet,EUR,quote-needed,,,,,unknown,,,"Informations complémentaires, disponibilités et réservation disponible directement sur notre site internet : https://lechalet.brondel.net Petit appartement avec 2 chambres cabine et une alcôve situé au plateau de la croix, départ et retour skis aux pieds. A 150 m de l'école de",https://locations-saint-nicolas.com/liste.location.74.le_grenier.html,Locations Meublées St-Nicolas (owners association),village-france-st-nicolas-de-véroce,3,chalets/images/locstnicolas-le-grenier/,2026-10-06,"Assoc. listing #74; private owner, contact direct (phone/email on fiche). 60 m2. Owner calendar has no 2026/27 entries -> availability unknown. pass2: exact-week price."
locstnicolas-les-bouquetins-appart-1,Les Bouquetins appart 1,Private owner (Ass. Locations Meublées St-Nicolas),St-Nicolas-de-Véroce,Évasion Mont-Blanc,France,,5,2,,apartment,self-catered,,none,no,"jardin ou pré, garage",700,,,,whole-chalet,EUR,season-range,400,700,,,unknown,,,"Adorable petit appartement situé à 7 mn des remontées mécaniques des Chattrix. De plain pied, Orientation plein sud et vue sur le massif du Mont-Blanc. Constitué d'une pièce principale avec coin cuisine, salle à manger avec un canapé 2 places",https://locations-saint-nicolas.com/liste.location.77.les_bouquetins_appart_1.html,Locations Meublées St-Nicolas (owners association),village-france-st-nicolas-de-véroce,,,2026-10-06,"Assoc. listing #77; private owner, contact direct (phone/email on fiche). 30 m2. Published range €400-700/week (whole year, incl. summer). Tarifs: Le tarif de la location en hiver est de 400 ‚¬ la semaine en dehors des vacances scolaires et de 650 ‚¬ la semaine pendant les vacances scolaires. Pour d'autres périodes ou d'autres durées, contactez nous. Nous demandons un chèque de caution de 300 ‚¬ qui ne sera pas encaissé et qui sera restitué à  Owner calendar has no 2026/27 entries -> availability unknown. pass2: exact-week price."
locstnicolas-le-vorassey,Le Vorassey,Private owner (Ass. Locations Meublées St-Nicolas),St-Nicolas-de-Véroce,Évasion Mont-Blanc,France,,4,2,,apartment,self-catered,,none,no,,20,,,,whole-chalet,EUR,quote-needed,,,,,yes,,,"Appartement idéalement situé au centre du village proche de toutes commodités. Pour 4 personnes (+1 enfant si petit) (lit parapluie disponible) Appartement loué avec tout le linge de maison. Cuisine équipée , frigo avec petit congélateur intégré, lave vaisselle, appareil",https://locations-saint-nicolas.com/liste.location.40.le_vorassey.html,Locations Meublées St-Nicolas (owners association),village-france-st-nicolas-de-véroce,,,2026-10-06,"Assoc. listing #40; private owner, contact direct (phone/email on fiche). 50 m2. Owner calendar has 2 bookings from Oct 2026 on, none over 20-27 Mar 2027 -> treated as free (confirm with owner). pass2: exact-week price."
locstnicolas-chalet-les-ancolies,Chalet les Ancolies,Private owner (Ass. Locations Meublées St-Nicolas),St-Nicolas-de-Véroce,Évasion Mont-Blanc,France,,4,2,,chalet,self-catered,,none,no,"jardin ou pré, terrasse, balcon, parking",800,,,,whole-chalet,EUR,season-range,300,500,,,unknown,,,"Petit chalet individuel face au massif du Mont Blanc sur 2000 m ² de terrain Un balcon de 19 m courant sur 2 faces du chalet, et une terrasse naturelle plein sud vous permettent de bénéficier d'une vue panoramique exceptionnelle",https://locations-saint-nicolas.com/liste.location.13.chalet_les_ancolies.html,Locations Meublées St-Nicolas (owners association),village-france-st-nicolas-de-véroce,,,2026-10-06,"Assoc. listing #13; private owner, contact direct (phone/email on fiche). 50 m2. Published range €300-500/week (whole year, incl. summer). Tarifs: vacances d'hiver: 500 à 550 ‚¬ la semaine vacances d'été : 350 à 400 ‚¬ la semaine noël: 500 ‚¬ n.an:550 ‚¬ Owner calendar has no 2026/27 entries -> availability unknown. pass2: exact-week price."
locstnicolas-les-campanules,Les Campanules,Private owner (Ass. Locations Meublées St-Nicolas),St-Nicolas-de-Véroce,Évasion Mont-Blanc,France,,10,3,,apartment,self-catered,,none,no,"terrasse, balcon, parking",50,,,,whole-chalet,EUR,season-range,500,2100,,,no,,,"Grand appartement refait à neuf ! Au pied du télésiège des Chattrix, il est situé à moins de 50 mètres des caisses forfaits. Ce duplex dispose d'un balcon avec vue sur l'aiguille du Midi et le massif du Mont-Blanc ainsi",https://locations-saint-nicolas.com/liste.location.58.les_campanules.html,Locations Meublées St-Nicolas (owners association),village-france-st-nicolas-de-véroce,3,chalets/images/locstnicolas-les-campanules/,2026-10-06,"Assoc. listing #58; private owner, contact direct (phone/email on fiche). Published range €500-2100/week (whole year, incl. summer). Tarifs: Vacances scolaires hiver : 2100 Euros Possibilité location de 2 à 5 jours, nous consulter. Owner calendar booked 2027-03-06..2027-05-01. pass2: exact-week price."
locstnicolas-la-ferme-de-nant-blanchet,la Ferme de Nant Blanchet,Private owner (Ass. Locations Meublées St-Nicolas),St-Nicolas-de-Véroce,Évasion Mont-Blanc,France,,8,4,,apartment,self-catered,,none,no,Barbecue / Plancha,,,,,whole-chalet,EUR,quote-needed,,,,,yes,,,,https://locations-saint-nicolas.com/liste.location.73.la_ferme_de_nant_blanchet.html,Locations Meublées St-Nicolas (owners association),village-france-st-nicolas-de-véroce,3,chalets/images/locstnicolas-la-ferme-de-nant-blanchet/,2026-10-06,"Assoc. listing #73; private owner, contact direct (phone/email on fiche). Owner calendar has 3 bookings from Oct 2026 on, none over 20-27 Mar 2027 -> treated as free (confirm with owner). pass2: exact-week price."
locstnicolas-studio-le-gouter,Studio Le Gouter,Private owner (Ass. Locations Meublées St-Nicolas),St-Nicolas-de-Véroce,Évasion Mont-Blanc,France,,4,1,,apartment,self-catered,,none,no,"terrasse, parking",150,,,,whole-chalet,EUR,season-range,300,400,,,unknown,,,Studio situé tout près des pistes (150 m) avec vue sur le massif du Mont-Blanc. Comportant une entrée avec deux lits superposés distribuant une salle d'eau et WC séparé et la salle principale avec cuisine équipée et lit clic-clac. Cette,https://locations-saint-nicolas.com/liste.location.51.studio_le_gouter.html,Locations Meublées St-Nicolas (owners association),village-france-st-nicolas-de-véroce,,,2026-10-06,"Assoc. listing #51; private owner, contact direct (phone/email on fiche). 20 m2. Published range €300-400/week (whole year, incl. summer). Tarifs: Tarif à négocier en fonction des périodes de vacances scolaires. Owner calendar has no 2026/27 entries -> availability unknown. pass2: exact-week price."
locstnicolas-chalet-les-biolles,"Chalet ""Les Biolles",Private owner (Ass. Locations Meublées St-Nicolas),St-Nicolas-de-Véroce,Évasion Mont-Blanc,France,,8,4,,chalet,self-catered,,none,no,"Barbecue / Plancha, jardin ou pré, terrasse, balcon, parking",2000,,,,whole-chalet,EUR,season-range,1400,2200,,,unknown,,,"Vous serez sous le charme de ce chalet convivial et facile à vivre pour 8 personnes. Il a été rénové en 2022 et 2024. La vue sur le Mont Blanc est imprenable, ainsi que sur la chaine des Fiz et",https://locations-saint-nicolas.com/liste.location.8.chalet__quot_les_biolles_quot_.html,Locations Meublées St-Nicolas (owners association),village-france-st-nicolas-de-véroce,5,chalets/images/locstnicolas-chalet-les-biolles/,2026-10-06,"Assoc. listing #8; private owner, contact direct (phone/email on fiche). 120 m2. Published range €1400-2200/week (whole year, incl. summer). Tarifs: semaines vacances Noel et Fevrier 2200 ‚¬ + 150 menage. semaines janvier a fin avril : 1800 + 150 € menage semaines été mai à octobre : 1400 + 150 menage WE 3 nuits minimum : 750 + 150 menage Owner calendar has no 2026/27 entries -> availability unknown. pass2: exact-week price."
locstnicolas-brigitte-et-gilles-grandjacques,Brigitte et Gilles GRANDJACQUES,Private owner (Ass. Locations Meublées St-Nicolas),St-Nicolas-de-Véroce,Évasion Mont-Blanc,France,,2,1,,apartment,self-catered,,none,no,,,,,,whole-chalet,EUR,quote-needed,,,,,yes,,,,https://locations-saint-nicolas.com/liste.location.91.brigitte_et_gilles_grandjacques.html,Locations Meublées St-Nicolas (owners association),village-france-st-nicolas-de-véroce,,,2026-10-06,"Assoc. listing #91; private owner, contact direct (phone/email on fiche). Owner calendar has 1 bookings from Oct 2026 on, none over 20-27 Mar 2027 -> treated as free (confirm with owner). pass2: exact-week price."
locstnicolas-le-gouter,Le Gouter,Private owner (Ass. Locations Meublées St-Nicolas),St-Nicolas-de-Véroce,Évasion Mont-Blanc,France,,4,2,,apartment,self-catered,,none,no,"terrasse, parking",200,,,,whole-chalet,EUR,season-range,600,1200,,,unknown,,,"Au rez de chaussée sur jardin, face au mont blanc, appartement 3 pièces meublé montagne - une chambre parents avec lit double - une chambre enfants avec lits superposés - une grande pièce a vivre Sèche chaussure de ski électrique,",https://locations-saint-nicolas.com/liste.location.100.le_gouter.html,Locations Meublées St-Nicolas (owners association),village-france-st-nicolas-de-véroce,,,2026-10-06,"Assoc. listing #100; private owner, contact direct (phone/email on fiche). 40 m2. Published range €600-1200/week (whole year, incl. summer). Tarifs: Hiver Haute saison : 1200€ Hiver Basse saison : 900€ Eté Haute saison : 900€ Eté Basse saison 700€ Hors saison 600€ Ménage, draps et serviettes inclus • Hiver Haute saison : du 21/12/24 au 04/01/25 et du 08/02/25 au 08/03/25 • Hiver Basse saison : du 04/01/25 au 08/02/25 et du 08/03/25 au 05/04/25 • Owner calendar has no 2026/27 entries -> availability unknown. pass2: exact-week price."
almae-armancette-chalet-aster,Chalet Aster & Spa,,St-Nicolas-de-Véroce,Évasion Mont-Blanc,France,,14,6,,chalet,self-catered,,private-indoor,yes,"private wellness area with indoor jacuzzi, sauna, Technogym fitness room, fireplace, boot warmers, garage",,yes,unknown,,whole-chalet,EUR,season-range,24000,34750,,"linen, towels, bath products, mid-week housekeeping, end clean, concierge",unknown,,,"Luxury ski-in/out chalet at 1,450m on the Plateau de la Croix above St-Nicolas-de-Véroce (Les Chalets du Plateau de la Croix); 6 en-suite bedrooms incl. 4-bed dorm, sleeps 14; private spa with indoor jacuzzi and sauna.",https://www.hipchalets.com/chalet-aster-spa,Hip Chalets,village-france-st-nicolas-de-véroce,,,2026-10-06,"Hip Chalets weekly prices: Dec €24,000; Xmas/NY/Feb €34,750; Mar & Apr €24,000 (so 20-27 Mar ≈ €24,000, not quoted as exact week). Winter range used. Same chalet as Armancette MSEM room type ""Chalet Aster et Spa"". Chef not mentioned. pass2: availability."
almae-armancette-chalet-carline,Chalet Carline,,St-Nicolas-de-Véroce,Évasion Mont-Blanc,France,,14,6,,chalet,self-catered,,unknown,unknown,"fireplace, terraces, ski room, garage",,yes,unknown,,whole-chalet,EUR,season-range,24000,29000,,"linen, towels, bath products, mid-week housekeeping, end clean, concierge",unknown,,,"Luxury ski-in/out family chalet at 1,450m on the Plateau de la Croix above St-Nicolas-de-Véroce; 6 en-suite bedrooms (3 doubles, 2 double/twin, 4-bed dorm), sleeps 14.",https://www.hipchalets.com/chalet-carline,Hip Chalets,village-france-st-nicolas-de-véroce,,,2026-10-06,"Hip Chalets weekly prices: Dec/Jan/Mar/Apr €24,000; Xmas/NY/Feb €29,000. No hot tub listed for Carline itself; sister Chalet Silène mentions a shared wellness chalet in the hamlet (sauna, indoor + outdoor hot tub) - Carline access not stated. pass2: availability, wellness access."
almae-armancette-chalet-silene,Chalet Silène,,St-Nicolas-de-Véroce,Évasion Mont-Blanc,France,,8,3,,chalet,self-catered,,shared,yes,"access to shared wellness chalet (sauna, indoor + outdoor hot tub), fireplace, garage, gardens",,yes,unknown,,whole-chalet,EUR,season-range,13300,20450,,"linen, towels, bath products, mid-week housekeeping, end clean, concierge",unknown,,,"Family ski-in/out chalet on the Plateau de la Croix above St-Nicolas-de-Véroce; 2 en-suite double/twin rooms + 4-bed en-suite dorm, sleeps 8; access to shared wellness chalet with sauna and hot tubs.",https://www.hipchalets.com/chalet-silene,Hip Chalets,village-france-st-nicolas-de-véroce,,,2026-10-06,"Hip Chalets weekly prices: Dec/Jan/Mar/Apr €13,300; Xmas/NY/Feb €20,450 (20-27 Mar ≈ €13,300). Hot tubs/sauna are in a wellness chalet shared within the hamlet. pass2: availability."
