collector,site,search_url,listings_found,new_chalets,already_known,access,notes
village-italy-breuil-cervinia,Luxury Chalet Co,https://luxurychaletco.com/advanced-search/?stype=tax&search_location=cervinia&submit=Search,14,14,0,ok,"resort page lists all chalets unfiltered; advanced-search with search_location=cervinia gives 14; property pages static HTML (curl ok); prices only season ranges, all weeks POA; 4 are in Valtournenche/Cret"
village-italy-breuil-cervinia,Inghams,https://www.inghams.co.uk/ski-holidays/ski-resorts/italy/aosta-valley-ski-area/cervinia,8,8,0,browser-needed,"7 hotels + 1 apartment block, no chalets in Cervinia; 21 Mar 2027 (Sunday) package prices via pcms.inghams.co.uk/api/Availability/ING/GBINA|GBINN|GBIND/departure-dates?propertyCode=ITCE01xx&nights=7&departureDate=2027-03-21&adults=2 (needs page auth headers - call from Playwright page.request)"
village-italy-breuil-cervinia,Crystal Ski,https://www.crystalski.co.uk/ski-resorts/italy-ski-holidays/cervinia/,12,12,0,blocked,"resort page renders (12 hotels, no chalets); hotel pages Akamai Access Denied from Playwright - stopped"
village-italy-breuil-cervinia,allChalets,https://www.allchalets.com/search/location:cervinia,6,6,0,ok,"6 self-catered apartments, all actually in Antey-Saint-Andre (19 km down valley) despite Cervinia category; detail pages static (curl) with rate table; calendar via a.calendar-next click (1 click = Feb-May 2027). 4 free 20 Mar."
village-italy-breuil-cervinia,Alpine Answers,https://www.alpineanswers.co.uk/ski-chalets-cervinia/italy ; /ski-hotels-cervinia/italy,14,4,10,ok,"4 catered chalets (all = LCC ones) with full 26/27 week tables (GBP pp + total, Fully Booked flags) - used for 20 Mar price/availability; 10 hotels with descriptions but no prices (4 new, 6 already from Inghams/Crystal/LCC)"
village-italy-breuil-cervinia,Luxury Chalet Book,https://www.luxurychaletbook.com/italy/cervinia,6,0,6,ok,"6 Cervinia chalets, all same as Luxury Chalet Co; card from-prices in EUR only"
village-italy-breuil-cervinia,Chalet Owners,https://www.chaletowners.com/chalets/cervinia/,3,0,3,ok,"owner-direct marketplace; 3 chalets (Heritage Carrel, Snostorm, Fairway Lodge) all known from LCC; week tables with EUR prices/Booked - gave Fairway Lodge 20 Mar EUR 11,900 available"
village-italy-breuil-cervinia,Cervinia official booking (cervinia.it / bookingvalledaosta.it -> Vertical Booking),https://reservations-dms.verticalbooking.com/risultati_portale.htm?aff_id=63 (20-27 Mar 2027),0,0,0,captcha,cervinia.it is the lift company; both it and the regional bookingvalledaosta.it search via Vertical Booking DMS which shows a Cloudflare challenge (also headed)
village-italy-breuil-cervinia,Casa Camos (cerviniacasavacanze.com),https://www.cerviniacasavacanze.com/appartamenti.html,6,1,0,partial,6 small apartments written as one combined row; subpages/images IIS 999 bot block; no prices
village-italy-breuil-cervinia,Villa Blanche Apartments,https://appartamentivillablanche.com/en/apartments,3,3,0,ok,3 apartments ~10 beds each (many sofa beds); rates page 404
village-italy-breuil-cervinia,Immobiliare Sangrato,https://www.immobiliaresangrato.it/affitti/,8,2,0,ok,only 2 weekly/short lets in Cervinia (rest whole-season or other villages); POA
village-italy-breuil-cervinia,ChaletFinder,https://www.chaletfinder.co.uk/italy/cervinia,0,0,0,ok,0 properties for Cervinia
