country,ski_area,main_villages_of_area,village,calibre,linked_km,local_km,village_alt_m,bottom_alt_m,top_alt_m,vertical_drop_m,runs_green,runs_blue,runs_red,runs_black,lifts,longest_run_km,glacier,snowmaking,pass_6day,season_end,late_march_snow,price_level,uk_catered_operators,nearest_airports,transfer_hours,satellite_value,notes,status
France,Les 3 Vallées,"Courchevel 1850, Courchevel 1650 (Moriond), Courchevel 1550, Le Praz, La Tania, Méribel, Méribel-Mottaret, Méribel Village, Brides-les-Bains, Les Menuires, St-Martin-de-Belleville, Val Thorens, Orelle",Les Menuires,A,600,,1850,1300 (resorts); gondolas from 600,3230,2130,50,137,113,37,169 (official; skiresort 159),,no,"about 2,300 cannons, about 60% of pistes",€421 (2026/27); Courchevel/La Tania sector €385,"2 May 2027 (Val Thorens/Orelle); 18 Apr Courchevel, Méribel, Les Menuires; 11 Apr La Tania",high,budget-mid,independents; some UK operators,"Chambéry, Geneva, Lyon (Moûtiers TGV)",1.75–3,yes: 3 Vallées and Val Thorens access for less,One of the strongest value options in the shortlist.,
France,Les 3 Vallées,"Courchevel 1850, Courchevel 1650 (Moriond), Courchevel 1550, Le Praz, La Tania, Méribel, Méribel-Mottaret, Méribel Village, Brides-les-Bains, Les Menuires, St-Martin-de-Belleville, Val Thorens, Orelle",Les Menuires: Reberty 2000,A,600,,2000,1300 (resorts); gondolas from 600,3230,2130,50,137,113,37,169 (official; skiresort 159),,no,"about 2,300 cannons, about 60% of pistes",€421 (2026/27); Courchevel/La Tania sector €385,"2 May 2027 (Val Thorens/Orelle); 18 Apr Courchevel, Méribel, Les Menuires; 11 Apr La Tania",high,budget-mid,independents,"Chambéry, Geneva, Lyon (Moûtiers TGV)",1.75–3,yes,Chalet-style sector of Les Menuires.,
France,Les 3 Vallées,"Courchevel 1850, Courchevel 1650 (Moriond), Courchevel 1550, Le Praz, La Tania, Méribel, Méribel-Mottaret, Méribel Village, Brides-les-Bains, Les Menuires, St-Martin-de-Belleville, Val Thorens, Orelle",Les Menuires: Les Bruyères,A,600,,1850,1300 (resorts); gondolas from 600,3230,2130,50,137,113,37,169 (official; skiresort 159),,no,"about 2,300 cannons, about 60% of pistes",€421 (2026/27); Courchevel/La Tania sector €385,"2 May 2027 (Val Thorens/Orelle); 18 Apr Courchevel, Méribel, Les Menuires; 11 Apr La Tania",high,budget-mid,independents,"Chambéry, Geneva, Lyon (Moûtiers TGV)",1.75–3,yes,Southern end of Les Menuires.,
France,Les 3 Vallées,"Courchevel 1850, Courchevel 1650 (Moriond), Courchevel 1550, Le Praz, La Tania, Méribel, Méribel-Mottaret, Méribel Village, Brides-les-Bains, Les Menuires, St-Martin-de-Belleville, Val Thorens, Orelle",Méribel-Mottaret,A,600,,1750,1300 (resorts); gondolas from 600,3230,2130,50,137,113,37,169 (official; skiresort 159),,no,"about 2,300 cannons, about 60% of pistes",€421 (2026/27); Courchevel/La Tania sector €385,"2 May 2027 (Val Thorens/Orelle); 18 Apr Courchevel, Méribel, Les Menuires; 11 Apr La Tania",high,mid,Ski Total,"Chambéry, Geneva, Lyon (Moûtiers TGV)",1.75–3,no,Most central base in the 3 Vallées.,
France,Les 3 Vallées,"Courchevel 1850, Courchevel 1650 (Moriond), Courchevel 1550, Le Praz, La Tania, Méribel, Méribel-Mottaret, Méribel Village, Brides-les-Bains, Les Menuires, St-Martin-de-Belleville, Val Thorens, Orelle",Val Thorens,A,600,,2300,1300 (resorts); gondolas from 600,3230,2130,50,137,113,37,169 (official; skiresort 159),,no,"about 2,300 cannons, about 60% of pistes",€421 (2026/27); Courchevel/La Tania sector €385,"2 May 2027 (Val Thorens/Orelle); 18 Apr Courchevel, Méribel, Les Menuires; 11 Apr La Tania",high,mid-premium,"Ski Total, Skiworld; Crystal","Chambéry, Geneva, Lyon (Moûtiers TGV)",1.75–3,no,User benchmark.,
France,Les 3 Vallées,"Courchevel 1850, Courchevel 1650 (Moriond), Courchevel 1550, Le Praz, La Tania, Méribel, Méribel-Mottaret, Méribel Village, Brides-les-Bains, Les Menuires, St-Martin-de-Belleville, Val Thorens, Orelle",Courchevel 1650 (Moriond),A,600,,1650,1300 (resorts); gondolas from 600,3230,2130,50,137,113,37,169 (official; skiresort 159),,no,"about 2,300 cannons, about 60% of pistes",€421 (2026/27); Courchevel/La Tania sector €385,"2 May 2027 (Val Thorens/Orelle); 18 Apr Courchevel, Méribel, Les Menuires; 11 Apr La Tania",high,mid-premium,Le Ski,"Chambéry, Geneva, Lyon (Moûtiers TGV)",1.75–3,no,More relaxed than 1850.,
France,Les 3 Vallées,"Courchevel 1850, Courchevel 1650 (Moriond), Courchevel 1550, Le Praz, La Tania, Méribel, Méribel-Mottaret, Méribel Village, Brides-les-Bains, Les Menuires, St-Martin-de-Belleville, Val Thorens, Orelle",Méribel Altiport,A,600,,1700,1300 (resorts); gondolas from 600,3230,2130,50,137,113,37,169 (official; skiresort 159),,no,"about 2,300 cannons, about 60% of pistes",€421 (2026/27); Courchevel/La Tania sector €385,"2 May 2027 (Val Thorens/Orelle); 18 Apr Courchevel, Méribel, Les Menuires; 11 Apr La Tania",high,premium,luxury independents,"Chambéry, Geneva, Lyon (Moûtiers TGV)",1.75–3,no,Upmarket.,
France,Les 3 Vallées,"Courchevel 1850, Courchevel 1650 (Moriond), Courchevel 1550, Le Praz, La Tania, Méribel, Méribel-Mottaret, Méribel Village, Brides-les-Bains, Les Menuires, St-Martin-de-Belleville, Val Thorens, Orelle",Courchevel 1850,A,600,,1850,1300 (resorts); gondolas from 600,3230,2130,50,137,113,37,169 (official; skiresort 159),,no,"about 2,300 cannons, about 60% of pistes",€421 (2026/27); Courchevel/La Tania sector €385,"2 May 2027 (Val Thorens/Orelle); 18 Apr Courchevel, Méribel, Les Menuires; 11 Apr La Tania",high,premium,"Skiworld, Le Ski, Inghams, luxury independents","Chambéry, Geneva, Lyon (Moûtiers TGV)",1.75–3,no,The most expensive resort in the Alps.,
France,Les 3 Vallées,"Courchevel 1850, Courchevel 1650 (Moriond), Courchevel 1550, Le Praz, La Tania, Méribel, Méribel-Mottaret, Méribel Village, Brides-les-Bains, Les Menuires, St-Martin-de-Belleville, Val Thorens, Orelle",Méribel (centre),A,600,,1450,1300 (resorts); gondolas from 600,3230,2130,50,137,113,37,169 (official; skiresort 159),,no,"about 2,300 cannons, about 60% of pistes",€421 (2026/27); Courchevel/La Tania sector €385,"2 May 2027 (Val Thorens/Orelle); 18 Apr Courchevel, Méribel, Les Menuires; 11 Apr La Tania",medium,mid-premium,"Ski Total, Skiworld; Crystal, Inghams, Esprit","Chambéry, Geneva, Lyon (Moûtiers TGV)",1.75–3,no,Big UK chalet presence.,
France,Les 3 Vallées,"Courchevel 1850, Courchevel 1650 (Moriond), Courchevel 1550, Le Praz, La Tania, Méribel, Méribel-Mottaret, Méribel Village, Brides-les-Bains, Les Menuires, St-Martin-de-Belleville, Val Thorens, Orelle",Courchevel 1550 (Village),B,600,,1550,1300 (resorts); gondolas from 600,3230,2130,50,137,113,37,169 (official; skiresort 159),,no,"about 2,300 cannons, about 60% of pistes",€421 (2026/27); Courchevel/La Tania sector €385,"2 May 2027 (Val Thorens/Orelle); 18 Apr Courchevel, Méribel, Les Menuires; 11 Apr La Tania",high,mid,likely (not verified),"Chambéry, Geneva, Lyon (Moûtiers TGV)",1.75–3,partial,"Cheaper Courchevel, one lift below 1850.",
France,Les 3 Vallées,"Courchevel 1850, Courchevel 1650 (Moriond), Courchevel 1550, Le Praz, La Tania, Méribel, Méribel-Mottaret, Méribel Village, Brides-les-Bains, Les Menuires, St-Martin-de-Belleville, Val Thorens, Orelle",La Tania,B,600,,1350,1300 (resorts); gondolas from 600,3230,2130,50,137,113,37,169 (official; skiresort 159),,no,"about 2,300 cannons, about 60% of pistes",€421 (2026/27); Courchevel/La Tania sector €385,"2 May 2027 (Val Thorens/Orelle); 18 Apr Courchevel, Méribel, Les Menuires; 11 Apr La Tania",medium,mid,Le Ski; independents,"Chambéry, Geneva, Lyon (Moûtiers TGV)",1.75–3,yes: Courchevel access at lower prices,Wooded chalet village.,
France,Les 3 Vallées,"Courchevel 1850, Courchevel 1650 (Moriond), Courchevel 1550, Le Praz, La Tania, Méribel, Méribel-Mottaret, Méribel Village, Brides-les-Bains, Les Menuires, St-Martin-de-Belleville, Val Thorens, Orelle",Méribel Village,B,600,,1400,1300 (resorts); gondolas from 600,3230,2130,50,137,113,37,169 (official; skiresort 159),,no,"about 2,300 cannons, about 60% of pistes",€421 (2026/27); Courchevel/La Tania sector €385,"2 May 2027 (Val Thorens/Orelle); 18 Apr Courchevel, Méribel, Les Menuires; 11 Apr La Tania",medium,mid-premium,likely (not verified),"Chambéry, Geneva, Lyon (Moûtiers TGV)",1.75–3,partial,Chalet hamlet above Méribel.,
France,Les 3 Vallées,"Courchevel 1850, Courchevel 1650 (Moriond), Courchevel 1550, Le Praz, La Tania, Méribel, Méribel-Mottaret, Méribel Village, Brides-les-Bains, Les Menuires, St-Martin-de-Belleville, Val Thorens, Orelle",St-Martin-de-Belleville,B,600,,1450,1300 (resorts); gondolas from 600,3230,2130,50,137,113,37,169 (official; skiresort 159),,no,"about 2,300 cannons, about 60% of pistes",€421 (2026/27); Courchevel/La Tania sector €385,"2 May 2027 (Val Thorens/Orelle); 18 Apr Courchevel, Méribel, Les Menuires; 11 Apr La Tania",medium,mid-premium,independents,"Chambéry, Geneva, Lyon (Moûtiers TGV)",1.75–3,yes,Traditional village with a lift into Méribel and Les Menuires.,
France,Les 3 Vallées,"Courchevel 1850, Courchevel 1650 (Moriond), Courchevel 1550, Le Praz, La Tania, Méribel, Méribel-Mottaret, Méribel Village, Brides-les-Bains, Les Menuires, St-Martin-de-Belleville, Val Thorens, Orelle",Courchevel Le Praz (1300),B,600,,1300,1300 (resorts); gondolas from 600,3230,2130,50,137,113,37,169 (official; skiresort 159),,no,"about 2,300 cannons, about 60% of pistes",€421 (2026/27); Courchevel/La Tania sector €385,"2 May 2027 (Val Thorens/Orelle); 18 Apr Courchevel, Méribel, Les Menuires; 11 Apr La Tania",medium,mid-premium,Le Ski,"Chambéry, Geneva, Lyon (Moûtiers TGV)",1.75–3,yes,Traditional village with a gondola to 1850.,
France,Les 3 Vallées,"Courchevel 1850, Courchevel 1650 (Moriond), Courchevel 1550, Le Praz, La Tania, Méribel, Méribel-Mottaret, Méribel Village, Brides-les-Bains, Les Menuires, St-Martin-de-Belleville, Val Thorens, Orelle",Orelle,B,600,,880,1300 (resorts); gondolas from 600,3230,2130,50,137,113,37,169 (official; skiresort 159),,no,"about 2,300 cannons, about 60% of pistes",€421 (2026/27); Courchevel/La Tania sector €385,"2 May 2027 (Val Thorens/Orelle); 18 Apr Courchevel, Méribel, Les Menuires; 11 Apr La Tania",low,budget,independents,"Chambéry, Lyon, Turin",1.75–2.5,yes: Val Thorens snow at Maurienne prices,Car park and gondola base; very few beds near the lift.,
France,Les 3 Vallées,"Courchevel 1850, Courchevel 1650 (Moriond), Courchevel 1550, Le Praz, La Tania, Méribel, Méribel-Mottaret, Méribel Village, Brides-les-Bains, Les Menuires, St-Martin-de-Belleville, Val Thorens, Orelle",Brides-les-Bains,B,600,,600,1300 (resorts); gondolas from 600,3230,2130,50,137,113,37,169 (official; skiresort 159),,no,"about 2,300 cannons, about 60% of pistes",€421 (2026/27); Courchevel/La Tania sector €385,"2 May 2027 (Val Thorens/Orelle); 18 Apr Courchevel, Méribel, Les Menuires; 11 Apr La Tania",low,budget,independents; self-catered,"Chambéry, Geneva, Lyon",1.5–2.5,yes: cheapest 3 Vallées base,Spa town; the gondola ride takes about 25 minutes each way.,
France,Les 3 Vallées,"Courchevel 1850, Courchevel 1650 (Moriond), Courchevel 1550, Le Praz, La Tania, Méribel, Méribel-Mottaret, Méribel Village, Brides-les-Bains, Les Menuires, St-Martin-de-Belleville, Val Thorens, Orelle",Les Allues,C,600,,1100,1300 (resorts); gondolas from 600,3230,2130,50,137,113,37,169 (official; skiresort 159),,no,"about 2,300 cannons, about 60% of pistes",€421 (2026/27); Courchevel/La Tania sector €385,"2 May 2027 (Val Thorens/Orelle); 18 Apr Courchevel, Méribel, Les Menuires; 11 Apr La Tania",low,budget,independents,"Chambéry, Geneva, Lyon (Moûtiers TGV)",1.75–3,yes,Village between Brides and Méribel.,
France,Portes du Soleil,"Avoriaz, Morzine, Les Gets, Châtel, Champéry, Morgins, Les Crosets, Champoussin, Torgon, La Chapelle d'Abondance, Montriond, Ardent, Prodains",Avoriaz,A,600 (official; skiresort 580),,1800,985,2254,1269,37,123,110,30,163 (skiresort; official 202),,no,694 cannons,€352 online (€373 office) to 19 Mar 2027; €299 online (€317) from 20 Mar 2027,"18 Apr 2027 (Morzine 4 Apr; Avoriaz, Les Gets, Châtel, Champéry 11 Apr)",high,mid,mostly self-catered; Peak Retreats (self-catered); a few catered chalets,Geneva,1.25–1.5,no,User benchmark. Car-free.,
France,Portes du Soleil,"Avoriaz, Morzine, Les Gets, Châtel, Champéry, Morgins, Les Crosets, Champoussin, Torgon, La Chapelle d'Abondance, Montriond, Ardent, Prodains",Morzine,A,600 (official; skiresort 580),,1000,985,2254,1269,37,123,110,30,163 (skiresort; official 202),,no,694 cannons,€352 online (€373 office) to 19 Mar 2027; €299 online (€317) from 20 Mar 2027,"18 Apr 2027 (Morzine 4 Apr; Avoriaz, Les Gets, Châtel, Champéry 11 Apr)",low,budget-mid,"Inghams, Crystal, Ski Famille, Esprit, many independents (e.g. Hunter Chalets)",Geneva,1–1.25,no,"User benchmark. The UK chalet capital; the most supply at £750 pp, often with hot tubs.",
France,Portes du Soleil,"Avoriaz, Morzine, Les Gets, Châtel, Champéry, Morgins, Les Crosets, Champoussin, Torgon, La Chapelle d'Abondance, Montriond, Ardent, Prodains",Les Crosets,B,600 (official; skiresort 580),,1670,985,2254,1269,37,123,110,30,163 (skiresort; official 202),,no,694 cannons,€352 online (€373 office) to 19 Mar 2027; €299 online (€317) from 20 Mar 2027,"18 Apr 2027 (Morzine 4 Apr; Avoriaz, Les Gets, Châtel, Champéry 11 Apr)",high,mid,few,Geneva,1.5–2,yes,Swiss hamlet at the centre of the circuit; few beds.,
France,Portes du Soleil,"Avoriaz, Morzine, Les Gets, Châtel, Champéry, Morgins, Les Crosets, Champoussin, Torgon, La Chapelle d'Abondance, Montriond, Ardent, Prodains",Champoussin,B,600 (official; skiresort 580),,1580,985,2254,1269,37,123,110,30,163 (skiresort; official 202),,no,694 cannons,€352 online (€373 office) to 19 Mar 2027; €299 online (€317) from 20 Mar 2027,"18 Apr 2027 (Morzine 4 Apr; Avoriaz, Les Gets, Châtel, Champéry 11 Apr)",high,mid,few,Geneva,1.5–2,yes,Small Swiss base.,
France,Portes du Soleil,"Avoriaz, Morzine, Les Gets, Châtel, Champéry, Morgins, Les Crosets, Champoussin, Torgon, La Chapelle d'Abondance, Montriond, Ardent, Prodains",Super-Châtel,B,600 (official; skiresort 580),,1650,985,2254,1269,37,123,110,30,163 (skiresort; official 202),,no,694 cannons,€352 online (€373 office) to 19 Mar 2027; €299 online (€317) from 20 Mar 2027,"18 Apr 2027 (Morzine 4 Apr; Avoriaz, Les Gets, Châtel, Champéry 11 Apr)",high,mid,few beds,Geneva,1.5,yes,Plateau with very little accommodation.,
France,Portes du Soleil,"Avoriaz, Morzine, Les Gets, Châtel, Champéry, Morgins, Les Crosets, Champoussin, Torgon, La Chapelle d'Abondance, Montriond, Ardent, Prodains",Les Lindarets,B,600 (official; skiresort 580),,1450,985,2254,1269,37,123,110,30,163 (skiresort; official 202),,no,694 cannons,€352 online (€373 office) to 19 Mar 2027; €299 online (€317) from 20 Mar 2027,"18 Apr 2027 (Morzine 4 Apr; Avoriaz, Les Gets, Châtel, Champéry 11 Apr)",medium,budget,few beds,Geneva,1.25,yes,Goat village on the piste; a handful of chalets.,
France,Portes du Soleil,"Avoriaz, Morzine, Les Gets, Châtel, Champéry, Morgins, Les Crosets, Champoussin, Torgon, La Chapelle d'Abondance, Montriond, Ardent, Prodains",Châtel,B,600 (official; skiresort 580),,1200,985,2254,1269,37,123,110,30,163 (skiresort; official 202),,no,694 cannons,€352 online (€373 office) to 19 Mar 2027; €299 online (€317) from 20 Mar 2027,"18 Apr 2027 (Morzine 4 Apr; Avoriaz, Les Gets, Châtel, Champéry 11 Apr)",medium,budget-mid,Esprit/Ski Famille possible; independents,Geneva,1.25–1.5,yes,Good value; links to Switzerland.,
France,Portes du Soleil,"Avoriaz, Morzine, Les Gets, Châtel, Champéry, Morgins, Les Crosets, Champoussin, Torgon, La Chapelle d'Abondance, Montriond, Ardent, Prodains",Morgins,B,600 (official; skiresort 580),,1350,985,2254,1269,37,123,110,30,163 (skiresort; official 202),,no,694 cannons,€352 online (€373 office) to 19 Mar 2027; €299 online (€317) from 20 Mar 2027,"18 Apr 2027 (Morzine 4 Apr; Avoriaz, Les Gets, Châtel, Champéry 11 Apr)",medium,budget-mid,independents,Geneva,1.25–1.5,yes,Swiss village next to Châtel.,
France,Portes du Soleil,"Avoriaz, Morzine, Les Gets, Châtel, Champéry, Morgins, Les Crosets, Champoussin, Torgon, La Chapelle d'Abondance, Montriond, Ardent, Prodains",Les Gets,B,600 (official; skiresort 580),,1170,985,2254,1269,37,123,110,30,163 (skiresort; official 202),,no,694 cannons,€352 online (€373 office) to 19 Mar 2027; €299 online (€317) from 20 Mar 2027,"18 Apr 2027 (Morzine 4 Apr; Avoriaz, Les Gets, Châtel, Champéry 11 Apr)",medium,mid-premium,independents; Ski Famille,Geneva,1–1.25,no,Pretty family resort linked to Morzine.,
France,Portes du Soleil,"Avoriaz, Morzine, Les Gets, Châtel, Champéry, Morgins, Les Crosets, Champoussin, Torgon, La Chapelle d'Abondance, Montriond, Ardent, Prodains",Ardent,B,600 (official; skiresort 580),,1150,985,2254,1269,37,123,110,30,163 (skiresort; official 202),,no,694 cannons,€352 online (€373 office) to 19 Mar 2027; €299 online (€317) from 20 Mar 2027,"18 Apr 2027 (Morzine 4 Apr; Avoriaz, Les Gets, Châtel, Champéry 11 Apr)",low,budget,independents,Geneva,1.25,yes,Base station for Avoriaz.,
France,Portes du Soleil,"Avoriaz, Morzine, Les Gets, Châtel, Champéry, Morgins, Les Crosets, Champoussin, Torgon, La Chapelle d'Abondance, Montriond, Ardent, Prodains",Prodains,B,600 (official; skiresort 580),,1100,985,2254,1269,37,123,110,30,163 (skiresort; official 202),,no,694 cannons,€352 online (€373 office) to 19 Mar 2027; €299 online (€317) from 20 Mar 2027,"18 Apr 2027 (Morzine 4 Apr; Avoriaz, Les Gets, Châtel, Champéry 11 Apr)",low,budget,independents,Geneva,1.25,yes,Base station below Avoriaz.,
France,Portes du Soleil,"Avoriaz, Morzine, Les Gets, Châtel, Champéry, Morgins, Les Crosets, Champoussin, Torgon, La Chapelle d'Abondance, Montriond, Ardent, Prodains",Champéry,B,600 (official; skiresort 580),,1050,985,2254,1269,37,123,110,30,163 (skiresort; official 202),,no,694 cannons,€352 online (€373 office) to 19 Mar 2027; €299 online (€317) from 20 Mar 2027,"18 Apr 2027 (Morzine 4 Apr; Avoriaz, Les Gets, Châtel, Champéry 11 Apr)",low,mid-premium,independents,Geneva,1.5,no,Swiss side; prices in CHF.,
France,Portes du Soleil,"Avoriaz, Morzine, Les Gets, Châtel, Champéry, Morgins, Les Crosets, Champoussin, Torgon, La Chapelle d'Abondance, Montriond, Ardent, Prodains",Montriond,C,600 (official; skiresort 580),,950,985,2254,1269,37,123,110,30,163 (skiresort; official 202),,no,694 cannons,€352 online (€373 office) to 19 Mar 2027; €299 online (€317) from 20 Mar 2027,"18 Apr 2027 (Morzine 4 Apr; Avoriaz, Les Gets, Châtel, Champéry 11 Apr)",low,budget,independents,Geneva,1.25,yes,Lakeside village.,
France,Portes du Soleil,"Avoriaz, Morzine, Les Gets, Châtel, Champéry, Morgins, Les Crosets, Champoussin, Torgon, La Chapelle d'Abondance, Montriond, Ardent, Prodains",La Chapelle d'Abondance,C,600 (official; skiresort 580),,1010,985,2254,1269,37,123,110,30,163 (skiresort; official 202),,no,694 cannons,€352 online (€373 office) to 19 Mar 2027; €299 online (€317) from 20 Mar 2027,"18 Apr 2027 (Morzine 4 Apr; Avoriaz, Les Gets, Châtel, Champéry 11 Apr)",low,budget,independents,Geneva,1.5,yes,Linked to Torgon and Châtel.,
France,Portes du Soleil,"Avoriaz, Morzine, Les Gets, Châtel, Champéry, Morgins, Les Crosets, Champoussin, Torgon, La Chapelle d'Abondance, Montriond, Ardent, Prodains",Torgon,C,600 (official; skiresort 580),,1100,985,2254,1269,37,123,110,30,163 (skiresort; official 202),,no,694 cannons,€352 online (€373 office) to 19 Mar 2027; €299 online (€317) from 20 Mar 2027,"18 Apr 2027 (Morzine 4 Apr; Avoriaz, Les Gets, Châtel, Champéry 11 Apr)",low,budget,few,Geneva,1.75,yes,Swiss end of the circuit.,
France,Portes du Soleil,"Avoriaz, Morzine, Les Gets, Châtel, Champéry, Morgins, Les Crosets, Champoussin, Torgon, La Chapelle d'Abondance, Montriond, Ardent, Prodains",Val d'Illiez,C,600 (official; skiresort 580),,950,985,2254,1269,37,123,110,30,163 (skiresort; official 202),,no,694 cannons,€352 online (€373 office) to 19 Mar 2027; €299 online (€317) from 20 Mar 2027,"18 Apr 2027 (Morzine 4 Apr; Avoriaz, Les Gets, Châtel, Champéry 11 Apr)",low,budget,few,Geneva,1.5,yes,Swiss valley village.,
France,Paradiski (La Plagne – Les Arcs – Peisey-Vallandry),"Plagne Centre, Aime 2000, Plagne 1800, Plagne Villages, Plagne Soleil, Belle Plagne, Plagne Bellecôte, Montchavin, Les Coches, Champagny, Montalbert, Arc 1600, Arc 1800, Arc 1950, Arc 2000, Villaroger, Plan Peisey, Vallandry",Plagne Centre,A,425,225 (La Plagne),1970,1200,3226,2026,10,134,61,34,126 (skiresort; other sources 130–160),about 7 (Aiguille Rouge–Villaroger),"yes (Bellecôte, limited)","626 cannons; 70% of the area is above 2,000 m",€412 Paradiski Essential 2026/27 (€368 Les Arcs only; La Plagne only €359 in 2025/26),25 Apr 2027 (Vanoise Express link to about 18 Apr),high,mid,Skiworld; Crystal/TUI,"Chambéry, Geneva, Lyon",2–3.5,no,Purpose-built hub of La Plagne.,
France,Paradiski (La Plagne – Les Arcs – Peisey-Vallandry),"Plagne Centre, Aime 2000, Plagne 1800, Plagne Villages, Plagne Soleil, Belle Plagne, Plagne Bellecôte, Montchavin, Les Coches, Champagny, Montalbert, Arc 1600, Arc 1800, Arc 1950, Arc 2000, Villaroger, Plan Peisey, Vallandry",Plagne Villages,A,425,225 (La Plagne),2050,1200,3226,2026,10,134,61,34,126 (skiresort; other sources 130–160),about 7 (Aiguille Rouge–Villaroger),"yes (Bellecôte, limited)","626 cannons; 70% of the area is above 2,000 m",€412 Paradiski Essential 2026/27 (€368 Les Arcs only; La Plagne only €359 in 2025/26),25 Apr 2027 (Vanoise Express link to about 18 Apr),high,mid,likely (not verified),"Chambéry, Geneva, Lyon",2–3.5,no,Quiet chalet-style area above Plagne Centre.,
France,Paradiski (La Plagne – Les Arcs – Peisey-Vallandry),"Plagne Centre, Aime 2000, Plagne 1800, Plagne Villages, Plagne Soleil, Belle Plagne, Plagne Bellecôte, Montchavin, Les Coches, Champagny, Montalbert, Arc 1600, Arc 1800, Arc 1950, Arc 2000, Villaroger, Plan Peisey, Vallandry",Plagne Soleil,A,425,225 (La Plagne),2050,1200,3226,2026,10,134,61,34,126 (skiresort; other sources 130–160),about 7 (Aiguille Rouge–Villaroger),"yes (Bellecôte, limited)","626 cannons; 70% of the area is above 2,000 m",€412 Paradiski Essential 2026/27 (€368 Les Arcs only; La Plagne only €359 in 2025/26),25 Apr 2027 (Vanoise Express link to about 18 Apr),high,mid,independents,"Chambéry, Geneva, Lyon",2–3.5,no,Small; next to Plagne Villages.,
France,Paradiski (La Plagne – Les Arcs – Peisey-Vallandry),"Plagne Centre, Aime 2000, Plagne 1800, Plagne Villages, Plagne Soleil, Belle Plagne, Plagne Bellecôte, Montchavin, Les Coches, Champagny, Montalbert, Arc 1600, Arc 1800, Arc 1950, Arc 2000, Villaroger, Plan Peisey, Vallandry",Aime-la-Plagne (Aime 2000),A,425,225 (La Plagne),2100,1200,3226,2026,10,134,61,34,126 (skiresort; other sources 130–160),about 7 (Aiguille Rouge–Villaroger),"yes (Bellecôte, limited)","626 cannons; 70% of the area is above 2,000 m",€412 Paradiski Essential 2026/27 (€368 Les Arcs only; La Plagne only €359 in 2025/26),25 Apr 2027 (Vanoise Express link to about 18 Apr),high,mid,independents,"Chambéry, Geneva, Lyon",2–3.5,no,Large Brutalist building plus chalets.,
France,Paradiski (La Plagne – Les Arcs – Peisey-Vallandry),"Plagne Centre, Aime 2000, Plagne 1800, Plagne Villages, Plagne Soleil, Belle Plagne, Plagne Bellecôte, Montchavin, Les Coches, Champagny, Montalbert, Arc 1600, Arc 1800, Arc 1950, Arc 2000, Villaroger, Plan Peisey, Vallandry",Plagne Bellecôte,A,425,225 (La Plagne),1930,1200,3226,2026,10,134,61,34,126 (skiresort; other sources 130–160),about 7 (Aiguille Rouge–Villaroger),"yes (Bellecôte, limited)","626 cannons; 70% of the area is above 2,000 m",€412 Paradiski Essential 2026/27 (€368 Les Arcs only; La Plagne only €359 in 2025/26),25 Apr 2027 (Vanoise Express link to about 18 Apr),high,mid,likely (not verified),"Chambéry, Geneva, Lyon",2–3.5,no,Quickest access to the Bellecôte glacier area.,
France,Paradiski (La Plagne – Les Arcs – Peisey-Vallandry),"Plagne Centre, Aime 2000, Plagne 1800, Plagne Villages, Plagne Soleil, Belle Plagne, Plagne Bellecôte, Montchavin, Les Coches, Champagny, Montalbert, Arc 1600, Arc 1800, Arc 1950, Arc 2000, Villaroger, Plan Peisey, Vallandry",Plagne 1800,A,425,225 (La Plagne),1800,1200,3226,2026,10,134,61,34,126 (skiresort; other sources 130–160),about 7 (Aiguille Rouge–Villaroger),"yes (Bellecôte, limited)","626 cannons; 70% of the area is above 2,000 m",€412 Paradiski Essential 2026/27 (€368 Les Arcs only; La Plagne only €359 in 2025/26),25 Apr 2027 (Vanoise Express link to about 18 Apr),high,mid,many chalets,"Chambéry, Geneva, Lyon",2–3.5,no,Chalet-style village; one of the best chalet stocks in La Plagne.,
France,Paradiski (La Plagne – Les Arcs – Peisey-Vallandry),"Plagne Centre, Aime 2000, Plagne 1800, Plagne Villages, Plagne Soleil, Belle Plagne, Plagne Bellecôte, Montchavin, Les Coches, Champagny, Montalbert, Arc 1600, Arc 1800, Arc 1950, Arc 2000, Villaroger, Plan Peisey, Vallandry",Arc 1800,A,425,200 (Les Arcs/Peisey),1800,1200,3226,2026,10,134,61,34,126 (skiresort; other sources 130–160),about 7 (Aiguille Rouge–Villaroger),"yes (Bellecôte, limited)","626 cannons; 70% of the area is above 2,000 m",€412 Paradiski Essential 2026/27 (€368 Les Arcs only; La Plagne only €359 in 2025/26),25 Apr 2027 (Vanoise Express link to about 18 Apr),high,mid,"Skiworld; Crystal, Ski Famille, Esprit, independents","Chambéry, Geneva, Lyon (Bourg-St-Maurice TGV)",2–3.5,no,Main UK chalet hub in Les Arcs.,
France,Paradiski (La Plagne – Les Arcs – Peisey-Vallandry),"Plagne Centre, Aime 2000, Plagne 1800, Plagne Villages, Plagne Soleil, Belle Plagne, Plagne Bellecôte, Montchavin, Les Coches, Champagny, Montalbert, Arc 1600, Arc 1800, Arc 1950, Arc 2000, Villaroger, Plan Peisey, Vallandry",Arc 2000,A,425,200 (Les Arcs/Peisey),2100,1200,3226,2026,10,134,61,34,126 (skiresort; other sources 130–160),about 7 (Aiguille Rouge–Villaroger),"yes (Bellecôte, limited)","626 cannons; 70% of the area is above 2,000 m",€412 Paradiski Essential 2026/27 (€368 Les Arcs only; La Plagne only €359 in 2025/26),25 Apr 2027 (Vanoise Express link to about 18 Apr),high,mid,likely (not verified),"Chambéry, Geneva, Lyon",2.25–3.75,no,Best for advanced skiers and the Aiguille Rouge.,
France,Paradiski (La Plagne – Les Arcs – Peisey-Vallandry),"Plagne Centre, Aime 2000, Plagne 1800, Plagne Villages, Plagne Soleil, Belle Plagne, Plagne Bellecôte, Montchavin, Les Coches, Champagny, Montalbert, Arc 1600, Arc 1800, Arc 1950, Arc 2000, Villaroger, Plan Peisey, Vallandry",Belle Plagne,A,425,225 (La Plagne),2050,1200,3226,2026,10,134,61,34,126 (skiresort; other sources 130–160),about 7 (Aiguille Rouge–Villaroger),"yes (Bellecôte, limited)","626 cannons; 70% of the area is above 2,000 m",€412 Paradiski Essential 2026/27 (€368 Les Arcs only; La Plagne only €359 in 2025/26),25 Apr 2027 (Vanoise Express link to about 18 Apr),high,mid-premium,likely (not verified),"Chambéry, Geneva, Lyon",2–3.5,no,The most attractive of the high Plagne villages.,
France,Paradiski (La Plagne – Les Arcs – Peisey-Vallandry),"Plagne Centre, Aime 2000, Plagne 1800, Plagne Villages, Plagne Soleil, Belle Plagne, Plagne Bellecôte, Montchavin, Les Coches, Champagny, Montalbert, Arc 1600, Arc 1800, Arc 1950, Arc 2000, Villaroger, Plan Peisey, Vallandry",Arc 1950,A,425,200 (Les Arcs/Peisey),1950,1200,3226,2026,10,134,61,34,126 (skiresort; other sources 130–160),about 7 (Aiguille Rouge–Villaroger),"yes (Bellecôte, limited)","626 cannons; 70% of the area is above 2,000 m",€412 Paradiski Essential 2026/27 (€368 Les Arcs only; La Plagne only €359 in 2025/26),25 Apr 2027 (Vanoise Express link to about 18 Apr),high,premium,few catered chalets (mostly Pierre & Vacances),"Chambéry, Geneva, Lyon",2.25–3.75,no,"Pedestrian village, mostly self-catered.",
France,Paradiski (La Plagne – Les Arcs – Peisey-Vallandry),"Plagne Centre, Aime 2000, Plagne 1800, Plagne Villages, Plagne Soleil, Belle Plagne, Plagne Bellecôte, Montchavin, Les Coches, Champagny, Montalbert, Arc 1600, Arc 1800, Arc 1950, Arc 2000, Villaroger, Plan Peisey, Vallandry",Arc 1600,B,425,200 (Les Arcs/Peisey),1600,1200,3226,2026,10,134,61,34,126 (skiresort; other sources 130–160),about 7 (Aiguille Rouge–Villaroger),"yes (Bellecôte, limited)","626 cannons; 70% of the area is above 2,000 m",€412 Paradiski Essential 2026/27 (€368 Les Arcs only; La Plagne only €359 in 2025/26),25 Apr 2027 (Vanoise Express link to about 18 Apr),high,mid,likely (not verified),"Chambéry, Geneva, Lyon (funicular from Bourg-St-Maurice)",2–3,partial,Car-free; funicular down to Bourg-St-Maurice TGV station.,
France,Paradiski (La Plagne – Les Arcs – Peisey-Vallandry),"Plagne Centre, Aime 2000, Plagne 1800, Plagne Villages, Plagne Soleil, Belle Plagne, Plagne Bellecôte, Montchavin, Les Coches, Champagny, Montalbert, Arc 1600, Arc 1800, Arc 1950, Arc 2000, Villaroger, Plan Peisey, Vallandry",Plan Peisey,B,425,200 (Les Arcs/Peisey),1600,1200,3226,2026,10,134,61,34,126 (skiresort; other sources 130–160),about 7 (Aiguille Rouge–Villaroger),"yes (Bellecôte, limited)","626 cannons; 70% of the area is above 2,000 m",€412 Paradiski Essential 2026/27 (€368 Les Arcs only; La Plagne only €359 in 2025/26),25 Apr 2027 (Vanoise Express link to about 18 Apr),high,mid,independents; Ski Famille/Esprit possible,"Chambéry, Geneva, Lyon",2–3,yes: Paradiski access at satellite prices,"Next to the Vanoise Express, the best-connected base for all of Paradiski.",
France,Paradiski (La Plagne – Les Arcs – Peisey-Vallandry),"Plagne Centre, Aime 2000, Plagne 1800, Plagne Villages, Plagne Soleil, Belle Plagne, Plagne Bellecôte, Montchavin, Les Coches, Champagny, Montalbert, Arc 1600, Arc 1800, Arc 1950, Arc 2000, Villaroger, Plan Peisey, Vallandry",Vallandry,B,425,200 (Les Arcs/Peisey),1600,1200,3226,2026,10,134,61,34,126 (skiresort; other sources 130–160),about 7 (Aiguille Rouge–Villaroger),"yes (Bellecôte, limited)","626 cannons; 70% of the area is above 2,000 m",€412 Paradiski Essential 2026/27 (€368 Les Arcs only; La Plagne only €359 in 2025/26),25 Apr 2027 (Vanoise Express link to about 18 Apr),high,mid,independents,"Chambéry, Geneva, Lyon",2–3,yes,"Quiet, wooded and well positioned.",
France,Paradiski (La Plagne – Les Arcs – Peisey-Vallandry),"Plagne Centre, Aime 2000, Plagne 1800, Plagne Villages, Plagne Soleil, Belle Plagne, Plagne Bellecôte, Montchavin, Les Coches, Champagny, Montalbert, Arc 1600, Arc 1800, Arc 1950, Arc 2000, Villaroger, Plan Peisey, Vallandry",Villaroger,B,425,200 (Les Arcs/Peisey),1200,1200,3226,2026,10,134,61,34,126 (skiresort; other sources 130–160),about 7 (Aiguille Rouge–Villaroger),"yes (Bellecôte, limited)","626 cannons; 70% of the area is above 2,000 m",€412 Paradiski Essential 2026/27 (€368 Les Arcs only; La Plagne only €359 in 2025/26),25 Apr 2027 (Vanoise Express link to about 18 Apr),medium,budget,independents,"Chambéry, Geneva, Lyon",2–3,yes,Tiny; on the far side of Les Arcs.,
France,Paradiski (La Plagne – Les Arcs – Peisey-Vallandry),"Plagne Centre, Aime 2000, Plagne 1800, Plagne Villages, Plagne Soleil, Belle Plagne, Plagne Bellecôte, Montchavin, Les Coches, Champagny, Montalbert, Arc 1600, Arc 1800, Arc 1950, Arc 2000, Villaroger, Plan Peisey, Vallandry",Peisey (village),B,425,200 (Les Arcs/Peisey),1300,1200,3226,2026,10,134,61,34,126 (skiresort; other sources 130–160),about 7 (Aiguille Rouge–Villaroger),"yes (Bellecôte, limited)","626 cannons; 70% of the area is above 2,000 m",€412 Paradiski Essential 2026/27 (€368 Les Arcs only; La Plagne only €359 in 2025/26),25 Apr 2027 (Vanoise Express link to about 18 Apr),medium,budget,independents,"Chambéry, Geneva, Lyon",2–3,yes,Traditional village below Plan Peisey.,
France,Paradiski (La Plagne – Les Arcs – Peisey-Vallandry),"Plagne Centre, Aime 2000, Plagne 1800, Plagne Villages, Plagne Soleil, Belle Plagne, Plagne Bellecôte, Montchavin, Les Coches, Champagny, Montalbert, Arc 1600, Arc 1800, Arc 1950, Arc 2000, Villaroger, Plan Peisey, Vallandry",Montalbert,B,425,225 (La Plagne),1350,1200,3226,2026,10,134,61,34,126 (skiresort; other sources 130–160),about 7 (Aiguille Rouge–Villaroger),"yes (Bellecôte, limited)","626 cannons; 70% of the area is above 2,000 m",€412 Paradiski Essential 2026/27 (€368 Les Arcs only; La Plagne only €359 in 2025/26),25 Apr 2027 (Vanoise Express link to about 18 Apr),medium,budget-mid,independents,"Chambéry, Geneva, Lyon",2–3.5,yes,Quiet satellite with a gondola up.,
France,Paradiski (La Plagne – Les Arcs – Peisey-Vallandry),"Plagne Centre, Aime 2000, Plagne 1800, Plagne Villages, Plagne Soleil, Belle Plagne, Plagne Bellecôte, Montchavin, Les Coches, Champagny, Montalbert, Arc 1600, Arc 1800, Arc 1950, Arc 2000, Villaroger, Plan Peisey, Vallandry",Les Coches,B,425,225 (La Plagne),1450,1200,3226,2026,10,134,61,34,126 (skiresort; other sources 130–160),about 7 (Aiguille Rouge–Villaroger),"yes (Bellecôte, limited)","626 cannons; 70% of the area is above 2,000 m",€412 Paradiski Essential 2026/27 (€368 Les Arcs only; La Plagne only €359 in 2025/26),25 Apr 2027 (Vanoise Express link to about 18 Apr),medium,mid,Crystal; independents; Peak Retreats (self-catered),"Chambéry, Geneva, Lyon",2–3.5,yes: where the group stayed before,Linked to Montchavin; 20 minutes to the Vanoise Express.,
France,Paradiski (La Plagne – Les Arcs – Peisey-Vallandry),"Plagne Centre, Aime 2000, Plagne 1800, Plagne Villages, Plagne Soleil, Belle Plagne, Plagne Bellecôte, Montchavin, Les Coches, Champagny, Montalbert, Arc 1600, Arc 1800, Arc 1950, Arc 2000, Villaroger, Plan Peisey, Vallandry",Montchavin,B,425,225 (La Plagne),1250,1200,3226,2026,10,134,61,34,126 (skiresort; other sources 130–160),about 7 (Aiguille Rouge–Villaroger),"yes (Bellecôte, limited)","626 cannons; 70% of the area is above 2,000 m",€412 Paradiski Essential 2026/27 (€368 Les Arcs only; La Plagne only €359 in 2025/26),25 Apr 2027 (Vanoise Express link to about 18 Apr),medium,mid,Crystal; independents,"Chambéry, Geneva, Lyon",2–3.5,yes,Old Savoyard village next to Les Coches.,
France,Paradiski (La Plagne – Les Arcs – Peisey-Vallandry),"Plagne Centre, Aime 2000, Plagne 1800, Plagne Villages, Plagne Soleil, Belle Plagne, Plagne Bellecôte, Montchavin, Les Coches, Champagny, Montalbert, Arc 1600, Arc 1800, Arc 1950, Arc 2000, Villaroger, Plan Peisey, Vallandry",Champagny-en-Vanoise,B,425,225 (La Plagne),1250,1200,3226,2026,10,134,61,34,126 (skiresort; other sources 130–160),about 7 (Aiguille Rouge–Villaroger),"yes (Bellecôte, limited)","626 cannons; 70% of the area is above 2,000 m",€412 Paradiski Essential 2026/27 (€368 Les Arcs only; La Plagne only €359 in 2025/26),25 Apr 2027 (Vanoise Express link to about 18 Apr),low,budget-mid,Peak Retreats (self-catered); independents,"Chambéry, Geneva, Lyon",2–3,yes: cheaper base with gondola access,Pretty village; plan to ride the gondola down.,
France,Paradiski (La Plagne – Les Arcs – Peisey-Vallandry),"Plagne Centre, Aime 2000, Plagne 1800, Plagne Villages, Plagne Soleil, Belle Plagne, Plagne Bellecôte, Montchavin, Les Coches, Champagny, Montalbert, Arc 1600, Arc 1800, Arc 1950, Arc 2000, Villaroger, Plan Peisey, Vallandry",Bourg-St-Maurice,C,425,200 (Les Arcs/Peisey),840,1200,3226,2026,10,134,61,34,126 (skiresort; other sources 130–160),about 7 (Aiguille Rouge–Villaroger),"yes (Bellecôte, limited)","626 cannons; 70% of the area is above 2,000 m",€412 Paradiski Essential 2026/27 (€368 Les Arcs only; La Plagne only €359 in 2025/26),25 Apr 2027 (Vanoise Express link to about 18 Apr),low,budget,few chalets,"Chambéry, Geneva (TGV/Eurostar station)",1.75–3,"yes: cheap, with a funicular",Town with a station; not a ski village.,
France,Espace Killy (Tignes – Val d'Isère),"Val d'Isère, La Daille, Le Fornet, Tignes Val Claret, Tignes Le Lac, Tignes Le Lavachet, Tignes 1800, Tignes Les Boisses, Tignes Les Brévières",Tignes Val Claret,A,300,,2100,1550,3456,1906,22,61,46,25,80,about 10,yes (Grande Motte; Pissaillas),300+ cannons,€468 (2026/27); 2025/26 €450 high / €384 early and late season,2 May 2027,high,mid,Skiworld; independents,"Chambéry, Geneva, Lyon (Bourg-St-Maurice TGV/Eurostar)",2–4,no,User benchmark.,
France,Espace Killy (Tignes – Val d'Isère),"Val d'Isère, La Daille, Le Fornet, Tignes Val Claret, Tignes Le Lac, Tignes Le Lavachet, Tignes 1800, Tignes Les Boisses, Tignes Les Brévières",Tignes Le Lavachet,A,300,,2100,1550,3456,1906,22,61,46,25,80,about 10,yes (Grande Motte; Pissaillas),300+ cannons,€468 (2026/27); 2025/26 €450 high / €384 early and late season,2 May 2027,high,mid,independents,"Chambéry, Geneva, Lyon (Bourg-St-Maurice TGV/Eurostar)",2–4,no,Between Le Lac and Val Claret.,
France,Espace Killy (Tignes – Val d'Isère),"Val d'Isère, La Daille, Le Fornet, Tignes Val Claret, Tignes Le Lac, Tignes Le Lavachet, Tignes 1800, Tignes Les Boisses, Tignes Les Brévières",Tignes 1800,A,300,,1800,1550,3456,1906,22,61,46,25,80,about 10,yes (Grande Motte; Pissaillas),300+ cannons,€468 (2026/27); 2025/26 €450 high / €384 early and late season,2 May 2027,high,mid,independents,"Chambéry, Geneva, Lyon (Bourg-St-Maurice TGV/Eurostar)",2–4,no,Small; quieter than the main Tignes villages.,
France,Espace Killy (Tignes – Val d'Isère),"Val d'Isère, La Daille, Le Fornet, Tignes Val Claret, Tignes Le Lac, Tignes Le Lavachet, Tignes 1800, Tignes Les Boisses, Tignes Les Brévières",La Daille,A,300,,1785,1550,3456,1906,22,61,46,25,80,about 10,yes (Grande Motte; Pissaillas),300+ cannons,€468 (2026/27); 2025/26 €450 high / €384 early and late season,2 May 2027,high,mid,likely (not verified),"Chambéry, Geneva, Lyon (Bourg-St-Maurice TGV/Eurostar)",2–4,no,Funival funicular base; 2 km from Val d'Isère.,
France,Espace Killy (Tignes – Val d'Isère),"Val d'Isère, La Daille, Le Fornet, Tignes Val Claret, Tignes Le Lac, Tignes Le Lavachet, Tignes 1800, Tignes Les Boisses, Tignes Les Brévières",Le Fornet,A,300,,1930,1550,3456,1906,22,61,46,25,80,about 10,yes (Grande Motte; Pissaillas),300+ cannons,€468 (2026/27); 2025/26 €450 high / €384 early and late season,2 May 2027,high,mid,likely (not verified),"Chambéry, Geneva, Lyon (Bourg-St-Maurice TGV/Eurostar)",2–4,no,Hamlet beyond Val d'Isère.,
France,Espace Killy (Tignes – Val d'Isère),"Val d'Isère, La Daille, Le Fornet, Tignes Val Claret, Tignes Le Lac, Tignes Le Lavachet, Tignes 1800, Tignes Les Boisses, Tignes Les Brévières",Tignes Le Lac,A,300,,2100,1550,3456,1906,22,61,46,25,80,about 10,yes (Grande Motte; Pissaillas),300+ cannons,€468 (2026/27); 2025/26 €450 high / €384 early and late season,2 May 2027,high,mid-premium,"Ski Total, Skiworld; Crystal; independents","Chambéry, Geneva, Lyon (Bourg-St-Maurice TGV/Eurostar)",2–4,no,"User benchmark (""high Tignes"").",
France,Espace Killy (Tignes – Val d'Isère),"Val d'Isère, La Daille, Le Fornet, Tignes Val Claret, Tignes Le Lac, Tignes Le Lavachet, Tignes 1800, Tignes Les Boisses, Tignes Les Brévières",Val d'Isère,A,300,,1850,1550,3456,1906,22,61,46,25,80,about 10,yes (Grande Motte; Pissaillas),300+ cannons,€468 (2026/27); 2025/26 €450 high / €384 early and late season,2 May 2027,high,mid-premium,"Ski Total, Skiworld, Le Ski, YSE, Inghams","Chambéry, Geneva, Lyon (Bourg-St-Maurice TGV/Eurostar)",2–4,no,User benchmark.,
France,Espace Killy (Tignes – Val d'Isère),"Val d'Isère, La Daille, Le Fornet, Tignes Val Claret, Tignes Le Lac, Tignes Le Lavachet, Tignes 1800, Tignes Les Boisses, Tignes Les Brévières",Tignes Les Boisses,B,300,,1850,1550,3456,1906,22,61,46,25,80,about 10,yes (Grande Motte; Pissaillas),300+ cannons,€468 (2026/27); 2025/26 €450 high / €384 early and late season,2 May 2027,high,budget-mid,independents,"Chambéry, Geneva, Lyon (Bourg-St-Maurice TGV/Eurostar)",2–4,yes,High satellite; often cheaper than Le Lac.,
France,Espace Killy (Tignes – Val d'Isère),"Val d'Isère, La Daille, Le Fornet, Tignes Val Claret, Tignes Le Lac, Tignes Le Lavachet, Tignes 1800, Tignes Les Boisses, Tignes Les Brévières",Tignes Les Brévières,B,300,,1550,1550,3456,1906,22,61,46,25,80,about 10,yes (Grande Motte; Pissaillas),300+ cannons,€468 (2026/27); 2025/26 €450 high / €384 early and late season,2 May 2027,medium,budget-mid,Ski Total (Chalet La Bergerie); independents,"Chambéry, Geneva, Lyon (Bourg-St-Maurice TGV/Eurostar)",2–4,yes: the cheapest way into Espace Killy,Currently under consideration by the group.,
France,Alpe d'Huez Grand Domaine,"Alpe d'Huez, Vaujany, Oz-en-Oisans, Auris-en-Oisans, Villard-Reculas, Huez",Alpe d'Huez,A,250,,1860,1125,3330,2205,34,31,28,18,68 (skiresort; Alti Mag 84),16 (Sarenne),"no (small Sarenne glacier at the top, not marketed)","1,053 cannons, 88 km",€336.50 (2026/27),9 Apr 2027 full rates; reduced rates to 18 Apr,high,mid-premium,"Skiworld, Inghams, Ski Total","Grenoble, Lyon, Chambéry",1.5–2.5,no,User benchmark.,
France,Alpe d'Huez Grand Domaine,"Alpe d'Huez, Vaujany, Oz-en-Oisans, Auris-en-Oisans, Villard-Reculas, Huez",Auris-en-Oisans,B,250,,1600,1125,3330,2205,34,31,28,18,68 (skiresort; Alti Mag 84),16 (Sarenne),"no (small Sarenne glacier at the top, not marketed)","1,053 cannons, 88 km",€336.50 (2026/27),9 Apr 2027 full rates; reduced rates to 18 Apr,medium,budget,independents,"Grenoble, Lyon, Chambéry",1.5–2,yes,Small.,
France,Alpe d'Huez Grand Domaine,"Alpe d'Huez, Vaujany, Oz-en-Oisans, Auris-en-Oisans, Villard-Reculas, Huez",Villard-Reculas,B,250,,1450,1125,3330,2205,34,31,28,18,68 (skiresort; Alti Mag 84),16 (Sarenne),"no (small Sarenne glacier at the top, not marketed)","1,053 cannons, 88 km",€336.50 (2026/27),9 Apr 2027 full rates; reduced rates to 18 Apr,medium,budget,independents,"Grenoble, Lyon, Chambéry",1.5–2,yes,Small.,
France,Alpe d'Huez Grand Domaine,"Alpe d'Huez, Vaujany, Oz-en-Oisans, Auris-en-Oisans, Villard-Reculas, Huez",Oz-en-Oisans,B,250,,1350,1125,3330,2205,34,31,28,18,68 (skiresort; Alti Mag 84),16 (Sarenne),"no (small Sarenne glacier at the top, not marketed)","1,053 cannons, 88 km",€336.50 (2026/27),9 Apr 2027 full rates; reduced rates to 18 Apr,medium,mid,Peak Retreats (self-catered),"Grenoble, Lyon, Chambéry",1.5–2,yes,Purpose-built satellite.,
France,Alpe d'Huez Grand Domaine,"Alpe d'Huez, Vaujany, Oz-en-Oisans, Auris-en-Oisans, Villard-Reculas, Huez",Vaujany,B,250,,1250,1125,3330,2205,34,31,28,18,68 (skiresort; Alti Mag 84),16 (Sarenne),"no (small Sarenne glacier at the top, not marketed)","1,053 cannons, 88 km",€336.50 (2026/27),9 Apr 2027 full rates; reduced rates to 18 Apr,medium,mid,Peak Retreats (self-catered); independents,"Grenoble, Lyon, Chambéry",1.5–2,yes: quick lift into the high terrain,Village with a strong UK independent chalet scene.,
France,Alpe d'Huez Grand Domaine,"Alpe d'Huez, Vaujany, Oz-en-Oisans, Auris-en-Oisans, Villard-Reculas, Huez",Huez (village),C,250,,1500,1125,3330,2205,34,31,28,18,68 (skiresort; Alti Mag 84),16 (Sarenne),"no (small Sarenne glacier at the top, not marketed)","1,053 cannons, 88 km",€336.50 (2026/27),9 Apr 2027 full rates; reduced rates to 18 Apr,medium,budget,few,"Grenoble, Lyon, Chambéry",1.5–2,yes,Small.,
France,Les 2 Alpes,"Les 2 Alpes, Mont-de-Lans, Vénosc",Les 2 Alpes,A,220,,1650,1280,3523,2243,18,47,17,14,40,10 (glacier to village),yes,19% (270 cannons),€333 (2026/27),2 May 2027,high,mid,"Skiworld, Inghams, Ski Total","Grenoble, Lyon, Chambéry",1.5–2.5,no,User benchmark.,
France,Les 2 Alpes,"Les 2 Alpes, Mont-de-Lans, Vénosc",Mont-de-Lans,B,220,,1300,1280,3523,2243,18,47,17,14,40,10 (glacier to village),yes,19% (270 cannons),€333 (2026/27),2 May 2027,low,budget,few,"Grenoble, Lyon, Chambéry",1.5–2.5,yes,Small village below the resort.,
France,Les 2 Alpes,"Les 2 Alpes, Mont-de-Lans, Vénosc",Vénosc,B,220,,900,1280,3523,2243,18,47,17,14,40,10 (glacier to village),yes,19% (270 cannons),€333 (2026/27),2 May 2027,low,budget,independents,"Grenoble, Lyon, Chambéry",1.5–2.5,yes,Pretty village with a gondola up.,
France,Via Lattea / Milky Way (French side),"Montgenèvre, Claviere, Cesana, Sansicario, Sestriere, Sauze d'Oulx, Pragelato",Montgenèvre,B,400,110 (Montgenèvre + Monts de la Lune),1850,1372,2789,1251,7,80,120,42,70,,no,120 km,Vialattea €307 office / €294.50 online high season; Internazionale €334; Montgenèvre only €217 (2025/26),17–18 Apr 2027,high,mid,Inghams,"Turin, Grenoble",1.5–2.5,yes,French end of a 400 km area.,
France,Les Sybelles,"Le Corbier, La Toussuire, St-Sorlin-d'Arves, St-Jean-d'Arves, Les Bottières, St-Colomban-des-Villards",La Toussuire,B,310 (Alti Mag; skiresort 275),,1700,1100,2620,1520,26,62,42,15,61–77,"4.2 (La Panoramique, St-Sorlin)",no,55 km at St-Sorlin,€307.20 (2026/27),9–11 Apr 2027,medium,budget,Peak Retreats (self-catered),"Chambéry, Lyon, Grenoble",2–2.5,yes,Purpose-built.,
France,Les Sybelles,"Le Corbier, La Toussuire, St-Sorlin-d'Arves, St-Jean-d'Arves, Les Bottières, St-Colomban-des-Villards",Le Corbier,B,310 (Alti Mag; skiresort 275),,1550,1100,2620,1520,26,62,42,15,61–77,"4.2 (La Panoramique, St-Sorlin)",no,55 km at St-Sorlin,€307.20 (2026/27),9–11 Apr 2027,medium,budget,none confirmed,"Chambéry, Lyon, Grenoble",2–2.5,yes,Large apartment blocks.,
France,Les Sybelles,"Le Corbier, La Toussuire, St-Sorlin-d'Arves, St-Jean-d'Arves, Les Bottières, St-Colomban-des-Villards",St-Sorlin-d'Arves,B,310 (Alti Mag; skiresort 275),120,1550,1100,2620,1520,26,62,42,15,61–77,"4.2 (La Panoramique, St-Sorlin)",no,55 km at St-Sorlin,€307.20 (2026/27),9–11 Apr 2027,medium,budget-mid,Peak Retreats (self-catered),"Chambéry, Lyon, Grenoble",2–2.5,yes,Traditional village.,
France,Les Sybelles,"Le Corbier, La Toussuire, St-Sorlin-d'Arves, St-Jean-d'Arves, Les Bottières, St-Colomban-des-Villards",St-Jean-d'Arves,C,310 (Alti Mag; skiresort 275),,1550,1100,2620,1520,26,62,42,15,61–77,"4.2 (La Panoramique, St-Sorlin)",no,55 km at St-Sorlin,€307.20 (2026/27),9–11 Apr 2027,medium,budget,none confirmed,"Chambéry, Lyon",2.5,yes,Small village.,
France,Les Sybelles,"Le Corbier, La Toussuire, St-Sorlin-d'Arves, St-Jean-d'Arves, Les Bottières, St-Colomban-des-Villards",Les Bottières,C,310 (Alti Mag; skiresort 275),,1280,1100,2620,1520,26,62,42,15,61–77,"4.2 (La Panoramique, St-Sorlin)",no,55 km at St-Sorlin,€307.20 (2026/27),9–11 Apr 2027,low,budget,none confirmed,"Chambéry, Lyon",2,yes,Small.,
France,Les Sybelles,"Le Corbier, La Toussuire, St-Sorlin-d'Arves, St-Jean-d'Arves, Les Bottières, St-Colomban-des-Villards",St-Colomban-des-Villards,C,310 (Alti Mag; skiresort 275),,1100,1100,2620,1520,26,62,42,15,61–77,"4.2 (La Panoramique, St-Sorlin)",no,55 km at St-Sorlin,€307.20 (2026/27),9–11 Apr 2027,low,budget,none confirmed,"Chambéry, Lyon",2,yes,Remote end of the area.,
France,Grand Massif,"Flaine, Les Carroz, Morillon, Samoëns, Sixt-Fer-à-Cheval",Flaine (Forum / Front de Neige),B,265,,1600,697,2480,1783,25,59,44,11,63,"14 (Piste des Cascades, Grandes Platières–Sixt)",no,,"about €378 (€63/day, 2026/27); Flaine only about €364; ""Villages"" pass about €351",18 Apr 2027 Flaine; 11 Apr Samoëns/Les Carroz; 4 Apr Morillon; 7 Mar Sixt (closed for the trip),high,mid,Crystal/Inghams possible; Peak Retreats (self-catered),Geneva,1–1.25,no,Brutalist purpose-built resort; snow-sure for its height.,
France,Grand Massif,"Flaine, Les Carroz, Morillon, Samoëns, Sixt-Fer-à-Cheval",Flaine Forêt,B,265,,1700,697,2480,1783,25,59,44,11,63,"14 (Piste des Cascades, Grandes Platières–Sixt)",no,,"about €378 (€63/day, 2026/27); Flaine only about €364; ""Villages"" pass about €351",18 Apr 2027 Flaine; 11 Apr Samoëns/Les Carroz; 4 Apr Morillon; 7 Mar Sixt (closed for the trip),high,mid,independents,Geneva,1–1.25,no,Above the Forum.,
France,Grand Massif,"Flaine, Les Carroz, Morillon, Samoëns, Sixt-Fer-à-Cheval",Flaine Hameau,B,265,,1800,697,2480,1783,25,59,44,11,63,"14 (Piste des Cascades, Grandes Platières–Sixt)",no,,"about €378 (€63/day, 2026/27); Flaine only about €364; ""Villages"" pass about €351",18 Apr 2027 Flaine; 11 Apr Samoëns/Les Carroz; 4 Apr Morillon; 7 Mar Sixt (closed for the trip),high,mid,independents,Geneva,1–1.25,no,Chalet hamlet.,
France,Grand Massif,"Flaine, Les Carroz, Morillon, Samoëns, Sixt-Fer-à-Cheval",Samoëns 1600,B,265,,1600,697,2480,1783,25,59,44,11,63,"14 (Piste des Cascades, Grandes Platières–Sixt)",no,,"about €378 (€63/day, 2026/27); Flaine only about €364; ""Villages"" pass about €351",18 Apr 2027 Flaine; 11 Apr Samoëns/Les Carroz; 4 Apr Morillon; 7 Mar Sixt (closed for the trip),high,mid,few beds,Geneva,1.25,yes,Plateau above Samoëns.,
France,Grand Massif,"Flaine, Les Carroz, Morillon, Samoëns, Sixt-Fer-à-Cheval",Les Carroz,B,265,,1140,697,2480,1783,25,59,44,11,63,"14 (Piste des Cascades, Grandes Platières–Sixt)",no,,"about €378 (€63/day, 2026/27); Flaine only about €364; ""Villages"" pass about €351",18 Apr 2027 Flaine; 11 Apr Samoëns/Les Carroz; 4 Apr Morillon; 7 Mar Sixt (closed for the trip),medium,budget-mid,independents,Geneva,1,yes,"Real village, close to Geneva.",
France,Grand Massif,"Flaine, Les Carroz, Morillon, Samoëns, Sixt-Fer-à-Cheval",Samoëns,B,265,,720,697,2480,1783,25,59,44,11,63,"14 (Piste des Cascades, Grandes Platières–Sixt)",no,,"about €378 (€63/day, 2026/27); Flaine only about €364; ""Villages"" pass about €351",18 Apr 2027 Flaine; 11 Apr Samoëns/Les Carroz; 4 Apr Morillon; 7 Mar Sixt (closed for the trip),low,mid,independents; Alpine Answers,Geneva,1–1.25,yes,Attractive historic village with plenty of chalets; download in late March.,
France,Grand Massif,"Flaine, Les Carroz, Morillon, Samoëns, Sixt-Fer-à-Cheval",Morillon 1100 (Les Esserts),C,265,,1100,697,2480,1783,25,59,44,11,63,"14 (Piste des Cascades, Grandes Platières–Sixt)",no,,"about €378 (€63/day, 2026/27); Flaine only about €364; ""Villages"" pass about €351",18 Apr 2027 Flaine; 11 Apr Samoëns/Les Carroz; 4 Apr Morillon; 7 Mar Sixt (closed for the trip),medium,budget,independents,Geneva,1,yes,Small purpose-built base.,
France,Grand Massif,"Flaine, Les Carroz, Morillon, Samoëns, Sixt-Fer-à-Cheval",Morillon (village),C,265,,700,697,2480,1783,25,59,44,11,63,"14 (Piste des Cascades, Grandes Platières–Sixt)",no,,"about €378 (€63/day, 2026/27); Flaine only about €364; ""Villages"" pass about €351",18 Apr 2027 Flaine; 11 Apr Samoëns/Les Carroz; 4 Apr Morillon; 7 Mar Sixt (closed for the trip),low,budget,independents,Geneva,1,yes,Valley village.,
France,Grand Massif,"Flaine, Les Carroz, Morillon, Samoëns, Sixt-Fer-à-Cheval",Sixt-Fer-à-Cheval,C,265,,760,697,2480,1783,25,59,44,11,63,"14 (Piste des Cascades, Grandes Platières–Sixt)",no,,"about €378 (€63/day, 2026/27); Flaine only about €364; ""Villages"" pass about €351",18 Apr 2027 Flaine; 11 Apr Samoëns/Les Carroz; 4 Apr Morillon; 7 Mar Sixt (closed for the trip),low,budget,few,Geneva,1.25,yes,Closed for the trip week; listed for completeness.,
France,Serre Chevalier,"Briançon, Chantemerle, Villeneuve (La Salle-les-Alpes), Le Monêtier-les-Bains",Le Monêtier-les-Bains,B,250,,1500,1200,2800,1600,15,26,28,13,59 (skiresort; Alti Mag 70),8,no,"about a third of the area, 100 km network",€345 (2026/27); a cheaper spring rate may start around 27 Mar,18 Apr 2027,medium,mid,likely (not verified),"Turin, Grenoble",2–2.5,no,Quietest and snowiest end; thermal baths.,
France,Serre Chevalier,"Briançon, Chantemerle, Villeneuve (La Salle-les-Alpes), Le Monêtier-les-Bains",Villeneuve (La Salle-les-Alpes),B,250,,1400,1200,2800,1600,15,26,28,13,59 (skiresort; Alti Mag 70),8,no,"about a third of the area, 100 km network",€345 (2026/27); a cheaper spring rate may start around 27 Mar,18 Apr 2027,medium,mid,"Inghams, Iglu, Ski Miquel","Turin, Grenoble",2–2.5,no,Central base.,
France,Serre Chevalier,"Briançon, Chantemerle, Villeneuve (La Salle-les-Alpes), Le Monêtier-les-Bains",Chantemerle,B,250,,1350,1200,2800,1600,15,26,28,13,59 (skiresort; Alti Mag 70),8,no,"about a third of the area, 100 km network",€345 (2026/27); a cheaper spring rate may start around 27 Mar,18 Apr 2027,medium,mid,likely (not verified),"Turin, Grenoble",2–2.5,no,Luc Alphand black run.,
France,Serre Chevalier,"Briançon, Chantemerle, Villeneuve (La Salle-les-Alpes), Le Monêtier-les-Bains",Briançon,C,250,,1200,1200,2800,1600,15,26,28,13,59 (skiresort; Alti Mag 70),8,no,"about a third of the area, 100 km network",€345 (2026/27); a cheaper spring rate may start around 27 Mar,18 Apr 2027,low,budget-mid,few,"Turin, Grenoble (Oulx TGV)",2–2.5,yes,Fortified town with a gondola up.,
France,Évasion Mont-Blanc (Megève – St-Gervais linked sector),"Megève, St-Gervais (Le Bettex), St-Nicolas-de-Véroce, Combloux",St-Gervais Le Bettex,B,185 linked (405 on the pass),,1400,850,2353,1503,,70 km (incl. green),90 km,25 km,60,,no,,"€318 to 20 Mar 2026, €254.50 late season (2025/26)",4 Apr 2027,medium,mid,independents,Geneva,1–1.25,yes,Mid-mountain base.,
France,Évasion Mont-Blanc (Megève – St-Gervais linked sector),"Megève, St-Gervais (Le Bettex), St-Nicolas-de-Véroce, Combloux",Megève,B,185 linked (405 on the pass),,1113,850,2353,1503,,70 km (incl. green),90 km,25 km,60,,no,,"€318 to 20 Mar 2026, €254.50 late season (2025/26)",4 Apr 2027,low,premium,independents; Inghams possible,Geneva,1–1.25,no,Chic town.,
France,Évasion Mont-Blanc (Megève – St-Gervais linked sector),"Megève, St-Gervais (Le Bettex), St-Nicolas-de-Véroce, Combloux",St-Gervais-les-Bains,C,185 linked (405 on the pass),,850,850,2353,1503,,70 km (incl. green),90 km,25 km,60,,no,,"€318 to 20 Mar 2026, €254.50 late season (2025/26)",4 Apr 2027,low,mid,independents,Geneva,1,yes,Spa town with a station.,
France,Évasion Mont-Blanc (Megève – St-Gervais linked sector),"Megève, St-Gervais (Le Bettex), St-Nicolas-de-Véroce, Combloux",St-Nicolas-de-Véroce,C,185 linked (405 on the pass),,1150,850,2353,1503,,70 km (incl. green),90 km,25 km,60,,no,,"€318 to 20 Mar 2026, €254.50 late season (2025/26)",4 Apr 2027,low,mid,independents,Geneva,1.25,yes,Small.,
France,Évasion Mont-Blanc (Megève – St-Gervais linked sector),"Megève, St-Gervais (Le Bettex), St-Nicolas-de-Véroce, Combloux",Combloux,C,185 linked (405 on the pass),,1000,850,2353,1503,,70 km (incl. green),90 km,25 km,60,,no,,"€318 to 20 Mar 2026, €254.50 late season (2025/26)",4 Apr 2027,low,mid,independents,Geneva,1,yes,View of Mont Blanc.,
France,La Forêt Blanche (Vars – Risoul),"Vars (Les Claux, Ste-Marie), Risoul 1850",Risoul 1850,B,185,,1850,1650,2750,,,75 km (incl. green),90 km,20 km,34–51,,no,,€298 (2025/26),early Apr (Vars 6 Apr 2026),high,budget,none confirmed,"Turin, Marseille, Grenoble",3–3.5,no,Long transfer.,
France,La Forêt Blanche (Vars – Risoul),"Vars (Les Claux, Ste-Marie), Risoul 1850",Vars (Les Claux),B,185,,1850,1650,2750,,,75 km (incl. green),90 km,20 km,34–51,,no,,€298 (2025/26),early Apr (Vars 6 Apr 2026),high,budget-mid,none confirmed,"Turin, Marseille, Grenoble",3–3.5,no,Long transfer.,
France,Le Grand Domaine (Valmorel – St-François-Longchamp),"Valmorel, Doucy-Combelouvière, St-François-Longchamp, Celliers",St-François-Longchamp (Longchamp 1650),B,165 (+7 km routes),,1650,1250,2514,1264,25,49,21,8,43–46,,no,,€299.90 (2026/27); €269.90 each when buying 3+,10 Apr 2027 (skiresort: 4 Apr),medium,budget,none confirmed,"Chambéry, Lyon",1.5–2.5,yes,Maurienne side.,
France,Le Grand Domaine (Valmorel – St-François-Longchamp),"Valmorel, Doucy-Combelouvière, St-François-Longchamp, Celliers",Valmorel,B,165 (+7 km routes),,1400,1250,2514,1264,25,49,21,8,43–46,,no,,€299.90 (2026/27); €269.90 each when buying 3+,10 Apr 2027 (skiresort: 4 Apr),medium,mid,Ski Total (weak evidence); independents,"Chambéry, Geneva, Lyon",1.25–2.5,no,Car-free village.,
France,Le Grand Domaine (Valmorel – St-François-Longchamp),"Valmorel, Doucy-Combelouvière, St-François-Longchamp, Celliers",Doucy-Combelouvière,C,165 (+7 km routes),,1250,1250,2514,1264,25,49,21,8,43–46,,no,,€299.90 (2026/27); €269.90 each when buying 3+,10 Apr 2027 (skiresort: 4 Apr),low,budget,none confirmed,"Chambéry, Lyon",1.25–2,yes,Small.,
France,Le Grand Domaine (Valmorel – St-François-Longchamp),"Valmorel, Doucy-Combelouvière, St-François-Longchamp, Celliers",Celliers,C,165 (+7 km routes),,1300,1250,2514,1264,25,49,21,8,43–46,,no,,€299.90 (2026/27); €269.90 each when buying 3+,10 Apr 2027 (skiresort: 4 Apr),low,budget,none,Chambéry,1.5,yes,Hamlet.,
France,Espace San Bernardo (La Rosière – La Thuile),"La Rosière, La Thuile (Italy)",La Rosière,B,143 (+12 km routes),,1850,1190,2800,1610,,56 km (incl. green),70.5 km,16.6 km,37,,no,"yes, figure not published",€295 (2026/27),17 Apr 2027 (France–Italy link to 11 Apr),medium,mid,Crystal/TUI; Peak Retreats (self-catered); independents,"Chambéry, Geneva, Turin (Bourg-St-Maurice TGV)",2–3.5,no,Small and friendly; the Italian link runs all week.,
France,Espace Diamant,"Les Saisies, Crest-Voland, Notre-Dame-de-Bellecombe, Praz-sur-Arly, Flumet, Hauteluce",Les Saisies,C,192,,1650,1000,2069,,30,69,49,10,80,5.6 (Ban Rouge),no,,€250 (2025/26),about 6 Apr (Les Saisies about 11 Apr),medium,budget-mid,Peak Retreats (self-catered),Geneva,1.25–1.5,no,Cross-country hub.,
France,Espace Diamant,"Les Saisies, Crest-Voland, Notre-Dame-de-Bellecombe, Praz-sur-Arly, Flumet, Hauteluce",Crest-Voland,C,192,,1230,1000,2069,,30,69,49,10,80,5.6 (Ban Rouge),no,,€250 (2025/26),about 6 Apr (Les Saisies about 11 Apr),low,budget,none confirmed,Geneva,1.25,yes,Small.,
France,Espace Diamant,"Les Saisies, Crest-Voland, Notre-Dame-de-Bellecombe, Praz-sur-Arly, Flumet, Hauteluce",Hauteluce,C,192,,1150,1000,2069,,30,69,49,10,80,5.6 (Ban Rouge),no,,€250 (2025/26),about 6 Apr (Les Saisies about 11 Apr),low,budget,none confirmed,Geneva,1.5,yes,Small.,
France,Espace Diamant,"Les Saisies, Crest-Voland, Notre-Dame-de-Bellecombe, Praz-sur-Arly, Flumet, Hauteluce",Notre-Dame-de-Bellecombe,C,192,,1150,1000,2069,,30,69,49,10,80,5.6 (Ban Rouge),no,,€250 (2025/26),about 6 Apr (Les Saisies about 11 Apr),low,budget,none confirmed,Geneva,1.25,yes,Small.,
France,Espace Diamant,"Les Saisies, Crest-Voland, Notre-Dame-de-Bellecombe, Praz-sur-Arly, Flumet, Hauteluce",Praz-sur-Arly,C,192,,1035,1000,2069,,30,69,49,10,80,5.6 (Ban Rouge),no,,€250 (2025/26),about 6 Apr (Les Saisies about 11 Apr),low,budget,none confirmed,Geneva,1.25,yes,Small.,
France,Espace Diamant,"Les Saisies, Crest-Voland, Notre-Dame-de-Bellecombe, Praz-sur-Arly, Flumet, Hauteluce",Flumet,C,192,,1000,1000,2069,,30,69,49,10,80,5.6 (Ban Rouge),no,,€250 (2025/26),about 6 Apr (Les Saisies about 11 Apr),low,budget,none confirmed,Geneva,1.25,yes,Small.,
France,Espace Lumière (Pra-Loup – Val d'Allos),"Pra-Loup 1600, Pra-Loup 1500, La Foux d'Allos",La Foux d'Allos,C,180,,1800,1608,2576,,,56 km (incl. green),93.5 km,30.5 km,36,,no,,€246–258 (2025/26),about 6 Apr,medium,budget,none confirmed,"Marseille, Nice",3,no,Remote.,
France,Espace Lumière (Pra-Loup – Val d'Allos),"Pra-Loup 1600, Pra-Loup 1500, La Foux d'Allos",Pra-Loup,C,180,,1600,1608,2576,,,56 km (incl. green),93.5 km,30.5 km,36,,no,,€246–258 (2025/26),about 6 Apr,medium,budget,none confirmed,"Marseille, Nice",3,no,Remote.,
France,Galibier-Thabor (Valloire – Valmeinier),"Valloire, Valmeinier 1800, Valmeinier 1500",Valmeinier 1800,C,150–160,,1800,1430,2750,,21,25,31,6,30,,no,,€271.50 (season not stated),early to mid Apr (not verified),high,budget,none confirmed,"Chambéry, Lyon, Turin",2–2.5,no,Purpose-built.,
France,Galibier-Thabor (Valloire – Valmeinier),"Valloire, Valmeinier 1800, Valmeinier 1500",Valloire,C,150–160,,1430,1430,2750,,21,25,31,6,30,,no,,€271.50 (season not stated),early to mid Apr (not verified),medium,budget-mid,Peak Retreats (self-catered),"Chambéry, Lyon, Turin",2–2.5,no,Lively village.,
Austria,Ski Arlberg,"St Anton, St Christoph, Stuben, Lech, Oberlech, Zürs, Warth, Schröcken",St Anton am Arlberg,A,300,,1304,1304,2811,1507,,130 km,120 km,50 km,85,Run of Fame circuit 85 km (St Anton–Warth),no,73%,€450 (2025/26 main season),18 Apr 2027,high,premium,"Inghams, Skiworld, SkiKings, Mark Warner (Chalet Hotel Rosanna)","Innsbruck, Zürich, Friedrichshafen",1.25–2.5,no,"Benchmark-level. SNO lists catered chalets at £821–£1,539 pp, so £750 is a stretch even in late March.",
Austria,Ski Arlberg,"St Anton, St Christoph, Stuben, Lech, Oberlech, Zürs, Warth, Schröcken",St Christoph,A,300,,1800,1304,2811,1507,,130 km,120 km,50 km,85,Run of Fame circuit 85 km (St Anton–Warth),no,73%,€450 (2025/26 main season),18 Apr 2027,high,premium,few,"Innsbruck, Zürich",1.25–2.5,no,Hamlet on the pass with a handful of hotels and very few chalets.,
Austria,Ski Arlberg,"St Anton, St Christoph, Stuben, Lech, Oberlech, Zürs, Warth, Schröcken",Lech,A,300,,1450,1304,2811,1507,,130 km,120 km,50 km,85,Run of Fame circuit 85 km (St Anton–Warth),no,73%,€450 (2025/26 main season),18 Apr 2027,high,premium,Alpine Answers (luxury),"Zürich, Innsbruck",1.5–2.5,no,Very expensive; no realistic £750 pp catered chalet.,
Austria,Ski Arlberg,"St Anton, St Christoph, Stuben, Lech, Oberlech, Zürs, Warth, Schröcken",Oberlech,A,300,,1700,1304,2811,1507,,130 km,120 km,50 km,85,Run of Fame circuit 85 km (St Anton–Warth),no,73%,€450 (2025/26 main season),18 Apr 2027,high,premium,Alpine Answers (luxury),"Zürich, Innsbruck",1.5–2.5,no,Car-free in winter; top-end prices.,
Austria,Ski Arlberg,"St Anton, St Christoph, Stuben, Lech, Oberlech, Zürs, Warth, Schröcken",Zürs,A,300,,1720,1304,2811,1507,,130 km,120 km,50 km,85,Run of Fame circuit 85 km (St Anton–Warth),no,73%,€450 (2025/26 main season),18 Apr 2027,high,premium,Inghams,"Zürich, Innsbruck",1.5–2.5,no,Exclusive and hotel-dominated.,
Austria,Ski Arlberg,"St Anton, St Christoph, Stuben, Lech, Oberlech, Zürs, Warth, Schröcken",Warth,B,300,,1500,1304,2811,1507,,130 km,120 km,50 km,85,Run of Fame circuit 85 km (St Anton–Warth),no,73%,€450 (2025/26 main season),18 Apr 2027,high,mid,few,"Zürich, Friedrichshafen",2,yes: cheaper end of Ski Arlberg,Linked to Lech by the Auenfeldjet. A long way round to St Anton.,
Austria,Ski Arlberg,"St Anton, St Christoph, Stuben, Lech, Oberlech, Zürs, Warth, Schröcken",Schröcken,B,300,,1270,1304,2811,1507,,130 km,120 km,50 km,85,Run of Fame circuit 85 km (St Anton–Warth),no,73%,€450 (2025/26 main season),18 Apr 2027,high,mid,few,"Zürich, Friedrichshafen",2,yes,Small village next to Warth.,
Austria,Ski Arlberg,"St Anton, St Christoph, Stuben, Lech, Oberlech, Zürs, Warth, Schröcken",Stuben,B,300,,1400,1304,2811,1507,,130 km,120 km,50 km,85,Run of Fame circuit 85 km (St Anton–Warth),no,73%,€450 (2025/26 main season),18 Apr 2027,high,mid-premium,few UK operators known,"Innsbruck, Zürich",1.25–2.5,yes: small village with a lift into the Arlberg network,Quiet base between St Anton and Zürs; the local Albona sector is steep and freeride-heavy.,
Austria,Silvretta Arena (Ischgl–Samnaun),"Ischgl, Samnaun (Switzerland), Mathon",Ischgl,A,239 (+15 km ski routes),,1377,1360,2872,1512,,47 km,140 km,52 km,45,"11 (""Eleven"", Greitspitz–Ischgl)",no,"95% (about 1,200 guns)",€451 Silvretta Skipass (2025/26),2 May 2027,high,premium,Inghams (hotels); chalets are scarce,"Innsbruck, Zürich, Friedrichshafen",1.5–2.5,no,Benchmark-level for snow. Known for loud après; catered chalets are rare.,
Austria,Silvretta Arena (Ischgl–Samnaun),"Ischgl, Samnaun (Switzerland), Mathon",Samnaun,B,239 (+15 km ski routes),,1840,1360,2872,1512,,47 km,140 km,52 km,45,"11 (""Eleven"", Greitspitz–Ischgl)",no,"95% (about 1,200 guns)",€451 Silvretta Skipass (2025/26),2 May 2027,high,mid-premium,none known,"Zürich, Innsbruck",2–3,yes: Swiss side of Ischgl,The Swiss end of the area; a long drive in.,
Austria,Silvretta Arena (Ischgl–Samnaun),"Ischgl, Samnaun (Switzerland), Mathon",Mathon,C,239 (+15 km ski routes),,1450,1360,2872,1512,,47 km,140 km,52 km,45,"11 (""Eleven"", Greitspitz–Ischgl)",no,"95% (about 1,200 guns)",€451 Silvretta Skipass (2025/26),2 May 2027,high,mid,none,Innsbruck,1.5,"partial: bus to Ischgl, no lift",Small; included because it is on the Ischgl lift pass.,
Austria,Sölden (Ötztal),"Sölden, Hochsölden, Zwieselstein",Sölden,A,146 (+8 km routes),,1377,1350,3340,1990,,76 km,40 km,29 km,31,about 15 (glacier to village),yes (Rettenbach and Tiefenbach),extensive (% not published),"€451 (2025/26 main season, Ötztal pass)",2 May 2027,high,mid,"Inghams, SNO-listed chalets","Innsbruck, Munich",1.25–3,no,User benchmark. Lively; one of the more affordable A-calibre options in Austria.,
Austria,Sölden (Ötztal),"Sölden, Hochsölden, Zwieselstein",Hochsölden,A,146 (+8 km routes),,2090,1350,3340,1990,,76 km,40 km,29 km,31,about 15 (glacier to village),yes (Rettenbach and Tiefenbach),extensive (% not published),"€451 (2025/26 main season, Ötztal pass)",2 May 2027,high,mid-premium,few,Innsbruck,1.5,no,Small cluster of hotels above Sölden.,
Austria,Skicircus Saalbach Hinterglemm Leogang Fieberbrunn,"Saalbach, Hinterglemm, Leogang, Fieberbrunn, Viehhofen",Hinterglemm,B,270,,1060,830,2096,1266,,140 km,112 km,18 km,69,,no,,"€425 (2025/26, ALPIN CARD; the Skicircus-only pass is similar)",4 Apr 2027,medium,mid,Inghams,"Salzburg, Munich",1.25–2.5,no,Slightly quieter twin of Saalbach.,
Austria,Skicircus Saalbach Hinterglemm Leogang Fieberbrunn,"Saalbach, Hinterglemm, Leogang, Fieberbrunn, Viehhofen",Saalbach,B,270,,1003,830,2096,1266,,140 km,112 km,18 km,69,,no,,"€425 (2025/26, ALPIN CARD; the Skicircus-only pass is similar)",4 Apr 2027,medium,mid-premium,"Inghams, SNO-listed chalets","Salzburg, Munich, Innsbruck",1.25–2.5,no,"Big area, great piste circuit; lower than the benchmark.",
Austria,Skicircus Saalbach Hinterglemm Leogang Fieberbrunn,"Saalbach, Hinterglemm, Leogang, Fieberbrunn, Viehhofen",Fieberbrunn,C,270,,800,830,2096,1266,,140 km,112 km,18 km,69,,no,,"€425 (2025/26, ALPIN CARD; the Skicircus-only pass is similar)",4 Apr 2027,medium,budget-mid,SNO-listed chalets,"Salzburg, Munich",1.25–2,yes: cheaper entry to the Skicircus,Freeride World Tour venue.,
Austria,Skicircus Saalbach Hinterglemm Leogang Fieberbrunn,"Saalbach, Hinterglemm, Leogang, Fieberbrunn, Viehhofen",Viehhofen,C,270,,860,830,2096,1266,,140 km,112 km,18 km,69,,no,,"€425 (2025/26, ALPIN CARD; the Skicircus-only pass is similar)",4 Apr 2027,low,budget,none known,Salzburg,1.25,yes,Small village with a gondola to the Schattberg side.,
Austria,Skicircus Saalbach Hinterglemm Leogang Fieberbrunn,"Saalbach, Hinterglemm, Leogang, Fieberbrunn, Viehhofen",Leogang,C,270,,800,830,2096,1266,,140 km,112 km,18 km,69,,no,,"€425 (2025/26, ALPIN CARD; the Skicircus-only pass is similar)",4 Apr 2027,low,mid-premium,Alpine Answers (luxury),Salzburg,1,yes,Gondola into the circuit.,
Austria,KitzSki (Kitzbühel–Kirchberg),"Kitzbühel, Kirchberg, Jochberg, Pass Thurn, Aschau",Kitzbühel,B,188 (+45 km routes),,760,800,2000,1200,,102 km,66 km,20 km,58,,no,,€429 high season (to 10 Apr 2026),4 Apr 2027,low,premium,"Inghams, Alpine Answers","Salzburg, Innsbruck, Munich",1.25–1.75,no,"Famous name, but low for late March.",
Austria,KitzSki (Kitzbühel–Kirchberg),"Kitzbühel, Kirchberg, Jochberg, Pass Thurn, Aschau",Pass Thurn / Resterhöhe,C,188 (+45 km routes),,1270,800,2000,1200,,102 km,66 km,20 km,58,,no,,€429 high season (to 10 Apr 2026),4 Apr 2027,medium,budget-mid,none known,"Salzburg, Munich",1.25–1.75,yes,Few beds.,
Austria,KitzSki (Kitzbühel–Kirchberg),"Kitzbühel, Kirchberg, Jochberg, Pass Thurn, Aschau",Jochberg,C,188 (+45 km routes),,920,800,2000,1200,,102 km,66 km,20 km,58,,no,,€429 high season (to 10 Apr 2026),4 Apr 2027,low,budget-mid,none known,"Salzburg, Innsbruck, Munich",1.25–1.75,yes,Gondola into the area.,
Austria,KitzSki (Kitzbühel–Kirchberg),"Kitzbühel, Kirchberg, Jochberg, Pass Thurn, Aschau",Kirchberg,C,188 (+45 km routes),,850,800,2000,1200,,102 km,66 km,20 km,58,,no,,€429 high season (to 10 Apr 2026),4 Apr 2027,low,mid,none known,"Salzburg, Innsbruck, Munich",1.25–1.75,yes,Lifts from the village.,
Austria,Serfaus-Fiss-Ladis,"Serfaus, Fiss, Ladis",Serfaus,B,186 (+28 km routes),,1427,1200,2828,1628,,47 km,112 km,27 km,38,,no,,"€414.50 (2025/26 high season, without guest card)",4 Apr 2027,high,mid-premium,none verified,"Innsbruck, Munich",1.25–3,no,Very family-focused and well organised.,
Austria,Serfaus-Fiss-Ladis,"Serfaus, Fiss, Ladis",Fiss,B,186 (+28 km routes),,1436,1200,2828,1628,,47 km,112 km,27 km,38,,no,,"€414.50 (2025/26 high season, without guest card)",4 Apr 2027,high,mid-premium,none verified,"Innsbruck, Munich",1.25–3,no,Lifts from the village.,
Austria,Serfaus-Fiss-Ladis,"Serfaus, Fiss, Ladis",Ladis,C,186 (+28 km routes),,1190,1200,2828,1628,,47 km,112 km,27 km,38,,no,,"€414.50 (2025/26 high season, without guest card)",4 Apr 2027,medium,mid,none verified,Innsbruck,1.25,yes,Small; chairlift into the Fiss sector.,
Austria,Zillertal Arena,"Zell am Ziller, Gerlos, Königsleiten, Hochkrimml",Königsleiten,B,150,,1600,580,2500,1920,,50 km,88 km,12 km,52,,no,,€399 Zillertal Superskipass (2025/26),11 Apr 2027,high,budget-mid,none verified,"Innsbruck, Salzburg",1.5–2,yes,Snow-surest base in the Arena.,
Austria,Zillertal Arena,"Zell am Ziller, Gerlos, Königsleiten, Hochkrimml",Gerlos,B,150,,1250,580,2500,1920,,50 km,88 km,12 km,52,,no,,€399 Zillertal Superskipass (2025/26),11 Apr 2027,medium,mid,SNO-listed chalets,Innsbruck,1.25,no,Lively; lifts from the village.,
Austria,Zillertal Arena,"Zell am Ziller, Gerlos, Königsleiten, Hochkrimml",Hochkrimml,C,150,,1630,580,2500,1920,,50 km,88 km,12 km,52,,no,,€399 Zillertal Superskipass (2025/26),11 Apr 2027,high,budget-mid,none known,"Salzburg, Innsbruck",2,yes,Small base on the Gerlos Pass.,
Austria,Zillertal Arena,"Zell am Ziller, Gerlos, Königsleiten, Hochkrimml",Zell am Ziller,C,150,,580,580,2500,1920,,50 km,88 km,12 km,52,,no,,€399 Zillertal Superskipass (2025/26),11 Apr 2027,low,budget,none known,"Innsbruck, Munich",1–2,yes,Gondola up; the run home is unreliable in late March.,
Austria,Mayrhofen (Penken–Ahorn–Rastkogel–Eggalm),"Mayrhofen, Finkenberg, Hippach, Lanersbach (Eggalm)",Mayrhofen,B,142,,630,630,2500,1870,,44 km,66 km,32 km,61,,"no (Hintertux glacier on the same Zillertal pass, 64 km, by bus)",,€399 Zillertal Superskipass (2025/26),11 Apr 2027,medium,budget-mid,"Alpenglow, Inghams; Crystal historically","Innsbruck, Munich, Salzburg",1–2,yes: cheap base with glacier access on the same pass,Strong UK presence and lively après. Harakiri is Austria's steepest piste.,
Austria,Mayrhofen (Penken–Ahorn–Rastkogel–Eggalm),"Mayrhofen, Finkenberg, Hippach, Lanersbach (Eggalm)",Finkenberg,C,142,,840,630,2500,1870,,44 km,66 km,32 km,61,,"no (Hintertux glacier on the same Zillertal pass, 64 km, by bus)",,€399 Zillertal Superskipass (2025/26),11 Apr 2027,medium,budget-mid,SNO-listed chalets,Innsbruck,1,yes,Also the closest Penken base to Hintertux.,
Austria,Mayrhofen (Penken–Ahorn–Rastkogel–Eggalm),"Mayrhofen, Finkenberg, Hippach, Lanersbach (Eggalm)",Hippach,C,142,,600,630,2500,1870,,44 km,66 km,32 km,61,,"no (Hintertux glacier on the same Zillertal pass, 64 km, by bus)",,€399 Zillertal Superskipass (2025/26),11 Apr 2027,low,budget,none known,Innsbruck,1,yes,Low valley village.,
Austria,SkiWelt Wilder Kaiser–Brixental,"Söll, Ellmau, Going, Scheffau, Westendorf, Hopfgarten, Brixen im Thale, Itter, Kelchsau",Hopfgarten,C,275,,620,620,1869,1249,,115 km,121 km,39 km,81,7.3 (Hohe Salve–Söll),no,about 80–90% (sources disagree),"€395.50 peak, €356 low season (14 Mar–6 Apr 2026)",29 Mar 2027 (Easter Monday),low,budget,none known,"Innsbruck, Salzburg, Munich",1–1.5,yes,Gondola into the area.,
Austria,SkiWelt Wilder Kaiser–Brixental,"Söll, Ellmau, Going, Scheffau, Westendorf, Hopfgarten, Brixen im Thale, Itter, Kelchsau",Itter,C,275,,700,620,1869,1249,,115 km,121 km,39 km,81,7.3 (Hohe Salve–Söll),no,about 80–90% (sources disagree),"€395.50 peak, €356 low season (14 Mar–6 Apr 2026)",29 Mar 2027 (Easter Monday),low,budget,none known,"Innsbruck, Salzburg, Munich",1–1.5,yes,Gondola into the area.,
Austria,SkiWelt Wilder Kaiser–Brixental,"Söll, Ellmau, Going, Scheffau, Westendorf, Hopfgarten, Brixen im Thale, Itter, Kelchsau",Kelchsau,C,275,,800,620,1869,1249,,115 km,121 km,39 km,81,7.3 (Hohe Salve–Söll),no,about 80–90% (sources disagree),"€395.50 peak, €356 low season (14 Mar–6 Apr 2026)",29 Mar 2027 (Easter Monday),low,budget,none known,"Innsbruck, Salzburg, Munich",1.25–1.5,yes,Only loosely linked into the circuit.,
Austria,SkiWelt Wilder Kaiser–Brixental,"Söll, Ellmau, Going, Scheffau, Westendorf, Hopfgarten, Brixen im Thale, Itter, Kelchsau",Söll,C,275,,700,620,1869,1249,,115 km,121 km,39 km,81,7.3 (Hohe Salve–Söll),no,about 80–90% (sources disagree),"€395.50 peak, €356 low season (14 Mar–6 Apr 2026)",29 Mar 2027 (Easter Monday),low,budget-mid,"Chaletline, Inghams (hotels)","Innsbruck, Salzburg, Munich",1–1.5,yes,Lively; a traditional UK favourite.,
Austria,SkiWelt Wilder Kaiser–Brixental,"Söll, Ellmau, Going, Scheffau, Westendorf, Hopfgarten, Brixen im Thale, Itter, Kelchsau",Westendorf,C,275,,800,620,1869,1249,,115 km,121 km,39 km,81,7.3 (Hohe Salve–Söll),no,about 80–90% (sources disagree),"€395.50 peak, €356 low season (14 Mar–6 Apr 2026)",29 Mar 2027 (Easter Monday),low,budget-mid,Inghams,"Innsbruck, Salzburg, Munich",1–1.5,yes,Gondola into the area.,
Austria,SkiWelt Wilder Kaiser–Brixental,"Söll, Ellmau, Going, Scheffau, Westendorf, Hopfgarten, Brixen im Thale, Itter, Kelchsau",Scheffau,C,275,,750,620,1869,1249,,115 km,121 km,39 km,81,7.3 (Hohe Salve–Söll),no,about 80–90% (sources disagree),"€395.50 peak, €356 low season (14 Mar–6 Apr 2026)",29 Mar 2027 (Easter Monday),low,budget-mid,none known,"Innsbruck, Salzburg, Munich",1–1.5,yes,Gondola into the area.,
Austria,SkiWelt Wilder Kaiser–Brixental,"Söll, Ellmau, Going, Scheffau, Westendorf, Hopfgarten, Brixen im Thale, Itter, Kelchsau",Brixen im Thale,C,275,,800,620,1869,1249,,115 km,121 km,39 km,81,7.3 (Hohe Salve–Söll),no,about 80–90% (sources disagree),"€395.50 peak, €356 low season (14 Mar–6 Apr 2026)",29 Mar 2027 (Easter Monday),low,budget-mid,none known,"Innsbruck, Salzburg, Munich",1–1.5,yes,Gondola into the area.,
Austria,SkiWelt Wilder Kaiser–Brixental,"Söll, Ellmau, Going, Scheffau, Westendorf, Hopfgarten, Brixen im Thale, Itter, Kelchsau",Ellmau,C,275,,800,620,1869,1249,,115 km,121 km,39 km,81,7.3 (Hohe Salve–Söll),no,about 80–90% (sources disagree),"€395.50 peak, €356 low season (14 Mar–6 Apr 2026)",29 Mar 2027 (Easter Monday),low,mid,"Chaletline, Inghams (hotels)","Innsbruck, Salzburg, Munich",1–1.5,yes,Funicular is 0.5–1 km from the centre.,
Austria,SkiWelt Wilder Kaiser–Brixental,"Söll, Ellmau, Going, Scheffau, Westendorf, Hopfgarten, Brixen im Thale, Itter, Kelchsau",Going,C,275,,800,620,1869,1249,,115 km,121 km,39 km,81,7.3 (Hohe Salve–Söll),no,about 80–90% (sources disagree),"€395.50 peak, €356 low season (14 Mar–6 Apr 2026)",29 Mar 2027 (Easter Monday),low,mid,none known,"Innsbruck, Salzburg, Munich",1–1.5,yes,Quiet; next to Ellmau.,
Austria,Silvretta Montafon,"Schruns, St Gallenkirch, Gaschurn",Gaschurn,C,142,,1000,700,2430,1730,,60 km,50 km,32 km,35,,no,,dynamic (day €77),11 Apr 2027,medium,budget-mid,none verified,"Zürich, Friedrichshafen, Innsbruck",1.25–2,yes,Gondola into the area.,
Austria,Silvretta Montafon,"Schruns, St Gallenkirch, Gaschurn",St Gallenkirch,C,142,,880,700,2430,1730,,60 km,50 km,32 km,35,,no,,dynamic (day €77),11 Apr 2027,low,budget-mid,none verified,"Zürich, Friedrichshafen",1.25–2,yes,Gondola into the area.,
Austria,Silvretta Montafon,"Schruns, St Gallenkirch, Gaschurn",Schruns,C,142,,690,700,2430,1730,,60 km,50 km,32 km,35,,no,,dynamic (day €77),11 Apr 2027,low,budget-mid,none verified,"Zürich, Friedrichshafen",1.25–1.75,yes,Proper town; some of the area is a bus away.,
Switzerland,4 Vallées (Verbier – Nendaz – Veysonnaz – Thyon),"Verbier, Le Châble, La Tzoumaz, Nendaz, Siviez, Veysonnaz, Les Collons, Thyon 2000",Verbier,A,412,,1500,1350,3330,1980,,107 km,202 km,103 km,65,,Mont Fort has glacier terrain (not verified as a marketed glacier),,CHF 409 (2026/27); 10% off online 10+ days ahead,18 Apr 2027 (Verbier–Tzoumaz 25 Apr),high,premium,"SNO lists Verbier chalets from about £3,500 pp; luxury independents","Geneva, Sion",1–2.5,no,No realistic £750 pp catered option.,
Switzerland,4 Vallées (Verbier – Nendaz – Veysonnaz – Thyon),"Verbier, Le Châble, La Tzoumaz, Nendaz, Siviez, Veysonnaz, Les Collons, Thyon 2000",Thyon 2000,B,412,,2100,1350,3330,1980,,107 km,202 km,103 km,65,,Mont Fort has glacier terrain (not verified as a marketed glacier),,CHF 409 (2026/27); 10% off online 10+ days ahead,18 Apr 2027 (Verbier–Tzoumaz 25 Apr),high,mid,few,"Sion, Geneva",0.5–2.5,yes,Apartment resort.,
Switzerland,4 Vallées (Verbier – Nendaz – Veysonnaz – Thyon),"Verbier, Le Châble, La Tzoumaz, Nendaz, Siviez, Veysonnaz, Les Collons, Thyon 2000",Siviez,B,412,,1730,1350,3330,1980,,107 km,202 km,103 km,65,,Mont Fort has glacier terrain (not verified as a marketed glacier),,CHF 409 (2026/27); 10% off online 10+ days ahead,18 Apr 2027 (Verbier–Tzoumaz 25 Apr),high,mid,few beds,"Sion, Geneva",0.75–2.5,yes,Hub with very little accommodation.,
Switzerland,4 Vallées (Verbier – Nendaz – Veysonnaz – Thyon),"Verbier, Le Châble, La Tzoumaz, Nendaz, Siviez, Veysonnaz, Les Collons, Thyon 2000",Les Collons,B,412,,1800,1350,3330,1980,,107 km,202 km,103 km,65,,Mont Fort has glacier terrain (not verified as a marketed glacier),,CHF 409 (2026/27); 10% off online 10+ days ahead,18 Apr 2027 (Verbier–Tzoumaz 25 Apr),high,mid,few,Sion,0.5,yes,Next to Thyon.,
Switzerland,4 Vallées (Verbier – Nendaz – Veysonnaz – Thyon),"Verbier, Le Châble, La Tzoumaz, Nendaz, Siviez, Veysonnaz, Les Collons, Thyon 2000",La Tzoumaz,B,412,,1500,1350,3330,1980,,107 km,202 km,103 km,65,,Mont Fort has glacier terrain (not verified as a marketed glacier),,CHF 409 (2026/27); 10% off online 10+ days ahead,18 Apr 2027 (Verbier–Tzoumaz 25 Apr),medium,mid,few,"Geneva, Sion",1–2,yes,Quiet back door into Verbier.,
Switzerland,4 Vallées (Verbier – Nendaz – Veysonnaz – Thyon),"Verbier, Le Châble, La Tzoumaz, Nendaz, Siviez, Veysonnaz, Les Collons, Thyon 2000",Veysonnaz,B,412,,1300,1350,3330,1980,,107 km,202 km,103 km,65,,Mont Fort has glacier terrain (not verified as a marketed glacier),,CHF 409 (2026/27); 10% off online 10+ days ahead,18 Apr 2027 (Verbier–Tzoumaz 25 Apr),medium,mid,few,"Sion, Geneva",0.5–2.5,yes,Small.,
Switzerland,4 Vallées (Verbier – Nendaz – Veysonnaz – Thyon),"Verbier, Le Châble, La Tzoumaz, Nendaz, Siviez, Veysonnaz, Les Collons, Thyon 2000",Nendaz,B,412,,1350,1350,3330,1980,,107 km,202 km,103 km,65,,Mont Fort has glacier terrain (not verified as a marketed glacier),,CHF 409 (2026/27); 10% off online 10+ days ahead,18 Apr 2027 (Verbier–Tzoumaz 25 Apr),medium,mid-premium,independents,"Sion, Geneva",0.5–2.5,yes: 4 Vallées at a lower price than Verbier,"Big, relaxed village.",
Switzerland,4 Vallées (Verbier – Nendaz – Veysonnaz – Thyon),"Verbier, Le Châble, La Tzoumaz, Nendaz, Siviez, Veysonnaz, Les Collons, Thyon 2000",Le Châble,B,412,,821,1350,3330,1980,,107 km,202 km,103 km,65,,Mont Fort has glacier terrain (not verified as a marketed glacier),,CHF 409 (2026/27); 10% off online 10+ days ahead,18 Apr 2027 (Verbier–Tzoumaz 25 Apr),low,mid,few,Geneva,2,yes,Valley village with a station.,
Switzerland,Matterhorn Ski Paradise (Zermatt – Cervinia – Valtournenche),"Zermatt, Breuil-Cervinia (Italy), Valtournenche (Italy)",Zermatt,A,322 (+38 km routes),,1620,1562,3899,2337,,75 km,220 km,27 km,51,,"yes (Theodul, year-round)",,"Zermatt CHF 384; International CHF 432 (2025/26, dynamic)",year-round on the glacier; full area to early May,high,premium,"SNO lists chalets from about £1,380 pp","Geneva, Zürich, Milan Malpensa",2.75–3.75 (car-free; train from Täsch),no,"Iconic, but £750 pp catered is unrealistic.",
Switzerland,Arosa Lenzerheide,"Lenzerheide, Valbella, Arosa, Parpan, Churwalden",Arosa,B,225,,1775,1229,2865,1636,,110 km,87 km,28 km,43,,no,,,11 Apr 2027,high,premium,none known,Zürich,2.5,no,Linked to Lenzerheide by the Urdenbahn.,
Switzerland,Arosa Lenzerheide,"Lenzerheide, Valbella, Arosa, Parpan, Churwalden",Valbella,B,225,,1540,1229,2865,1636,,110 km,87 km,28 km,43,,no,,,11 Apr 2027,medium,mid-premium,none known,Zürich,2,yes,Next to Lenzerheide.,
Switzerland,Arosa Lenzerheide,"Lenzerheide, Valbella, Arosa, Parpan, Churwalden",Lenzerheide,B,225,,1470,1229,2865,1636,,110 km,87 km,28 km,43,,no,,,11 Apr 2027,medium,premium,none known,Zürich,2,no,Largest base.,
Switzerland,Arosa Lenzerheide,"Lenzerheide, Valbella, Arosa, Parpan, Churwalden",Parpan,C,225,,1490,1229,2865,1636,,110 km,87 km,28 km,43,,no,,,11 Apr 2027,medium,mid-premium,none known,Zürich,2,yes,Small.,
Switzerland,Arosa Lenzerheide,"Lenzerheide, Valbella, Arosa, Parpan, Churwalden",Churwalden,C,225,,1230,1229,2865,1636,,110 km,87 km,28 km,43,,no,,,11 Apr 2027,low,mid,none known,Zürich,1.75,yes,Small.,
Switzerland,Flims Laax Falera,"Laax, Flims, Falera",Falera,B,176 (+40 km routes),,1220,1100,3018,1918,,85 km,76 km,15 km,29,,yes (Vorab),,,11 Apr 2027,medium,mid-premium,none known,Zürich,2,yes,Small.,
Switzerland,Flims Laax Falera,"Laax, Flims, Falera",Laax (Murschetg),B,176 (+40 km routes),,1100,1100,3018,1918,,85 km,76 km,15 km,29,,yes (Vorab),,,11 Apr 2027,medium,premium,none known,Zürich,1.75–2,no,Lifts from the Rocksresort.,
Switzerland,Flims Laax Falera,"Laax, Flims, Falera",Flims,B,176 (+40 km routes),,1100,1100,3018,1918,,85 km,76 km,15 km,29,,yes (Vorab),,,11 Apr 2027,medium,premium,none known,Zürich,1.75–2,no,Lifts from the village.,
Switzerland,St Moritz – Corviglia,"St Moritz, Celerina",St Moritz,B,155 (+5 km routes),,1822,1772,3057,1285,,42 km,79 km,34 km,23,,no,,,4 Apr 2027,high,premium,luxury independents,"Zürich, Milan",3–3.5,no,Very expensive.,
Switzerland,St Moritz – Corviglia,"St Moritz, Celerina",Celerina,B,155 (+5 km routes),,1720,1772,3057,1285,,42 km,79 km,34 km,23,,no,,,4 Apr 2027,high,premium,none known,"Zürich, Milan",3,yes,Quieter neighbour of St Moritz.,
Italy,"Sella Ronda – Dolomiti Superski (Val Gardena, Alta Badia, Arabba-Marmolada, Val di Fassa)","Selva/Wolkenstein, Santa Cristina, Ortisei, Corvara, Colfosco, La Villa, San Cassiano, Pedraces, Arabba, Malga Ciapela, Canazei, Campitello, Alba",Selva / Wolkenstein,A,"about 430 (sum of the four valley areas; Dolomiti Superski pass covers about 1,200 km)",181 (Val Gardena),1563,1236,3269,1823 (Marmolada),,157 km,226 km,46 km,about 190,"about 12 (La Bellunese, Marmolada)",yes (Marmolada),near-total on the Sella Ronda (no % published),€453 Dolomiti Superski peak 2026/27 (lower Easter-season rate likely from about 21 Mar),"4 Apr 2027 (Gardena, Badia, Fassa); 18 Apr Arabba",high,mid,"Inghams (Chalet Soldanella), Skiworld","Innsbruck, Verona, Venice, Bergamo",2–3,no,Best-placed Gardena village.,
Italy,"Sella Ronda – Dolomiti Superski (Val Gardena, Alta Badia, Arabba-Marmolada, Val di Fassa)","Selva/Wolkenstein, Santa Cristina, Ortisei, Corvara, Colfosco, La Villa, San Cassiano, Pedraces, Arabba, Malga Ciapela, Canazei, Campitello, Alba",Arabba,A,"about 430 (sum of the four valley areas; Dolomiti Superski pass covers about 1,200 km)",63 (Arabba-Marmolada),1601,1236,3269,1823 (Marmolada),,157 km,226 km,46 km,about 190,"about 12 (La Bellunese, Marmolada)",yes (Marmolada),near-total on the Sella Ronda (no % published),€453 Dolomiti Superski peak 2026/27 (lower Easter-season rate likely from about 21 Mar),"4 Apr 2027 (Gardena, Badia, Fassa); 18 Apr Arabba",high,mid,few,"Innsbruck, Verona, Venice, Bergamo",2.5–3,no,Best for advanced skiers.,
Italy,"Sella Ronda – Dolomiti Superski (Val Gardena, Alta Badia, Arabba-Marmolada, Val di Fassa)","Selva/Wolkenstein, Santa Cristina, Ortisei, Corvara, Colfosco, La Villa, San Cassiano, Pedraces, Arabba, Malga Ciapela, Canazei, Campitello, Alba",Corvara,A,"about 430 (sum of the four valley areas; Dolomiti Superski pass covers about 1,200 km)",130 (Alta Badia),1568,1236,3269,1823 (Marmolada),,157 km,226 km,46 km,about 190,"about 12 (La Bellunese, Marmolada)",yes (Marmolada),near-total on the Sella Ronda (no % published),€453 Dolomiti Superski peak 2026/27 (lower Easter-season rate likely from about 21 Mar),"4 Apr 2027 (Gardena, Badia, Fassa); 18 Apr Arabba",high,mid-premium,Skiworld,"Innsbruck, Verona, Venice, Bergamo",2–3,no,Alta Badia hub.,
Italy,"Sella Ronda – Dolomiti Superski (Val Gardena, Alta Badia, Arabba-Marmolada, Val di Fassa)","Selva/Wolkenstein, Santa Cristina, Ortisei, Corvara, Colfosco, La Villa, San Cassiano, Pedraces, Arabba, Malga Ciapela, Canazei, Campitello, Alba",Colfosco,B,"about 430 (sum of the four valley areas; Dolomiti Superski pass covers about 1,200 km)",130 (Alta Badia),1645,1236,3269,1823 (Marmolada),,157 km,226 km,46 km,about 190,"about 12 (La Bellunese, Marmolada)",yes (Marmolada),near-total on the Sella Ronda (no % published),€453 Dolomiti Superski peak 2026/27 (lower Easter-season rate likely from about 21 Mar),"4 Apr 2027 (Gardena, Badia, Fassa); 18 Apr Arabba",high,mid,Skiworld,"Innsbruck, Verona, Venice, Bergamo",2–3,yes,"Small, next to Corvara.",
Italy,"Sella Ronda – Dolomiti Superski (Val Gardena, Alta Badia, Arabba-Marmolada, Val di Fassa)","Selva/Wolkenstein, Santa Cristina, Ortisei, Corvara, Colfosco, La Villa, San Cassiano, Pedraces, Arabba, Malga Ciapela, Canazei, Campitello, Alba",Campitello di Fassa,B,"about 430 (sum of the four valley areas; Dolomiti Superski pass covers about 1,200 km)",55 (Fassa),1448,1236,3269,1823 (Marmolada),,157 km,226 km,46 km,about 190,"about 12 (La Bellunese, Marmolada)",yes (Marmolada),near-total on the Sella Ronda (no % published),€453 Dolomiti Superski peak 2026/27 (lower Easter-season rate likely from about 21 Mar),"4 Apr 2027 (Gardena, Badia, Fassa); 18 Apr Arabba",medium,budget-mid,few,"Innsbruck, Verona, Venice, Bergamo",2.5–3,yes,Next to Canazei.,
Italy,"Sella Ronda – Dolomiti Superski (Val Gardena, Alta Badia, Arabba-Marmolada, Val di Fassa)","Selva/Wolkenstein, Santa Cristina, Ortisei, Corvara, Colfosco, La Villa, San Cassiano, Pedraces, Arabba, Malga Ciapela, Canazei, Campitello, Alba",Canazei,B,"about 430 (sum of the four valley areas; Dolomiti Superski pass covers about 1,200 km)",55 (Fassa),1460,1236,3269,1823 (Marmolada),,157 km,226 km,46 km,about 190,"about 12 (La Bellunese, Marmolada)",yes (Marmolada),near-total on the Sella Ronda (no % published),€453 Dolomiti Superski peak 2026/27 (lower Easter-season rate likely from about 21 Mar),"4 Apr 2027 (Gardena, Badia, Fassa); 18 Apr Arabba",medium,mid,few,"Innsbruck, Verona, Venice, Bergamo",2.5–3,yes,Fassa side; good value.,
Italy,"Sella Ronda – Dolomiti Superski (Val Gardena, Alta Badia, Arabba-Marmolada, Val di Fassa)","Selva/Wolkenstein, Santa Cristina, Ortisei, Corvara, Colfosco, La Villa, San Cassiano, Pedraces, Arabba, Malga Ciapela, Canazei, Campitello, Alba",Santa Cristina,B,"about 430 (sum of the four valley areas; Dolomiti Superski pass covers about 1,200 km)",181 (Val Gardena),1428,1236,3269,1823 (Marmolada),,157 km,226 km,46 km,about 190,"about 12 (La Bellunese, Marmolada)",yes (Marmolada),near-total on the Sella Ronda (no % published),€453 Dolomiti Superski peak 2026/27 (lower Easter-season rate likely from about 21 Mar),"4 Apr 2027 (Gardena, Badia, Fassa); 18 Apr Arabba",medium,mid,few,"Innsbruck, Verona, Venice, Bergamo",2–3,yes,Between Selva and Ortisei.,
Italy,"Sella Ronda – Dolomiti Superski (Val Gardena, Alta Badia, Arabba-Marmolada, Val di Fassa)","Selva/Wolkenstein, Santa Cristina, Ortisei, Corvara, Colfosco, La Villa, San Cassiano, Pedraces, Arabba, Malga Ciapela, Canazei, Campitello, Alba",La Villa,B,"about 430 (sum of the four valley areas; Dolomiti Superski pass covers about 1,200 km)",130 (Alta Badia),1433,1236,3269,1823 (Marmolada),,157 km,226 km,46 km,about 190,"about 12 (La Bellunese, Marmolada)",yes (Marmolada),near-total on the Sella Ronda (no % published),€453 Dolomiti Superski peak 2026/27 (lower Easter-season rate likely from about 21 Mar),"4 Apr 2027 (Gardena, Badia, Fassa); 18 Apr Arabba",medium,mid,Skiworld,"Innsbruck, Verona, Venice, Bergamo",2–3,yes,Alta Badia.,
Italy,"Sella Ronda – Dolomiti Superski (Val Gardena, Alta Badia, Arabba-Marmolada, Val di Fassa)","Selva/Wolkenstein, Santa Cristina, Ortisei, Corvara, Colfosco, La Villa, San Cassiano, Pedraces, Arabba, Malga Ciapela, Canazei, Campitello, Alba",San Cassiano,B,"about 430 (sum of the four valley areas; Dolomiti Superski pass covers about 1,200 km)",130 (Alta Badia),1537,1236,3269,1823 (Marmolada),,157 km,226 km,46 km,about 190,"about 12 (La Bellunese, Marmolada)",yes (Marmolada),near-total on the Sella Ronda (no % published),€453 Dolomiti Superski peak 2026/27 (lower Easter-season rate likely from about 21 Mar),"4 Apr 2027 (Gardena, Badia, Fassa); 18 Apr Arabba",medium,premium,Skiworld,"Innsbruck, Verona, Venice, Bergamo",2–3,yes,Upmarket.,
Italy,"Sella Ronda – Dolomiti Superski (Val Gardena, Alta Badia, Arabba-Marmolada, Val di Fassa)","Selva/Wolkenstein, Santa Cristina, Ortisei, Corvara, Colfosco, La Villa, San Cassiano, Pedraces, Arabba, Malga Ciapela, Canazei, Campitello, Alba",Ortisei,B,"about 430 (sum of the four valley areas; Dolomiti Superski pass covers about 1,200 km)",181 (Val Gardena),1236,1236,3269,1823 (Marmolada),,157 km,226 km,46 km,about 190,"about 12 (La Bellunese, Marmolada)",yes (Marmolada),near-total on the Sella Ronda (no % published),€453 Dolomiti Superski peak 2026/27 (lower Easter-season rate likely from about 21 Mar),"4 Apr 2027 (Gardena, Badia, Fassa); 18 Apr Arabba",low,mid,few,"Innsbruck, Verona, Venice, Bergamo",2–2.5,yes,Real town; cable car to the Seiser Alm.,
Italy,"Sella Ronda – Dolomiti Superski (Val Gardena, Alta Badia, Arabba-Marmolada, Val di Fassa)","Selva/Wolkenstein, Santa Cristina, Ortisei, Corvara, Colfosco, La Villa, San Cassiano, Pedraces, Arabba, Malga Ciapela, Canazei, Campitello, Alba",Malga Ciapela,C,"about 430 (sum of the four valley areas; Dolomiti Superski pass covers about 1,200 km)",63 (Arabba-Marmolada),1446,1236,3269,1823 (Marmolada),,157 km,226 km,46 km,about 190,"about 12 (La Bellunese, Marmolada)",yes (Marmolada),near-total on the Sella Ronda (no % published),€453 Dolomiti Superski peak 2026/27 (lower Easter-season rate likely from about 21 Mar),"4 Apr 2027 (Gardena, Badia, Fassa); 18 Apr Arabba",high,budget,few,"Venice, Verona",2.5–3,yes,Remote.,
Italy,"Sella Ronda – Dolomiti Superski (Val Gardena, Alta Badia, Arabba-Marmolada, Val di Fassa)","Selva/Wolkenstein, Santa Cristina, Ortisei, Corvara, Colfosco, La Villa, San Cassiano, Pedraces, Arabba, Malga Ciapela, Canazei, Campitello, Alba",Pedraces / Badia,C,"about 430 (sum of the four valley areas; Dolomiti Superski pass covers about 1,200 km)",130 (Alta Badia),1324,1236,3269,1823 (Marmolada),,157 km,226 km,46 km,about 190,"about 12 (La Bellunese, Marmolada)",yes (Marmolada),near-total on the Sella Ronda (no % published),€453 Dolomiti Superski peak 2026/27 (lower Easter-season rate likely from about 21 Mar),"4 Apr 2027 (Gardena, Badia, Fassa); 18 Apr Arabba",medium,budget-mid,few,"Innsbruck, Verona, Venice, Bergamo",2–3,yes,Small.,
Italy,"Sella Ronda – Dolomiti Superski (Val Gardena, Alta Badia, Arabba-Marmolada, Val di Fassa)","Selva/Wolkenstein, Santa Cristina, Ortisei, Corvara, Colfosco, La Villa, San Cassiano, Pedraces, Arabba, Malga Ciapela, Canazei, Campitello, Alba",Alba di Canazei,C,"about 430 (sum of the four valley areas; Dolomiti Superski pass covers about 1,200 km)",55 (Fassa),1517,1236,3269,1823 (Marmolada),,157 km,226 km,46 km,about 190,"about 12 (La Bellunese, Marmolada)",yes (Marmolada),near-total on the Sella Ronda (no % published),€453 Dolomiti Superski peak 2026/27 (lower Easter-season rate likely from about 21 Mar),"4 Apr 2027 (Gardena, Badia, Fassa); 18 Apr Arabba",medium,budget-mid,few,"Innsbruck, Verona, Venice, Bergamo",2.5–3,yes,Ciampac is not on the Sella Ronda circuit.,
Italy,Via Lattea / Milky Way (Italian side),"Sestriere, Sauze d'Oulx, Sansicario, Claviere, Cesana, Pragelato, Montgenèvre (France)",Sestriere,A,400,,2035,1372,2789,1251,7,80,120,42,70,,no,120 km,Vialattea €307 office / €294.50 online; Montiluna €212.50 (2025/26),18 Apr 2027,high,mid,Crystal (Grand Hotel Sestriere),Turin,1.25–1.5,no,Purpose-built; 2006 Olympics.,
Italy,Via Lattea / Milky Way (Italian side),"Sestriere, Sauze d'Oulx, Sansicario, Claviere, Cesana, Pragelato, Montgenèvre (France)",Claviere,B,400,,1760,1372,2789,1251,7,80,120,42,70,,no,120 km,Vialattea €307 office / €294.50 online; Montiluna €212.50 (2025/26),18 Apr 2027,high,budget-mid,few,Turin,1.25,yes,Links to Montgenèvre.,
Italy,Via Lattea / Milky Way (Italian side),"Sestriere, Sauze d'Oulx, Sansicario, Claviere, Cesana, Pragelato, Montgenèvre (France)",Sauze d'Oulx,B,400,,1510,1372,2789,1251,7,80,120,42,70,,no,120 km,Vialattea €307 office / €294.50 online; Montiluna €212.50 (2025/26),18 Apr 2027,medium,budget-mid,"Neilson (chalet hotel), Inghams, Iglu, Chaletline",Turin,1–1.25,yes,Lively; good value.,
Italy,Via Lattea / Milky Way (Italian side),"Sestriere, Sauze d'Oulx, Sansicario, Claviere, Cesana, Pragelato, Montgenèvre (France)",Sansicario,B,400,,1700,1372,2789,1251,7,80,120,42,70,,no,120 km,Vialattea €307 office / €294.50 online; Montiluna €212.50 (2025/26),18 Apr 2027,medium,mid,few,Turin,1.25,yes,Small purpose-built base.,
Italy,Via Lattea / Milky Way (Italian side),"Sestriere, Sauze d'Oulx, Sansicario, Claviere, Cesana, Pragelato, Montgenèvre (France)",Pragelato,C,400,,1520,1372,2789,1251,7,80,120,42,70,,no,120 km,Vialattea €307 office / €294.50 online; Montiluna €212.50 (2025/26),18 Apr 2027,medium,budget,few,Turin,1.25,yes,Cross-country focus.,
Italy,Via Lattea / Milky Way (Italian side),"Sestriere, Sauze d'Oulx, Sansicario, Claviere, Cesana, Pragelato, Montgenèvre (France)",Jouvenceaux,C,400,,1380,1372,2789,1251,7,80,120,42,70,,no,120 km,Vialattea €307 office / €294.50 online; Montiluna €212.50 (2025/26),18 Apr 2027,low,budget,few,Turin,1,yes,Small.,
Italy,Via Lattea / Milky Way (Italian side),"Sestriere, Sauze d'Oulx, Sansicario, Claviere, Cesana, Pragelato, Montgenèvre (France)",Cesana Torinese,C,400,,1350,1372,2789,1251,7,80,120,42,70,,no,120 km,Vialattea €307 office / €294.50 online; Montiluna €212.50 (2025/26),18 Apr 2027,low,budget,few,Turin,1.25,yes,Valley village.,
Italy,Matterhorn Ski Paradise (Italian side),"Breuil-Cervinia, Valtournenche, Zermatt (Switzerland)",Breuil-Cervinia,A,322 (+38 km routes),,2050,1562,3899,2337,,75 km,220 km,27 km,51,about 20 (Klein Matterhorn–Valtournenche),yes (Theodul),,International CHF 432 (2025/26); a cheaper Cervinia-only pass exists,early May 2027,high,mid,Crystal (hotels); independents,"Turin, Milan Malpensa",2–2.5,yes: Zermatt's glacier at Italian prices,High and snow-sure; good value for an A.,
Italy,Matterhorn Ski Paradise (Italian side),"Breuil-Cervinia, Valtournenche, Zermatt (Switzerland)",Valtournenche,B,322 (+38 km routes),,1524,1562,3899,2337,,75 km,220 km,27 km,51,about 20 (Klein Matterhorn–Valtournenche),yes (Theodul),,International CHF 432 (2025/26); a cheaper Cervinia-only pass exists,early May 2027,medium,budget-mid,few,"Turin, Milan Malpensa",1.75–2,yes,"Quiet, cheaper base.",
Italy,Madonna di Campiglio – Pinzolo – Folgarida-Marilleva,"Madonna di Campiglio, Pinzolo, Folgarida, Marilleva",Madonna di Campiglio,B,155,,1550,852,2504,1652,,50 km,72 km,33 km,58,,no,,,11 Apr 2027,medium,premium,Skiworld,"Verona, Bergamo",2.5–3,no,Chic.,
Italy,Madonna di Campiglio – Pinzolo – Folgarida-Marilleva,"Madonna di Campiglio, Pinzolo, Folgarida, Marilleva",Marilleva 1400,C,155,,1400,852,2504,1652,,50 km,72 km,33 km,58,,no,,,11 Apr 2027,medium,budget,few,"Verona, Bergamo",2.5–3,yes,Purpose-built.,
Italy,Madonna di Campiglio – Pinzolo – Folgarida-Marilleva,"Madonna di Campiglio, Pinzolo, Folgarida, Marilleva",Folgarida,C,155,,1300,852,2504,1652,,50 km,72 km,33 km,58,,no,,,11 Apr 2027,medium,budget-mid,few,"Verona, Bergamo",2.5–3,yes,Small.,
Italy,Madonna di Campiglio – Pinzolo – Folgarida-Marilleva,"Madonna di Campiglio, Pinzolo, Folgarida, Marilleva",Pinzolo,C,155,,770,852,2504,1652,,50 km,72 km,33 km,58,,no,,,11 Apr 2027,low,budget,few,"Verona, Bergamo",2.5,yes,Valley town.,
Italy,Espace San Bernardo (Italian side),"La Thuile, La Rosière (France)",La Thuile,B,143 (+12 km routes),,1441,1190,2800,1610,,56 km,70.5 km,16.6 km,37,,no,yes,€295 (2026/27),17 Apr 2027,medium,mid,Skiworld,"Geneva, Turin",2,no,Borderline area size.,
Italy,Monterosa Ski,"Champoluc, Frachey, Gressoney-La-Trinité, Alagna Valsesia",Champoluc,B,132 (+5 km routes),,1568,1212,3275,2063,,29 km,89 km,14 km,21,,no,,,18 Apr 2027,medium,mid,Inghams (Hotel De Champoluc),"Turin, Milan Malpensa",1.5–2.5,no,Best-known base.,
Italy,Monterosa Ski,"Champoluc, Frachey, Gressoney-La-Trinité, Alagna Valsesia",Gressoney-La-Trinité,B,132 (+5 km routes),,1637,1212,3275,2063,,29 km,89 km,14 km,21,,no,,,18 Apr 2027,medium,mid,few,"Turin, Milan Malpensa",1.75–2.5,no,Central valley.,
Italy,Monterosa Ski,"Champoluc, Frachey, Gressoney-La-Trinité, Alagna Valsesia",Alagna Valsesia,B,132 (+5 km routes),,1191,1212,3275,2063,,29 km,89 km,14 km,21,,no,,,18 Apr 2027,low,budget-mid,few,"Milan Malpensa, Turin",2,no,Freeride mecca.,
Italy,Monterosa Ski,"Champoluc, Frachey, Gressoney-La-Trinité, Alagna Valsesia",Frachey,C,132 (+5 km routes),,1620,1212,3275,2063,,29 km,89 km,14 km,21,,no,,,18 Apr 2027,medium,budget,few,"Turin, Milan Malpensa",1.5–2.5,yes,Hamlet near Champoluc.,
