country,ski_area,main_villages_of_area,village,calibre,linked_km,local_km,village_alt_m,bottom_alt_m,top_alt_m,vertical_drop_m,runs_green,runs_blue,runs_red,runs_black,lifts,longest_run_km,glacier,snowmaking,pass_6day,season_end,late_march_snow,price_level,uk_catered_operators,nearest_airports,transfer_hours,satellite_value,notes,status,removed_by
France,Les 3 Vallées,"Courchevel 1850, Courchevel 1650 (Moriond), Courchevel 1550, Le Praz, La Tania, Méribel, Méribel-Mottaret, Méribel Village, Brides-les-Bains, Les Menuires, St-Martin-de-Belleville, Val Thorens, Orelle",Méribel Altiport,A,600,,1700,1300 (resorts); gondolas from 600,3230,2130,50,137,113,37,169 (official; skiresort 159),,no,"about 2,300 cannons, about 60% of pistes",€421 (2026/27); Courchevel/La Tania sector €385,"2 May 2027 (Val Thorens/Orelle); 18 Apr Courchevel, Méribel, Les Menuires; 11 Apr La Tania",high,premium,luxury independents,"Chambéry, Geneva, Lyon (Moûtiers TGV)",1.75–3,no,Upmarket.,,price level premium
France,Les 3 Vallées,"Courchevel 1850, Courchevel 1650 (Moriond), Courchevel 1550, Le Praz, La Tania, Méribel, Méribel-Mottaret, Méribel Village, Brides-les-Bains, Les Menuires, St-Martin-de-Belleville, Val Thorens, Orelle",Courchevel 1850,A,600,,1850,1300 (resorts); gondolas from 600,3230,2130,50,137,113,37,169 (official; skiresort 159),,no,"about 2,300 cannons, about 60% of pistes",€421 (2026/27); Courchevel/La Tania sector €385,"2 May 2027 (Val Thorens/Orelle); 18 Apr Courchevel, Méribel, Les Menuires; 11 Apr La Tania",high,premium,"Skiworld, Le Ski, Inghams, luxury independents","Chambéry, Geneva, Lyon (Moûtiers TGV)",1.75–3,no,The most expensive resort in the Alps.,,price level premium
France,Les 3 Vallées,"Courchevel 1850, Courchevel 1650 (Moriond), Courchevel 1550, Le Praz, La Tania, Méribel, Méribel-Mottaret, Méribel Village, Brides-les-Bains, Les Menuires, St-Martin-de-Belleville, Val Thorens, Orelle",Orelle,B,600,,880,1300 (resorts); gondolas from 600,3230,2130,50,137,113,37,169 (official; skiresort 159),,no,"about 2,300 cannons, about 60% of pistes",€421 (2026/27); Courchevel/La Tania sector €385,"2 May 2027 (Val Thorens/Orelle); 18 Apr Courchevel, Méribel, Les Menuires; 11 Apr La Tania",low,budget,independents,"Chambéry, Lyon, Turin",1.75–2.5,yes: Val Thorens snow at Maurienne prices,Car park and gondola base; very few beds near the lift.,,"village below 950 m (880 m), not a major town or snow pocket"
France,Les 3 Vallées,"Courchevel 1850, Courchevel 1650 (Moriond), Courchevel 1550, Le Praz, La Tania, Méribel, Méribel-Mottaret, Méribel Village, Brides-les-Bains, Les Menuires, St-Martin-de-Belleville, Val Thorens, Orelle",Brides-les-Bains,B,600,,600,1300 (resorts); gondolas from 600,3230,2130,50,137,113,37,169 (official; skiresort 159),,no,"about 2,300 cannons, about 60% of pistes",€421 (2026/27); Courchevel/La Tania sector €385,"2 May 2027 (Val Thorens/Orelle); 18 Apr Courchevel, Méribel, Les Menuires; 11 Apr La Tania",low,budget,independents; self-catered,"Chambéry, Geneva, Lyon",1.5–2.5,yes: cheapest 3 Vallées base,Spa town; the gondola ride takes about 25 minutes each way.,,"village below 950 m (600 m), not a major town or snow pocket"
France,Paradiski (La Plagne – Les Arcs – Peisey-Vallandry),"Plagne Centre, Aime 2000, Plagne 1800, Plagne Villages, Plagne Soleil, Belle Plagne, Plagne Bellecôte, Montchavin, Les Coches, Champagny, Montalbert, Arc 1600, Arc 1800, Arc 1950, Arc 2000, Villaroger, Plan Peisey, Vallandry",Arc 1950,A,425,200 (Les Arcs/Peisey),1950,1200,3226,2026,10,134,61,34,126 (skiresort; other sources 130–160),about 7 (Aiguille Rouge–Villaroger),"yes (Bellecôte, limited)","626 cannons; 70% of the area is above 2,000 m",€412 Paradiski Essential 2026/27 (€368 Les Arcs only; La Plagne only €359 in 2025/26),25 Apr 2027 (Vanoise Express link to about 18 Apr),high,premium,few catered chalets (mostly Pierre & Vacances),"Chambéry, Geneva, Lyon",2.25–3.75,no,"Pedestrian village, mostly self-catered.",,price level premium
France,Les 2 Alpes,"Les 2 Alpes, Mont-de-Lans, Vénosc",Vénosc,B,220,,900,1280,3523,2243,18,47,17,14,40,10 (glacier to village),yes,19% (270 cannons),€333 (2026/27),2 May 2027,low,budget,independents,"Grenoble, Lyon, Chambéry",1.5–2.5,yes,Pretty village with a gondola up.,,"village below 950 m (900 m), not a major town or snow pocket"
France,Évasion Mont-Blanc (Megève – St-Gervais linked sector),"Megève, St-Gervais (Le Bettex), St-Nicolas-de-Véroce, Combloux",Megève,B,185 linked (405 on the pass),,1113,850,2353,1503,,70 km (incl. green),90 km,25 km,60,,no,,"€318 to 20 Mar 2026, €254.50 late season (2025/26)",4 Apr 2027,low,premium,independents; Inghams possible,Geneva,1–1.25,no,Chic town.,,price level premium
France,Espace Diamant,"Les Saisies, Crest-Voland, Notre-Dame-de-Bellecombe, Praz-sur-Arly, Flumet, Hauteluce",Les Saisies,C,192,,1650,1000,2069,,30,69,49,10,80,5.6 (Ban Rouge),no,,€250 (2025/26),about 6 Apr (Les Saisies about 11 Apr),medium,budget-mid,Peak Retreats (self-catered),Geneva,1.25–1.5,no,Cross-country hub.,,C grade with no satellite value
France,Espace Lumière (Pra-Loup – Val d'Allos),"Pra-Loup 1600, Pra-Loup 1500, La Foux d'Allos",La Foux d'Allos,C,180,,1800,1608,2576,,,56 km (incl. green),93.5 km,30.5 km,36,,no,,€246–258 (2025/26),about 6 Apr,medium,budget,none confirmed,"Marseille, Nice",3,no,Remote.,,C grade with no satellite value
France,Espace Lumière (Pra-Loup – Val d'Allos),"Pra-Loup 1600, Pra-Loup 1500, La Foux d'Allos",Pra-Loup,C,180,,1600,1608,2576,,,56 km (incl. green),93.5 km,30.5 km,36,,no,,€246–258 (2025/26),about 6 Apr,medium,budget,none confirmed,"Marseille, Nice",3,no,Remote.,,C grade with no satellite value
France,Galibier-Thabor (Valloire – Valmeinier),"Valloire, Valmeinier 1800, Valmeinier 1500",Valmeinier 1800,C,150–160,,1800,1430,2750,,21,25,31,6,30,,no,,€271.50 (season not stated),early to mid Apr (not verified),high,budget,none confirmed,"Chambéry, Lyon, Turin",2–2.5,no,Purpose-built.,,C grade with no satellite value
France,Galibier-Thabor (Valloire – Valmeinier),"Valloire, Valmeinier 1800, Valmeinier 1500",Valloire,C,150–160,,1430,1430,2750,,21,25,31,6,30,,no,,€271.50 (season not stated),early to mid Apr (not verified),medium,budget-mid,Peak Retreats (self-catered),"Chambéry, Lyon, Turin",2–2.5,no,Lively village.,,C grade with no satellite value
Austria,Ski Arlberg,"St Anton, St Christoph, Stuben, Lech, Oberlech, Zürs, Warth, Schröcken",St Anton am Arlberg,A,300,,1304,1304,2811,1507,,130 km,120 km,50 km,85,Run of Fame circuit 85 km (St Anton–Warth),no,73%,€450 (2025/26 main season),18 Apr 2027,high,premium,"Inghams, Skiworld, SkiKings, Mark Warner (Chalet Hotel Rosanna)","Innsbruck, Zürich, Friedrichshafen",1.25–2.5,no,"Benchmark-level. SNO lists catered chalets at £821–£1,539 pp, so £750 is a stretch even in late March.",,price level premium
Austria,Ski Arlberg,"St Anton, St Christoph, Stuben, Lech, Oberlech, Zürs, Warth, Schröcken",St Christoph,A,300,,1800,1304,2811,1507,,130 km,120 km,50 km,85,Run of Fame circuit 85 km (St Anton–Warth),no,73%,€450 (2025/26 main season),18 Apr 2027,high,premium,few,"Innsbruck, Zürich",1.25–2.5,no,Hamlet on the pass with a handful of hotels and very few chalets.,,price level premium
Austria,Ski Arlberg,"St Anton, St Christoph, Stuben, Lech, Oberlech, Zürs, Warth, Schröcken",Lech,A,300,,1450,1304,2811,1507,,130 km,120 km,50 km,85,Run of Fame circuit 85 km (St Anton–Warth),no,73%,€450 (2025/26 main season),18 Apr 2027,high,premium,Alpine Answers (luxury),"Zürich, Innsbruck",1.5–2.5,no,Very expensive; no realistic £750 pp catered chalet.,,price level premium
Austria,Ski Arlberg,"St Anton, St Christoph, Stuben, Lech, Oberlech, Zürs, Warth, Schröcken",Oberlech,A,300,,1700,1304,2811,1507,,130 km,120 km,50 km,85,Run of Fame circuit 85 km (St Anton–Warth),no,73%,€450 (2025/26 main season),18 Apr 2027,high,premium,Alpine Answers (luxury),"Zürich, Innsbruck",1.5–2.5,no,Car-free in winter; top-end prices.,,price level premium
Austria,Ski Arlberg,"St Anton, St Christoph, Stuben, Lech, Oberlech, Zürs, Warth, Schröcken",Zürs,A,300,,1720,1304,2811,1507,,130 km,120 km,50 km,85,Run of Fame circuit 85 km (St Anton–Warth),no,73%,€450 (2025/26 main season),18 Apr 2027,high,premium,Inghams,"Zürich, Innsbruck",1.5–2.5,no,Exclusive and hotel-dominated.,,price level premium
Austria,Silvretta Arena (Ischgl–Samnaun),"Ischgl, Samnaun (Switzerland), Mathon",Ischgl,A,239 (+15 km ski routes),,1377,1360,2872,1512,,47 km,140 km,52 km,45,"11 (""Eleven"", Greitspitz–Ischgl)",no,"95% (about 1,200 guns)",€451 Silvretta Skipass (2025/26),2 May 2027,high,premium,Inghams (hotels); chalets are scarce,"Innsbruck, Zürich, Friedrichshafen",1.5–2.5,no,Benchmark-level for snow. Known for loud après; catered chalets are rare.,,price level premium
Austria,Skicircus Saalbach Hinterglemm Leogang Fieberbrunn,"Saalbach, Hinterglemm, Leogang, Fieberbrunn, Viehhofen",Viehhofen,C,270,,860,830,2096,1266,,140 km,112 km,18 km,69,,no,,"€425 (2025/26, ALPIN CARD; the Skicircus-only pass is similar)",4 Apr 2027,low,budget,none known,Salzburg,1.25,yes,Small village with a gondola to the Schattberg side.,,"village below 950 m (860 m), not a major town or snow pocket"
Austria,Skicircus Saalbach Hinterglemm Leogang Fieberbrunn,"Saalbach, Hinterglemm, Leogang, Fieberbrunn, Viehhofen",Leogang,C,270,,800,830,2096,1266,,140 km,112 km,18 km,69,,no,,"€425 (2025/26, ALPIN CARD; the Skicircus-only pass is similar)",4 Apr 2027,low,mid-premium,Alpine Answers (luxury),Salzburg,1,yes,Gondola into the circuit.,,"village below 950 m (800 m), not a major town or snow pocket"
Austria,KitzSki (Kitzbühel–Kirchberg),"Kitzbühel, Kirchberg, Jochberg, Pass Thurn, Aschau",Kitzbühel,B,188 (+45 km routes),,760,800,2000,1200,,102 km,66 km,20 km,58,,no,,€429 high season (to 10 Apr 2026),4 Apr 2027,low,premium,"Inghams, Alpine Answers","Salzburg, Innsbruck, Munich",1.25–1.75,no,"Famous name, but low for late March.",,price level premium
Austria,KitzSki (Kitzbühel–Kirchberg),"Kitzbühel, Kirchberg, Jochberg, Pass Thurn, Aschau",Jochberg,C,188 (+45 km routes),,920,800,2000,1200,,102 km,66 km,20 km,58,,no,,€429 high season (to 10 Apr 2026),4 Apr 2027,low,budget-mid,none known,"Salzburg, Innsbruck, Munich",1.25–1.75,yes,Gondola into the area.,,"village below 950 m (920 m), not a major town or snow pocket"
Austria,KitzSki (Kitzbühel–Kirchberg),"Kitzbühel, Kirchberg, Jochberg, Pass Thurn, Aschau",Kirchberg,C,188 (+45 km routes),,850,800,2000,1200,,102 km,66 km,20 km,58,,no,,€429 high season (to 10 Apr 2026),4 Apr 2027,low,mid,none known,"Salzburg, Innsbruck, Munich",1.25–1.75,yes,Lifts from the village.,,"village below 950 m (850 m), not a major town or snow pocket"
Austria,Zillertal Arena,"Zell am Ziller, Gerlos, Königsleiten, Hochkrimml",Zell am Ziller,C,150,,580,580,2500,1920,,50 km,88 km,12 km,52,,no,,€399 Zillertal Superskipass (2025/26),11 Apr 2027,low,budget,none known,"Innsbruck, Munich",1–2,yes,Gondola up; the run home is unreliable in late March.,,"village below 950 m (580 m), not a major town or snow pocket"
Austria,Mayrhofen (Penken–Ahorn–Rastkogel–Eggalm),"Mayrhofen, Finkenberg, Hippach, Lanersbach (Eggalm)",Finkenberg,C,142,,840,630,2500,1870,,44 km,66 km,32 km,61,,"no (Hintertux glacier on the same Zillertal pass, 64 km, by bus)",,€399 Zillertal Superskipass (2025/26),11 Apr 2027,medium,budget-mid,SNO-listed chalets,Innsbruck,1,yes,Also the closest Penken base to Hintertux.,,"village below 950 m (840 m), not a major town or snow pocket"
Austria,Mayrhofen (Penken–Ahorn–Rastkogel–Eggalm),"Mayrhofen, Finkenberg, Hippach, Lanersbach (Eggalm)",Hippach,C,142,,600,630,2500,1870,,44 km,66 km,32 km,61,,"no (Hintertux glacier on the same Zillertal pass, 64 km, by bus)",,€399 Zillertal Superskipass (2025/26),11 Apr 2027,low,budget,none known,Innsbruck,1,yes,Low valley village.,,"village below 950 m (600 m), not a major town or snow pocket"
Austria,SkiWelt Wilder Kaiser–Brixental,"Söll, Ellmau, Going, Scheffau, Westendorf, Hopfgarten, Brixen im Thale, Itter, Kelchsau",Hopfgarten,C,275,,620,620,1869,1249,,115 km,121 km,39 km,81,7.3 (Hohe Salve–Söll),no,about 80–90% (sources disagree),"€395.50 peak, €356 low season (14 Mar–6 Apr 2026)",29 Mar 2027 (Easter Monday),low,budget,none known,"Innsbruck, Salzburg, Munich",1–1.5,yes,Gondola into the area.,,"village below 950 m (620 m), not a major town or snow pocket"
Austria,SkiWelt Wilder Kaiser–Brixental,"Söll, Ellmau, Going, Scheffau, Westendorf, Hopfgarten, Brixen im Thale, Itter, Kelchsau",Itter,C,275,,700,620,1869,1249,,115 km,121 km,39 km,81,7.3 (Hohe Salve–Söll),no,about 80–90% (sources disagree),"€395.50 peak, €356 low season (14 Mar–6 Apr 2026)",29 Mar 2027 (Easter Monday),low,budget,none known,"Innsbruck, Salzburg, Munich",1–1.5,yes,Gondola into the area.,,"village below 950 m (700 m), not a major town or snow pocket"
Austria,SkiWelt Wilder Kaiser–Brixental,"Söll, Ellmau, Going, Scheffau, Westendorf, Hopfgarten, Brixen im Thale, Itter, Kelchsau",Kelchsau,C,275,,800,620,1869,1249,,115 km,121 km,39 km,81,7.3 (Hohe Salve–Söll),no,about 80–90% (sources disagree),"€395.50 peak, €356 low season (14 Mar–6 Apr 2026)",29 Mar 2027 (Easter Monday),low,budget,none known,"Innsbruck, Salzburg, Munich",1.25–1.5,yes,Only loosely linked into the circuit.,,"village below 950 m (800 m), not a major town or snow pocket"
Austria,SkiWelt Wilder Kaiser–Brixental,"Söll, Ellmau, Going, Scheffau, Westendorf, Hopfgarten, Brixen im Thale, Itter, Kelchsau",Söll,C,275,,700,620,1869,1249,,115 km,121 km,39 km,81,7.3 (Hohe Salve–Söll),no,about 80–90% (sources disagree),"€395.50 peak, €356 low season (14 Mar–6 Apr 2026)",29 Mar 2027 (Easter Monday),low,budget-mid,"Chaletline, Inghams (hotels)","Innsbruck, Salzburg, Munich",1–1.5,yes,Lively; a traditional UK favourite.,,"village below 950 m (700 m), not a major town or snow pocket"
Austria,SkiWelt Wilder Kaiser–Brixental,"Söll, Ellmau, Going, Scheffau, Westendorf, Hopfgarten, Brixen im Thale, Itter, Kelchsau",Westendorf,C,275,,800,620,1869,1249,,115 km,121 km,39 km,81,7.3 (Hohe Salve–Söll),no,about 80–90% (sources disagree),"€395.50 peak, €356 low season (14 Mar–6 Apr 2026)",29 Mar 2027 (Easter Monday),low,budget-mid,Inghams,"Innsbruck, Salzburg, Munich",1–1.5,yes,Gondola into the area.,,"village below 950 m (800 m), not a major town or snow pocket"
Austria,SkiWelt Wilder Kaiser–Brixental,"Söll, Ellmau, Going, Scheffau, Westendorf, Hopfgarten, Brixen im Thale, Itter, Kelchsau",Scheffau,C,275,,750,620,1869,1249,,115 km,121 km,39 km,81,7.3 (Hohe Salve–Söll),no,about 80–90% (sources disagree),"€395.50 peak, €356 low season (14 Mar–6 Apr 2026)",29 Mar 2027 (Easter Monday),low,budget-mid,none known,"Innsbruck, Salzburg, Munich",1–1.5,yes,Gondola into the area.,,"village below 950 m (750 m), not a major town or snow pocket"
Austria,SkiWelt Wilder Kaiser–Brixental,"Söll, Ellmau, Going, Scheffau, Westendorf, Hopfgarten, Brixen im Thale, Itter, Kelchsau",Brixen im Thale,C,275,,800,620,1869,1249,,115 km,121 km,39 km,81,7.3 (Hohe Salve–Söll),no,about 80–90% (sources disagree),"€395.50 peak, €356 low season (14 Mar–6 Apr 2026)",29 Mar 2027 (Easter Monday),low,budget-mid,none known,"Innsbruck, Salzburg, Munich",1–1.5,yes,Gondola into the area.,,"village below 950 m (800 m), not a major town or snow pocket"
Austria,SkiWelt Wilder Kaiser–Brixental,"Söll, Ellmau, Going, Scheffau, Westendorf, Hopfgarten, Brixen im Thale, Itter, Kelchsau",Ellmau,C,275,,800,620,1869,1249,,115 km,121 km,39 km,81,7.3 (Hohe Salve–Söll),no,about 80–90% (sources disagree),"€395.50 peak, €356 low season (14 Mar–6 Apr 2026)",29 Mar 2027 (Easter Monday),low,mid,"Chaletline, Inghams (hotels)","Innsbruck, Salzburg, Munich",1–1.5,yes,Funicular is 0.5–1 km from the centre.,,"village below 950 m (800 m), not a major town or snow pocket"
Austria,SkiWelt Wilder Kaiser–Brixental,"Söll, Ellmau, Going, Scheffau, Westendorf, Hopfgarten, Brixen im Thale, Itter, Kelchsau",Going,C,275,,800,620,1869,1249,,115 km,121 km,39 km,81,7.3 (Hohe Salve–Söll),no,about 80–90% (sources disagree),"€395.50 peak, €356 low season (14 Mar–6 Apr 2026)",29 Mar 2027 (Easter Monday),low,mid,none known,"Innsbruck, Salzburg, Munich",1–1.5,yes,Quiet; next to Ellmau.,,"village below 950 m (800 m), not a major town or snow pocket"
Austria,Silvretta Montafon,"Schruns, St Gallenkirch, Gaschurn",St Gallenkirch,C,142,,880,700,2430,1730,,60 km,50 km,32 km,35,,no,,dynamic (day €77),11 Apr 2027,low,budget-mid,none verified,"Zürich, Friedrichshafen",1.25–2,yes,Gondola into the area.,,"village below 950 m (880 m), not a major town or snow pocket"
Austria,Silvretta Montafon,"Schruns, St Gallenkirch, Gaschurn",Schruns,C,142,,690,700,2430,1730,,60 km,50 km,32 km,35,,no,,dynamic (day €77),11 Apr 2027,low,budget-mid,none verified,"Zürich, Friedrichshafen",1.25–1.75,yes,Proper town; some of the area is a bus away.,,"village below 950 m (690 m), not a major town or snow pocket"
Switzerland,4 Vallées (Verbier – Nendaz – Veysonnaz – Thyon),"Verbier, Le Châble, La Tzoumaz, Nendaz, Siviez, Veysonnaz, Les Collons, Thyon 2000",Verbier,A,412,,1500,1350,3330,1980,,107 km,202 km,103 km,65,,Mont Fort has glacier terrain (not verified as a marketed glacier),,CHF 409 (2026/27); 10% off online 10+ days ahead,18 Apr 2027 (Verbier–Tzoumaz 25 Apr),high,premium,"SNO lists Verbier chalets from about £3,500 pp; luxury independents","Geneva, Sion",1–2.5,no,No realistic £750 pp catered option.,,price level premium
Switzerland,4 Vallées (Verbier – Nendaz – Veysonnaz – Thyon),"Verbier, Le Châble, La Tzoumaz, Nendaz, Siviez, Veysonnaz, Les Collons, Thyon 2000",Le Châble,B,412,,821,1350,3330,1980,,107 km,202 km,103 km,65,,Mont Fort has glacier terrain (not verified as a marketed glacier),,CHF 409 (2026/27); 10% off online 10+ days ahead,18 Apr 2027 (Verbier–Tzoumaz 25 Apr),low,mid,few,Geneva,2,yes,Valley village with a station.,,"village below 950 m (821 m), not a major town or snow pocket"
Switzerland,Matterhorn Ski Paradise (Zermatt – Cervinia – Valtournenche),"Zermatt, Breuil-Cervinia (Italy), Valtournenche (Italy)",Zermatt,A,322 (+38 km routes),,1620,1562,3899,2337,,75 km,220 km,27 km,51,,"yes (Theodul, year-round)",,"Zermatt CHF 384; International CHF 432 (2025/26, dynamic)",year-round on the glacier; full area to early May,high,premium,"SNO lists chalets from about £1,380 pp","Geneva, Zürich, Milan Malpensa",2.75–3.75 (car-free; train from Täsch),no,"Iconic, but £750 pp catered is unrealistic.",,price level premium
Switzerland,Arosa Lenzerheide,"Lenzerheide, Valbella, Arosa, Parpan, Churwalden",Arosa,B,225,,1775,1229,2865,1636,,110 km,87 km,28 km,43,,no,,,11 Apr 2027,high,premium,none known,Zürich,2.5,no,Linked to Lenzerheide by the Urdenbahn.,,price level premium
Switzerland,Arosa Lenzerheide,"Lenzerheide, Valbella, Arosa, Parpan, Churwalden",Lenzerheide,B,225,,1470,1229,2865,1636,,110 km,87 km,28 km,43,,no,,,11 Apr 2027,medium,premium,none known,Zürich,2,no,Largest base.,,price level premium
Switzerland,Flims Laax Falera,"Laax, Flims, Falera",Laax (Murschetg),B,176 (+40 km routes),,1100,1100,3018,1918,,85 km,76 km,15 km,29,,yes (Vorab),,,11 Apr 2027,medium,premium,none known,Zürich,1.75–2,no,Lifts from the Rocksresort.,,price level premium
Switzerland,Flims Laax Falera,"Laax, Flims, Falera",Flims,B,176 (+40 km routes),,1100,1100,3018,1918,,85 km,76 km,15 km,29,,yes (Vorab),,,11 Apr 2027,medium,premium,none known,Zürich,1.75–2,no,Lifts from the village.,,price level premium
Switzerland,St Moritz – Corviglia,"St Moritz, Celerina",St Moritz,B,155 (+5 km routes),,1822,1772,3057,1285,,42 km,79 km,34 km,23,,no,,,4 Apr 2027,high,premium,luxury independents,"Zürich, Milan",3–3.5,no,Very expensive.,,price level premium
Switzerland,St Moritz – Corviglia,"St Moritz, Celerina",Celerina,B,155 (+5 km routes),,1720,1772,3057,1285,,42 km,79 km,34 km,23,,no,,,4 Apr 2027,high,premium,none known,"Zürich, Milan",3,yes,Quieter neighbour of St Moritz.,,price level premium
Italy,"Sella Ronda – Dolomiti Superski (Val Gardena, Alta Badia, Arabba-Marmolada, Val di Fassa)","Selva/Wolkenstein, Santa Cristina, Ortisei, Corvara, Colfosco, La Villa, San Cassiano, Pedraces, Arabba, Malga Ciapela, Canazei, Campitello, Alba",San Cassiano,B,"about 430 (sum of the four valley areas; Dolomiti Superski pass covers about 1,200 km)",130 (Alta Badia),1537,1236,3269,1823 (Marmolada),,157 km,226 km,46 km,about 190,"about 12 (La Bellunese, Marmolada)",yes (Marmolada),near-total on the Sella Ronda (no % published),€453 Dolomiti Superski peak 2026/27 (lower Easter-season rate likely from about 21 Mar),"4 Apr 2027 (Gardena, Badia, Fassa); 18 Apr Arabba",medium,premium,Skiworld,"Innsbruck, Verona, Venice, Bergamo",2–3,yes,Upmarket.,,price level premium
Italy,Madonna di Campiglio – Pinzolo – Folgarida-Marilleva,"Madonna di Campiglio, Pinzolo, Folgarida, Marilleva",Madonna di Campiglio,B,155,,1550,852,2504,1652,,50 km,72 km,33 km,58,,no,,,11 Apr 2027,medium,premium,Skiworld,"Verona, Bergamo",2.5–3,no,Chic.,,price level premium
Italy,Madonna di Campiglio – Pinzolo – Folgarida-Marilleva,"Madonna di Campiglio, Pinzolo, Folgarida, Marilleva",Pinzolo,C,155,,770,852,2504,1652,,50 km,72 km,33 km,58,,no,,,11 Apr 2027,low,budget,few,"Verona, Bergamo",2.5,yes,Valley town.,,"village below 950 m (770 m), not a major town or snow pocket"
