country,ski_area,village,chalets,passing_filters,with_hot_tub,catered,sleeps_8_to_10,passing_chalet_names
,,,125,3,36,8,46,Aiguille Grive Hotel & Chalets; Chalet Azalee; Chalet Caribou
France,,Alpe d'Huez,144,14,10,28,50,Apartment 35461; Apartment 36169; Chalet 25616; Chalet Chloe; Chalet Ciara; Chalet Cleo; Chalet Daria; Chalet Lou IV; Chalet Monica; Chalet Naomi; Chalet Ours; Chalet Par; Chalet de Fonbelle; Residence Daria-I Nor
France,,Courchevel 1650 (Moriond),17,5,4,14,8,Chalet 40615; Chalet 47447; Chalet Grand; Chalet Gravelles; Chalet des Lanches
France,,Huez (village),8,2,7,2,6,Chalet de Bleu; Chalet du Gris
France,,La Chapelle d'Abondance,2,0,2,0,0,
France,,La Daille,10,0,0,0,0,
France,,Le Fornet,6,1,1,1,3,Chalet de Vallon IV
France,,Les 2 Alpes,67,2,24,12,15,Apartment 34994; Chalet Soleil IV
France,,Les Coches,4,1,3,3,2,Chalet Jardin Aplin
France,,Les Menuires,86,15,22,40,38,Apartment 26058; Apartment 34683; Apartment 47027; Chalet Adel; Chalet Alexus; Chalet Elise; Chalet Ellie; Chalet Ice; Chalet Les Cimes IV; Chalet Lille; Chalet Lou; Chalet Louis; Chalet Louise; Chalet Marmottes III; Chalet Reberty IV
France,,Montchavin,2,0,2,2,0,
France,,Oz-en-Oisans,1,1,0,1,1,Chalet des Neiges
France,,Tignes 1800,5,0,5,0,2,
France,,Tignes Le Lac,10,1,5,8,1,Apartment 62170
France,,Tignes Le Lavachet,4,0,0,0,0,
France,,Tignes Les Brevieres,7,1,3,6,3,Apartment 27276
France,,Tignes Val Claret,6,0,0,0,2,
France,,Val Thorens,102,11,19,26,30,Apartment 62512; Chalet 40708; Chalet Altitude; Chalet Balcons III; Chalet Balcons IVB; Chalet Hermine IV; Chalet Orlov; Chalet Oxalys IV; Chalet Ros; Chalet Val; Chalet Val IV
France,,Val d'Isère,115,8,19,21,52,Apartment 44627; Apartment 62087; Chalet 42005; Chalet Alaska IV; Chalet Epicéa; Chalet Felice; Chalet Foret IV; Chalet Gentianes IV
France,,Vaujany,4,0,1,1,3,
France,Alpe d'Huez Grand Domaine,Alpe d'Huez,147,0,30,13,108,
France,Alpe d'Huez Grand Domaine,Huez (village),5,0,2,0,3,
France,Alpe d'Huez Grand Domaine,Oz-en-Oisans,4,2,0,4,2,L'Etendard; Le Lauteret
France,Alpe d'Huez Grand Domaine,Vaujany,5,0,0,0,0,
France,Espace Killy,La Daille,26,0,3,8,10,
France,Espace Killy,Le Fornet,15,0,9,9,5,
France,Espace Killy,Tignes 1800,51,1,31,1,16,Chalet des Neiges V
France,Espace Killy,Tignes Le Lac,147,3,45,14,101,Annina Chalet; Escamillo Chalet; Grande Motte Chalet
France,Espace Killy,Tignes Le Lavachet,138,0,4,4,22,
France,Espace Killy,Tignes Les Boisses,3,1,1,2,3,Chalet hotel Le Dome
France,Espace Killy,Tignes Les Brevieres,9,2,5,9,2,Chalet Eagle; Chalet Tignes V
France,Espace Killy,Tignes Les Brévières,45,6,28,23,13,Chalet Coeur des Brévières; Chalet Hattiers Apartment 1; Chalet Neus; Hotel Les Brevieres; Hotel Tetras Lodge; Les Melezes Chalet
France,Espace Killy,Tignes Val Claret,622,0,29,9,67,
France,Espace Killy,Val d'Isère,298,1,83,63,222,5 rooms (4 bedrooms) - PIERRA MENTA - + PARKING RDC N° 25
France,Espace Killy (Tignes – Val d'Isère),Le Fornet,1,0,1,1,0,
France,Espace Killy (Tignes – Val d'Isère),Tignes,47,1,30,11,30,Hotel Les Campanules
France,Espace Killy (Tignes – Val d'Isère),Tignes Le Lac,1,0,1,1,0,
France,Espace Killy (Tignes – Val d'Isère),Val d'Isère,51,0,25,26,25,
France,Les 2 Alpes,Les 2 Alpes,120,0,44,5,30,
France,Les 2 Alpes,Mont-de-Lans,2,0,1,0,0,
France,Les 2 Alpes,Vénosc,13,0,7,0,3,
France,Les 3 Vallées,Brides-les-Bains,3,2,0,2,2,Hotel Amelie; Hotel La Vanoise 1825
France,Les 3 Vallées,Courchevel,35,0,12,26,19,
France,Les 3 Vallées,Courchevel 1550 (Village),15,0,9,4,8,
France,Les 3 Vallées,Courchevel 1650 (Moriond),30,0,12,7,17,
France,Les 3 Vallées,Courchevel 1850,24,0,16,9,8,
France,Les 3 Vallées,Courchevel Le Praz (1300),13,0,1,0,7,
France,Les 3 Vallées,La Tania,33,1,14,25,17,Chalet Toubkal 2
France,Les 3 Vallées,Les Allues,12,0,6,1,6,
France,Les 3 Vallées,Les Menuires,61,2,12,12,48,"Chalet 24443 (unnamed, allChalets); Chalet Pierre (apartment)"
France,Les 3 Vallées,Les Menuires: Les Bruyères,43,0,9,7,30,
France,Les 3 Vallées,Les Menuires: Reberty 2000,78,0,19,14,14,
France,Les 3 Vallées,Méribel,31,0,18,18,10,
France,Les 3 Vallées,Méribel (centre),42,0,29,23,16,
France,Les 3 Vallées,Méribel Village,16,1,6,1,8,Chalet le Refuge
France,Les 3 Vallées,Méribel-Mottaret,16,0,2,8,9,
France,Les 3 Vallées,St-Martin-de-Belleville,13,1,11,5,7,Chalet Aphylla (Catered)
France,Les 3 Vallées,Val Thorens,95,0,22,32,64,
France,Les Sybelles,St-Jean-d'Arves,63,1,2,1,15,Chalet L'Oule des Praz
France,Les Sybelles,St-Sorlin-d'Arves,7,0,1,0,5,
France,Paradiski,Arc 1600,2,0,1,0,0,
France,Paradiski,Arc 1800,6,0,3,2,1,
France,Paradiski,Arc 1950,13,0,13,13,11,
France,Paradiski,Arc 2000,4,0,1,4,3,
France,Paradiski,Bourg-St-Maurice,19,0,0,1,3,
France,Paradiski,La Plagne,88,7,53,61,47,Chalet Choucas; Chalet Zibeline; Chalet-Apartment Bonlieu; Chalet-Apartment Cretier; Chalet-Apartment Deneriaz; Chalet-Apartment Montillet; Chalet-Apartment Piccard
France,Paradiski,La Roche,1,0,1,1,0,
France,Paradiski,Les Arcs,97,6,48,40,43,Hotel Aiguille Rouge; Hotel Altitude; Hotel Club MMV Arc 2000 Altitude 4*; Hotel Club MMV Les Melezes 4*; Hotel La Cachette 4*; Hotel Taj-I Mah
France,Paradiski,Les Coches,22,1,18,15,9,Chalet Chamois
France,Paradiski,Montchavin,19,0,16,15,7,
France,Paradiski,Peisey (village),1,0,1,0,1,
France,Paradiski,Plagne 1800,13,5,10,13,6,Chalet Bonlieu; Chalet Cretier; Chalet Deneriaz; Chalet Montillet; Chalet Piccard
France,Paradiski,Plagne Centre,16,0,16,16,15,
France,Paradiski,Plagne Soleil,8,0,5,8,5,
France,Paradiski,Plagne Villages,2,0,1,2,0,
France,Portes du Soleil,Avoriaz,8,0,2,8,4,
France,Portes du Soleil,Châtel,2,1,0,2,1,Chalet Pom de Pin
France,Portes du Soleil,La Chapelle d'Abondance,84,8,9,0,23,Foyer 4 Saisons Foyer 4 Saisons Services Services pratiques Salle hors-sac Foyer 4 Saisons de La Pan; Hôtel Esprit Montagne; Hôtel Les Cornettes; Hôtel Les Gentianettes; Hôtel l'Ensoleillé; Refuge de Bise; Refuge de Trébentaz; Terra-Beka Lodge
France,Portes du Soleil,Les Gets,1,0,0,1,0,
France,Portes du Soleil,Montriond,12,0,11,3,7,
France,Portes du Soleil,Morzine,13,1,4,7,7,Chalet Chelmer
France,Portes du Soleil,Prodains,2,0,1,1,1,
France,Serre Chevalier,Briançon,11,1,3,5,3,email : snowedinnchalets@gmail.com call : +44161-706-0688 < Back Chalet Genepi 10
France,Serre Chevalier,Serre Chevalier: Briançon (1200),150,0,1,0,15,
France,Évasion Mont-Blanc,Combloux,115,0,8,0,10,
France,Évasion Mont-Blanc,St-Gervais Le Bettex,22,0,2,0,7,
France,Évasion Mont-Blanc,St-Gervais-les-Bains,89,3,6,2,33,Chalet 14844; Chalet La Vieille Ferme; PlanB - Living Saint-Gervais
France,Évasion Mont-Blanc,St-Nicolas-de-Véroce,69,0,4,1,17,
Italy,Dolomiti Superski (Alta Badia / Sella Ronda),Badia,1,0,1,0,1,
Italy,Dolomiti Superski (Alta Badia / Sella Ronda),Colfosco,1,0,1,0,0,
Italy,Dolomiti Superski (Alta Badia / Sella Ronda),Corvara,6,1,5,4,0,Sporthotel Panorama
Italy,Dolomiti Superski (Alta Badia / Sella Ronda),La Villa,1,0,1,0,1,
Italy,Dolomiti Superski (Sella Ronda / Arabba-Marmolada),Alfauro (Livinallongo),4,0,0,0,0,
Italy,Dolomiti Superski (Sella Ronda / Arabba-Marmolada),Arabba,56,7,10,7,0,Active Hotel Malita (***); Alpenrose (Dipendenza) (**); Hotel Evaldo; Olympia (***); Pordoi (**); Portavescovo (***); Sporthotel Arabba
Italy,Dolomiti Superski (Sella Ronda / Arabba-Marmolada),"Arabba (Bec de Roces, on-mountain)",1,0,0,0,0,
Italy,Dolomiti Superski (Sella Ronda / Arabba-Marmolada),Cherz (Livinallongo),1,0,0,0,0,
Italy,Dolomiti Superski (Sella Ronda / Arabba-Marmolada),"Cherz (Livinallongo, on-mountain)",1,1,0,0,0,La Viza
Italy,Dolomiti Superski (Sella Ronda / Arabba-Marmolada),Corte (Livinallongo),2,0,0,0,0,
Italy,Dolomiti Superski (Sella Ronda / Arabba-Marmolada),Digonera (Rocca Pietore),1,0,0,0,0,
Italy,Dolomiti Superski (Sella Ronda / Arabba-Marmolada),Federa (Livinallongo),1,0,0,0,0,
Italy,Dolomiti Superski (Sella Ronda / Arabba-Marmolada),La Pala (Livinallongo),1,1,0,1,0,Albergo Ristoro Lezuo (**)
Italy,Dolomiti Superski (Sella Ronda / Arabba-Marmolada),Livinallongo del Col di Lana,1,0,0,1,0,
Italy,Dolomiti Superski (Sella Ronda / Arabba-Marmolada),Passo Campolongo (Arabba),2,1,1,1,0,Sports & Nature Hotel Boe' (***S)
Italy,Dolomiti Superski (Sella Ronda / Arabba-Marmolada),Pezzei (Livinallongo),1,1,1,1,0,Al Forte (***S)
Italy,Dolomiti Superski (Sella Ronda / Arabba-Marmolada),Pieve di Livinallongo,2,0,0,0,0,
Italy,Dolomiti Superski (Sella Ronda / Arabba-Marmolada),Pieve di Livinallongo (Arabba area),1,0,0,0,1,
Italy,Dolomiti Superski (Sella Ronda / Arabba-Marmolada),Renaz (Livinallongo),2,0,0,0,0,
Italy,Dolomiti Superski (Sella Ronda / Arabba-Marmolada),Salesei (Livinallongo),2,0,0,0,0,
Italy,Dolomiti Superski (Sella Ronda / Arabba-Marmolada),San Giovanni (Livinallongo),1,0,0,0,0,
Italy,Matterhorn Ski Paradise,Antey-Saint-André,6,0,0,0,3,
Italy,Matterhorn Ski Paradise,Breuil-Cervinia,41,4,21,18,8,Hotel Edelweiss; Hotel Europa; Hotel Petit Palais; Hotel Principe delle Nevi
Italy,Matterhorn Ski Paradise,Valtournenche,3,0,3,2,1,
Switzerland,Portes du Soleil,Torgon,25,2,0,2,4,Hôtel de Torgon; Torgon Alpine Experience
Switzerland,Portes du Soleil,Val d'Illiez,15,0,0,0,1,
