collector,site,url,chalet_id,problem,missing,tried,date
enrich,allChalets,https://www.allchalets.com/holiday-rentals/23957-apartment-in-tignes-les-boisses-france,allchalets-chalet-des-neiges-v,no-price-published,price for 20 Mar week; price range; currency; availability (calendar shows all days available = unmaintained),browse.mjs; navigate-script (calendar); enquiry page; bing/ddg search (blocked/junk),2026-10-05
enrich,Tignes Réservation,https://booking.tignes.net/chalet-banksy-tribute-tignes-les-brevieres-1550-avp001.html,tignesreservation-chalet-banksy-tribute,no-price-published,"price for 20 Mar week; price range; currency; availability (not bookable online, all weeks greyed); operating agency name",browse.mjs; probed blackdiamondlodge.com (parked); google/ddg/bing blocked,2026-10-05
enrich,allChalets,https://www.allchalets.com/holiday-rentals/40318-apartment-in-tignes-les-brevieres-france,allchalets-chalet-eagle,no-price-published,price for 20 Mar week; price range; currency; reliable availability (calendar unmaintained); operator business name,browse.mjs; navigate-script (calendar); enquiry page; chalet.nl; search engines blocked,2026-10-05
enrich,TripAdvisor,https://www.tripadvisor.com/Hotel_Review-g196714-d2480431-Reviews-Chalet_Hattiers_by_Chardons-Tignes_Savoie_Auvergne_Rhone_Alpes.html,chardons-chalet-hattiers-apartment-1,blocked-403,review confirmation of no hot tub / whether guests can use Coeur des Brevieres hot tub,browse.mjs (empty page),2026-10-05
enrich,allChalets,https://www.allchalets.com/holiday-rentals/41917-chalet-in-tignes-les-brevieres-france,allchalets-chalet-tignes-v,no-price-published,price for 20 Mar week; price range; currency; reliable availability; operator business name,browse.mjs; navigate-script (calendar); enquiry page; search engines blocked,2026-10-05
enrich,MMV,https://www.mmv-holidays.co.uk/destinations/northern-french-alps/tignes/holiday-village-brevieres-winter,heidi-hotel-club-mmv-les-brevieres,other,sleeps_max / number of rooms for whole hotel (not published); bedrooms,browse.mjs; navigate-script (checkout); price API,2026-10-05
enrich,See Tignes,https://www.seetignes.com/chalets/les-melezes-chalet-les-brevieres-674590,seetignes-chalet-les-melezes,no-detail-page,sleeps_max; bedrooms; board; hot_tub; price; availability; images; operator website (MountainSun domains dead),browse.mjs; See Tignes JSON; tignes.net directories; booking.tignes.net; Booking.com; domain probes; search engines blocked,2026-10-05
enrich,allChalets,https://www.allchalets.com/holiday-rentals/9609-chalet-in-les-coches-france,alpine365-chalet-chamois,other,"current operator/owner, board, price, availability - chalet appears no longer let; no other listing found",browse.mjs; enquiry page; Booking.com search; pilot site lists; les3vallees lead checked (different property); search engines blocked,2026-10-05
enrich,allChalets,https://www.allchalets.com/holiday-rentals/24443-chalet-in-les-menuires-france,allchalets-24443,no-price-published,price for 21 Mar week; price range; currency; chalet name; sauna,browse.mjs; enquiry page; Booking.com search; Airbnb search,2026-10-05
enrich,allChalets,https://www.allchalets.com/holiday-rentals/28430-apartment-in-les-menuires-france,allchalets-chalet-pierre,no-price-published,price for 20 Mar week; price range; currency; reliable availability; half-board price,browse.mjs; enquiry page; locationlesmenuires.com search; guessed purevalley domains,2026-10-05
enrich,Chalet Vithos,https://chaletvithos.com/bookings/,lesmenuires-chalet-gabrielle-mnchgabrielle,no-price-published,direct price (own site enquiry only); season low price; whether hot tub is private or shared with Vithos/Delphine,browse.mjs; Airbnb listing,2026-10-06
enrich,Hotel Bucaneve booking engine (Ericsoft),https://booking.ericsoft.com/BookingEngine/Book?idh=E3E0B5CA2EE7F818,crystal-hotel-bucaneve,js-widget,price for 20-27 Mar 2027; availability; sleeps_max,browse.mjs; navigate-script (timed out); Booking.com search (not listed),2026-10-06
enrich,Booking.com,https://www.booking.com/hotel/it/europa-breuil-cervinia.en-gb.html?checkin=2027-03-20&checkout=2027-03-27&group_adults=10&no_rooms=5,crystal-hotel-europa,no-price-published,price for 20-27 Mar 2027 (no Booking.com availability yet); board; room count / capacity,browse.mjs (Booking hotel page with dates),2026-10-06
enrich,Booking.com,https://www.booking.com/hotel/it/mon-reve.en-gb.html?checkin=2027-03-20&checkout=2027-03-27&group_adults=10&no_rooms=5,crystal-hotel-mon-reve,no-price-published,price & availability 20-27 Mar 2027; capacity; own website,browse.mjs; domain probes,2026-10-06
enrich,Booking.com,https://www.booking.com/hotel/it/petit-palsis.en-gb.html?checkin=2027-03-20&checkout=2027-03-27&group_adults=10&no_rooms=5,crystal-hotel-petit-palais,no-price-published,price & availability 20-27 Mar 2027; board; capacity; own website,browse.mjs; domain probes,2026-10-06
enrich,Active Hotel Malita booking engine,https://booking.hotelmalita.it/?skd-language-code=en&skd-checkin=2027-03-20&skd-checkout=2027-03-27&skd-total-adults=2&skd-total-rooms=1,arabbait-active-hotel-malita,other,price for 20-27 Mar 2027; availability (engine says fully booked - possibly not on sale yet); capacity,"browse.mjs (own site, price calculator, booking engine); Booking.com Arabba search",2026-10-06
enrich,Hotel Alpenrose,https://alpenrosearabba.it/en,arabbait-alpenrose-dipendenza,no-detail-page,which units are in the Dipendenza; board; sleeps; price; availability,"browse.mjs (arabba.it, own site); Booking.com (main hotel only)",2026-10-06
enrich,Chalet Aria booking engine (bookingexpert),https://be.bookingexpert.it/book/home/single?layout=10019135&lang=en&currency=EUR,arabbait-chalet-aria,js-widget,price & availability 20-27 Mar 2027,browse.mjs with --click; Booking.com Arabba search,2026-10-06
enrich,Hotel Evaldo,https://www.hotelevaldo.it/en/rooms/information-prices,alpineanswers-hotel-evaldo,js-widget,winter price list; price & availability 20-27 Mar 2027; capacity,browse.mjs with accordion clicks; Booking.com hotel page with dates,2026-10-06
enrich,Booking.com,https://www.booking.com/hotel/it/olympia-arabba.en-gb.html?checkin=2027-03-20&checkout=2027-03-27&group_adults=10&no_rooms=5,arabbait-olympia,no-price-published,price & availability 20-27 Mar 2027; capacity,browse.mjs (Booking hotel page with dates),2026-10-06
enrich,Albergo Pensione Sport,https://albergosportarabba.it/booking/?lang=en,arabbait-pensione-sport,no-price-published,board; rooms/capacity; hot tub; price & availability 20-27 Mar 2027,"browse.mjs (home, hotel, info, winter pages); Booking.com",2026-10-06
enrich,Hotel Pordoi,https://www.hotelpordoi.it/it#prices,arabbait-pordoi,no-price-published,price & availability 20-27 Mar 2027; total capacity (dependance room count),browse.mjs; Booking.com search (not listed),2026-10-06
enrich,Hotel Le Dôme (SiteMinder booking button),https://app.thebookingbutton.com/properties/hotel-le-dome,allchalets-chalet-hotel-le-dome,other,price & availability 20-27 Mar 2027; whole-hotel exclusive price,"browse.mjs (own site, booking engine 404/queue full); Booking.com search",2026-10-06
enrich,Ski Line,https://www.skiline.co.uk/ski-holidays/france/tignes/hotel-les-brevieres,skiline-hotel-les-brevieres,other,number of rooms (bedrooms); hotel's own name/website,browse.mjs (Ski Line page); Booking.com search,2026-10-06
enrich,Alpine Elements,https://www.alpineelements.co.uk/ski-holidays/accommodation/chalets/private-chalets/hotel-tetras-lodge-prices,alpineelements-hotel-tetras-lodge,js-widget,price & availability 20-27 Mar 2027; season range,"browse.mjs (hotel page, prices page); Booking.com search",2026-10-06
enrich,Booking.com,https://www.booking.com/hotel/it/principe-delle-nevi.en-gb.html?checkin=2027-03-20&checkout=2027-03-27&group_adults=10&no_rooms=5,alpineanswers-hotel-principe-delle-nevi,no-price-published,price & availability 20-27 Mar 2027; board; capacity,browse.mjs (Booking hotel page with dates),2026-10-06
enrich,Sporthotel Arabba,https://www.sporthotelarabba.com/en/prices-offers/prices/22-0.html,alpineanswers-sporthotel-arabba,js-widget,price & availability 20-27 Mar 2027; capacity,browse.mjs (own prices page); Booking.com hotel page with dates (no availability),2026-10-06
enrich,Booking.com,https://www.booking.com/hotel/it/sporthotel-panorama.en-gb.html?checkin=2027-03-20&checkout=2027-03-27&group_adults=10&no_rooms=5,sporthotel-panorama-corvara,no-price-published,price & availability 20-27 Mar 2027; capacity,browse.mjs (Booking hotel page with dates),2026-10-06
enrich,Booking.com,https://www.booking.com/hotel/it/boa-c.en-gb.html?checkin=2027-03-20&checkout=2027-03-27&group_adults=10&no_rooms=5,arabbait-sports-nature-hotel-boe-s,no-price-published,price & availability 20-27 Mar 2027; capacity,browse.mjs (Booking hotel page with dates),2026-10-06
enrich,Booking.com,https://www.booking.com/hotel/it/la-perla-corvara-in-badia.en-gb.html,hotel-la-perla-corvara,other,7-night price; board; capacity; hot tub,browse.mjs (Booking hotel page with dates),2026-10-06
enrich,arabba.it,https://www.arabba.it/en/facilities-gastronomy/accommodation/la-viza/38-51.html,arabbait-la-viza,no-detail-page,capacity; board; hot tub; price & availability 20-27 Mar 2027,browse.mjs (arabba.it); Booking.com search,2026-10-06
enrich,Les Menuires Réservation,https://fr.locationlesmenuires.com/appartement-chalet-residence/reberty-2000/2-pieces-6-personnes-authentique-a2p6.html,lesmenuires-les-chalets-du-soleil-a2p6,no-price-published,price for 20-27 Mar 2027 (week unavailable),browse.mjs (planning HTML),2026-10-06
enrich,Les Menuires Réservation,https://fr.locationlesmenuires.com/appartement-chalet-residence/reberty-2000/2-pieces-les-alpages-de-reberty-anco11.html,lesmenuires-les-alpages-de-reberty-anco11,no-price-published,price for 20-27 Mar 2027 (week unavailable),browse.mjs (planning HTML),2026-10-06
enrich,Les Menuires Réservation,https://fr.locationlesmenuires.com/appartement-chalet-residence/reberty-2000/2-pieces-necou-ne0622.html,lesmenuires-necou-ne0622,no-price-published,price for 20-27 Mar 2027 (week unavailable),browse.mjs (planning HTML),2026-10-06
enrich,Les Menuires Réservation,https://fr.locationlesmenuires.com/appartement-chalet-residence/reberty-2000/2-pieces-necou-ne0624.html,lesmenuires-necou-ne0624,no-price-published,price for 20-27 Mar 2027 (week unavailable),browse.mjs (planning HTML),2026-10-06
enrich,Les Menuires Réservation,https://fr.locationlesmenuires.com/appartement-chalet-residence/reberty-2000/2-pieces-necou-nec611.html,lesmenuires-necou-nec611,no-price-published,price for 20-27 Mar 2027 (week unavailable),browse.mjs (planning HTML),2026-10-06
enrich,Les Menuires Réservation,https://fr.locationlesmenuires.com/appartement-chalet-residence/reberty-2000/2-pieces-necou-nec713.html,lesmenuires-necou-nec713,no-price-published,price for 20-27 Mar 2027 (week unavailable),browse.mjs (planning HTML),2026-10-06
enrich,Les Menuires Réservation,https://fr.locationlesmenuires.com/appartement-chalet-residence/reberty-2000/2-pieces-4-pers-skis-aux-pieds-les-alpages-de-reberty-pierre-et-vacances-alp2p4stan.html,lesmenuires-les-alpages-de-reberty-alp2p4stan,no-price-published,price for 20-27 Mar 2027 (week unavailable),browse.mjs (planning HTML),2026-10-06
enrich,Les Menuires Réservation,https://fr.locationlesmenuires.com/appartement-chalet-residence/reberty-2000/2-pieces-cabine-alpages-de-reberty-rb014b.html,lesmenuires-alpages-de-reberty-rb014b,no-price-published,price for 20-27 Mar 2027 (week unavailable),browse.mjs (planning HTML),2026-10-06
enrich,Les Menuires Réservation,https://fr.locationlesmenuires.com/appartement-chalet-residence/reberty-2000/2-pieces-cabine-necou-nec616.html,lesmenuires-necou-nec616,no-price-published,price for 20-27 Mar 2027 (week unavailable),browse.mjs (planning HTML),2026-10-06
enrich,Les Menuires Réservation,https://fr.locationlesmenuires.com/appartement-chalet-residence/reberty-2000/3-pieces-5-personnes-contemporain-n-c3p5.html,lesmenuires-les-chalets-du-soleil-c3p5,no-price-published,price for 20-27 Mar 2027 (week unavailable),browse.mjs (planning HTML),2026-10-06
enrich,Les Menuires Réservation,https://fr.locationlesmenuires.com/appartement-chalet-residence/reberty-2000/3-pieces-6-personnes-contemporain-j-c3p6.html,lesmenuires-les-chalets-du-soleil-c3p6,no-price-published,price for 20-27 Mar 2027 (week unavailable),browse.mjs (planning HTML),2026-10-06
enrich,Les Menuires Réservation,https://fr.locationlesmenuires.com/appartement-chalet-residence/reberty-2000/3-pieces-alpages-de-reberty-mnrb021e.html,lesmenuires-alpages-de-reberty-mnrb021e,no-price-published,price for 20-27 Mar 2027 (week unavailable),browse.mjs (planning HTML),2026-10-06
enrich,Les Menuires Réservation,https://fr.locationlesmenuires.com/appartement-chalet-residence/reberty-2000/3-pieces-alpages-de-reberty-rb006b.html,lesmenuires-alpages-de-reberty-rb006b,no-price-published,price for 20-27 Mar 2027 (week unavailable),browse.mjs (planning HTML),2026-10-06
enrich,Les Menuires Réservation,https://fr.locationlesmenuires.com/appartement-chalet-residence/reberty-2000/3-pieces-alpages-de-reberty-rb011d.html,lesmenuires-alpages-de-reberty-rb011d,no-price-published,price for 20-27 Mar 2027 (week unavailable),browse.mjs (planning HTML),2026-10-06
enrich,Les Menuires Réservation,https://fr.locationlesmenuires.com/appartement-chalet-residence/reberty-2000/3-pieces-ancolie-an0002.html,lesmenuires-ancolie-an0002,no-price-published,price for 20-27 Mar 2027 (week unavailable),browse.mjs (planning HTML),2026-10-06
enrich,Les Menuires Réservation,https://fr.locationlesmenuires.com/appartement-chalet-residence/reberty-2000/3-pieces-ancolie-ancolie4.html,lesmenuires-ancolie-ancolie4,no-price-published,price for 20-27 Mar 2027,browse.mjs (planning HTML),2026-10-06
enrich,Les Menuires Réservation,https://fr.locationlesmenuires.com/appartement-chalet-residence/reberty-2000/3-pieces-ancolie-mnan0012.html,lesmenuires-ancolie-mnan0012,no-price-published,price for 20-27 Mar 2027 (week unavailable),browse.mjs (planning HTML),2026-10-06
enrich,Les Menuires Réservation,https://fr.locationlesmenuires.com/appartement-chalet-residence/reberty-2000/3-pieces-les-alpages-de-reberty-bleuet1.html,lesmenuires-les-alpages-de-reberty-bleuet1,no-price-published,price for 20-27 Mar 2027 (week unavailable),browse.mjs (planning HTML),2026-10-06
enrich,Les Menuires Réservation,https://fr.locationlesmenuires.com/appartement-chalet-residence/reberty-2000/3-pieces-les-alpages-de-reberty-danai3.html,lesmenuires-les-alpages-de-reberty-danai3,no-price-published,price for 20-27 Mar 2027,browse.mjs (planning HTML),2026-10-06
enrich,Les Menuires Réservation,https://fr.locationlesmenuires.com/appartement-chalet-residence/reberty-2000/3-pieces-necou-nec814.html,lesmenuires-necou-nec814,no-price-published,price for 20-27 Mar 2027 (week unavailable),browse.mjs (planning HTML),2026-10-06
enrich,Les Menuires Réservation,https://fr.locationlesmenuires.com/appartement-chalet-residence/reberty-2000/3-pieces-necou-nec817.html,lesmenuires-necou-nec817,no-price-published,price for 20-27 Mar 2027 (week unavailable),browse.mjs (planning HTML),2026-10-06
enrich,Les Menuires Réservation,https://fr.locationlesmenuires.com/appartement-chalet-residence/reberty-2000/3-pieces-necou-nec822.html,lesmenuires-necou-nec822,no-price-published,price for 20-27 Mar 2027 (week unavailable),browse.mjs (planning HTML),2026-10-06
enrich,Les Menuires Réservation,https://fr.locationlesmenuires.com/appartement-chalet-residence/reberty-2000/3-pieces-necou-necou416.html,lesmenuires-necou-necou416,no-price-published,price for 20-27 Mar 2027 (week unavailable),browse.mjs (planning HTML),2026-10-06
enrich,Les Menuires Réservation,https://fr.locationlesmenuires.com/appartement-chalet-residence/reberty-2000/3-pieces-necou-necou423.html,lesmenuires-necou-necou423,no-price-published,price for 20-27 Mar 2027,browse.mjs (planning HTML),2026-10-06
enrich,Les Menuires Réservation,https://fr.locationlesmenuires.com/appartement-chalet-residence/reberty-2000/3-pieces-cabine-necou-necn0.html,lesmenuires-necou-necn0,no-price-published,price for 20-27 Mar 2027 (week unavailable),browse.mjs (planning HTML),2026-10-06
enrich,Les Menuires Réservation,https://fr.locationlesmenuires.com/appartement-chalet-residence/reberty-2000/4-pieces-7-personnes-contemporain-n-c4p7.html,lesmenuires-les-chalets-du-soleil-c4p7,no-price-published,price for 20-27 Mar 2027 (week unavailable),browse.mjs (planning HTML),2026-10-06
enrich,Les Menuires Réservation,https://fr.locationlesmenuires.com/appartement-chalet-residence/reberty-2000/4-pieces-chalet-2000-mi0102.html,lesmenuires-chalet-2000-mi0102,no-price-published,price for 20-27 Mar 2027 (week unavailable),browse.mjs (planning HTML),2026-10-06
enrich,Les Menuires Réservation,https://fr.locationlesmenuires.com/appartement-chalet-residence/reberty-2000/4-pieces-necou-nec711.html,lesmenuires-necou-nec711,no-price-published,price for 20-27 Mar 2027 (week unavailable),browse.mjs (planning HTML),2026-10-06
enrich,Les Menuires Réservation,https://fr.locationlesmenuires.com/appartement-chalet-residence/reberty-2000/4-pieces-mezzanine-tetras-lyre-te0007.html,lesmenuires-tetras-lyre-te0007,no-price-published,price for 20-27 Mar 2027 (week unavailable),browse.mjs (planning HTML),2026-10-06
enrich,Les Menuires Réservation,https://fr.locationlesmenuires.com/appartement-chalet-residence/reberty-2000/5-pieces-10-pers-skis-aux-pieds-les-alpages-de-reberty-pierre-et-vacances-alp5p10stan.html,lesmenuires-les-alpages-de-reberty-alp5p10stan,no-price-published,price for 20-27 Mar 2027 (week unavailable),browse.mjs (planning HTML),2026-10-06
enrich,Les Menuires Réservation,https://fr.locationlesmenuires.com/appartement-chalet-residence/reberty-2000/5-pieces-10-personnes-authentique-a510.html,lesmenuires-les-chalets-du-soleil-a510,no-price-published,price for 20-27 Mar 2027 (week unavailable),browse.mjs (planning HTML),2026-10-06
enrich,Les Menuires Réservation,https://fr.locationlesmenuires.com/appartement-chalet-residence/reberty-2000/503-necou-fr73583305.html,lesmenuires-necou-fr73583305,no-price-published,price for 20-27 Mar 2027 (week unavailable),browse.mjs (planning HTML),2026-10-06
enrich,Les Menuires Réservation,https://fr.locationlesmenuires.com/appartement-chalet-residence/reberty-2000/studio-necou-ne0704.html,lesmenuires-necou-ne0704,no-price-published,price for 20-27 Mar 2027 (week unavailable),browse.mjs (planning HTML),2026-10-06
enrich,Les Menuires Réservation,https://fr.locationlesmenuires.com/appartement-chalet-residence/reberty-2000/studio-cabine-necou-nec106.html,lesmenuires-necou-nec106,no-price-published,price for 20-27 Mar 2027 (week unavailable),browse.mjs (planning HTML),2026-10-06
enrich,Les Menuires Réservation,https://fr.locationlesmenuires.com/appartement-chalet-residence/reberty-2000/studio-cabine-necou-nec701.html,lesmenuires-necou-nec701,no-price-published,price for 20-27 Mar 2027 (week unavailable),browse.mjs (planning HTML),2026-10-06
enrich,Les Menuires Réservation,https://fr.locationlesmenuires.com/appartement-chalet-residence/reberty-2000/studio-coin-montagne-necou-nec717.html,lesmenuires-necou-nec717,no-price-published,price for 20-27 Mar 2027 (week unavailable),browse.mjs (planning HTML),2026-10-06
enrich,Les Menuires Réservation,https://fr.locationlesmenuires.com/appartement-chalet-residence/reberty-2000/studio-coin-montagne-necou-nec718.html,lesmenuires-necou-nec718,no-price-published,price for 20-27 Mar 2027 (week unavailable),browse.mjs (planning HTML),2026-10-06
enrich,allChalets,https://www.allchalets.com/holiday-rentals/14844-chalet-in-st-gervais-france,allchalets-chalet-14844,no-price-published,price 20-27 Mar 2027; range; reliable availability,"browse.mjs (listing, enquiry page)",2026-10-06
enrich,Simply Val d'Isère,https://www.simplyvaldisere.com/accom/la-daille-le-cret/chalet-bonne-neige-8,simplyvaldisere-chalet-bonne-neige,no-price-published,exact price & availability w/c 21 Mar 2027; operator,browse.mjs,2026-10-06
enrich,allChalets,https://www.allchalets.com/holiday-rentals/36122-apartment-in-alpe-d-huez-france,allchalets-chalet-chloe,no-price-published,price 20-27 Mar 2027; range; reliable availability,"browse.mjs (listing, enquiry)",2026-10-06
enrich,allChalets,https://www.allchalets.com/holiday-rentals/34353-apartment-in-alpe-d-huez-france,allchalets-chalet-daria,no-price-published,price 20-27 Mar 2027; range; reliable availability,"browse.mjs (listing, enquiry)",2026-10-06
enrich,allChalets,https://www.allchalets.com/holiday-rentals/2213-chalet-in-st-gervais-france,allchalets-chalet-la-vieille-ferme,no-price-published,price 20-27 Mar 2027; range; reliable availability,"browse.mjs (listing, enquiry)",2026-10-06
enrich,allChalets,https://www.allchalets.com/holiday-rentals/25751-apartment-in-alpe-d-huez-france,allchalets-chalet-naomi,no-price-published,price 20-27 Mar 2027; range; reliable availability,"browse.mjs (listing, enquiry)",2026-10-06
enrich,allChalets,https://www.allchalets.com/holiday-rentals/40129-chalet-in-alpe-d-huez-france,allchalets-chalet-par,no-price-published,price 20-27 Mar 2027; range; reliable availability,"browse.mjs (listing, enquiry)",2026-10-06
enrich,Simply Val d'Isère,https://www.simplyvaldisere.com/accom/la-daille-le-cret/chalet-toit-du-monde-8,simplyvaldisere-chalet-toit-du-monde,no-price-published,exact price & availability 20/21 Mar 2027,browse.mjs,2026-10-06
enrich,allChalets,https://www.allchalets.com/holiday-rentals/34304-chalet-in-alpe-d-huez-france,allchalets-chalet-de-bleu,no-price-published,price 20-27 Mar 2027; range; reliable availability,"browse.mjs (listing, enquiry)",2026-10-06
enrich,allChalets,https://www.allchalets.com/holiday-rentals/34937-apartment-in-val-d-isere-france,allchalets-chalet-de-vallon-iv,no-price-published,price 20-27 Mar 2027; range; reliable availability,"browse.mjs (listing, enquiry)",2026-10-06
enrich,allChalets,https://www.allchalets.com/holiday-rentals/34305-apartment-in-alpe-d-huez-france,allchalets-chalet-du-gris,no-price-published,price 20-27 Mar 2027; range; reliable availability,"browse.mjs (listing, enquiry)",2026-10-06
enrich,allChalets,https://www.allchalets.com/holiday-rentals/15536-apartment-in-st-gervais-france,allchalets-apartment-15536,no-price-published,price 20-27 Mar 2027; range; reliable availability,"browse.mjs (listing, enquiry)",2026-10-06
enrich,allChalets,https://www.allchalets.com/holiday-rentals/19669-apartment-in-st-gervais-france,allchalets-apartment-19669,no-price-published,price 20-27 Mar 2027; range; reliable availability,"browse.mjs (listing, enquiry)",2026-10-06
enrich,allChalets,https://www.allchalets.com/holiday-rentals/34505-apartment-in-alpe-d-huez-france,allchalets-apartment-34505,no-price-published,price 20-27 Mar 2027; range; reliable availability,"browse.mjs (listing, enquiry)",2026-10-06
enrich,allChalets,https://www.allchalets.com/holiday-rentals/35461-apartment-in-alpe-d-huez-france,allchalets-apartment-35461,no-price-published,price 20-27 Mar 2027; range; reliable availability,"browse.mjs (listing, enquiry)",2026-10-06
enrich,allChalets,https://www.allchalets.com/holiday-rentals/36169-apartment-in-alpe-d-huez-france,allchalets-apartment-36169,no-price-published,price 20-27 Mar 2027; range; reliable availability,"browse.mjs (listing, enquiry)",2026-10-06
enrich,allChalets,https://www.allchalets.com/holiday-rentals/36190-apartment-in-val-d-isere-france,allchalets-apartment-36190,no-price-published,price 20-27 Mar 2027; range; reliable availability,"browse.mjs (listing, enquiry)",2026-10-06
enrich,allChalets,https://www.allchalets.com/holiday-rentals/40317-apartment-in-alpe-d-huez-france,allchalets-apartment-40317,no-price-published,price 20-27 Mar 2027; range; reliable availability,"browse.mjs (listing, enquiry)",2026-10-06
enrich,allChalets,https://www.allchalets.com/holiday-rentals/46905-apartment-in-st-gervais-france,allchalets-apartment-46905,no-price-published,price 20-27 Mar 2027; range; reliable availability,"browse.mjs (listing, enquiry)",2026-10-06
enrich,allChalets,https://www.allchalets.com/holiday-rentals/48125-apartment-in-st-gervais-france,allchalets-apartment-48125,no-price-published,price 20-27 Mar 2027; range; reliable availability,"browse.mjs (listing, enquiry)",2026-10-06
enrich,allChalets,https://www.allchalets.com/holiday-rentals/48208-apartment-in-alpe-d-huez-france,allchalets-apartment-48208,no-price-published,price 20-27 Mar 2027; range; reliable availability,"browse.mjs (listing, enquiry)",2026-10-06
enrich,allChalets,https://www.allchalets.com/holiday-rentals/49248-apartment-in-alpe-d-huez-france,allchalets-apartment-details-49248,no-price-published,price 20-27 Mar 2027; range; reliable availability,"browse.mjs (listing, enquiry)",2026-10-06
enrich,allChalets,https://www.allchalets.com/holiday-rentals/12653-chalet-in-st-gervais-france,allchalets-chalet-12653,no-price-published,price 20-27 Mar 2027; range; reliable availability,"browse.mjs (listing, enquiry)",2026-10-06
enrich,allChalets,https://www.allchalets.com/holiday-rentals/16818-chalet-in-st-gervais-france,allchalets-chalet-16818,no-price-published,price 20-27 Mar 2027; range; reliable availability,"browse.mjs (listing, enquiry)",2026-10-06
enrich,allChalets,https://www.allchalets.com/holiday-rentals/2155-chalet-in-alpe-d-huez-france,allchalets-chalet-2155,no-price-published,price 20-27 Mar 2027; range; reliable availability,"browse.mjs (listing, enquiry)",2026-10-06
enrich,allChalets,https://www.allchalets.com/holiday-rentals/25616-chalet-in-alpe-d-huez-france,allchalets-chalet-25616,no-price-published,price 20-27 Mar 2027; range; reliable availability,"browse.mjs (listing, enquiry)",2026-10-06
enrich,allChalets,https://www.allchalets.com/holiday-rentals/2372-chalet-in-st-gervais-france,allchalets-chalet-arkle,no-price-published,price 20-27 Mar 2027; range; reliable availability,"browse.mjs (listing, enquiry)",2026-10-06
enrich,allChalets,https://www.allchalets.com/holiday-rentals/16259-chalet-in-st-gervais-france,allchalets-chalet-big-bear,no-price-published,price 20-27 Mar 2027; range; reliable availability,"browse.mjs (listing, enquiry)",2026-10-06
enrich,allChalets,https://www.allchalets.com/holiday-rentals/28872-apartment-in-alpe-d-huez-france,allchalets-chalet-ciara,no-price-published,price 20-27 Mar 2027; range; reliable availability,"browse.mjs (listing, enquiry)",2026-10-06
enrich,allChalets,https://www.allchalets.com/holiday-rentals/34375-chalet-in-alpe-d-huez-france,allchalets-chalet-cleo,no-price-published,price 20-27 Mar 2027; range; reliable availability,"browse.mjs (listing, enquiry)",2026-10-06
enrich,allChalets,https://www.allchalets.com/holiday-rentals/48141-chalet-in-alpe-d-huez-france,allchalets-chalet-lauziere,no-price-published,price 20-27 Mar 2027; range; reliable availability,"browse.mjs (listing, enquiry)",2026-10-06
enrich,allChalets,https://www.allchalets.com/holiday-rentals/15465-chalet-in-st-gervais-france,allchalets-chalet-le-rosay,no-price-published,price 20-27 Mar 2027; range; reliable availability,"browse.mjs (listing, enquiry)",2026-10-06
enrich,allChalets,https://www.allchalets.com/holiday-rentals/39056-apartment-in-alpe-d-huez-france,allchalets-chalet-lou-iv,no-price-published,price 20-27 Mar 2027; range; reliable availability,"browse.mjs (listing, enquiry)",2026-10-06
enrich,allChalets,https://www.allchalets.com/holiday-rentals/24124-chalet-in-alpe-d-huez-france,allchalets-chalet-monica,no-price-published,price 20-27 Mar 2027; range; reliable availability,"browse.mjs (listing, enquiry)",2026-10-06
enrich,allChalets,https://www.allchalets.com/holiday-rentals/63255-apartment-in-alpe-d-huez-france,allchalets-chalet-ours,no-price-published,price 20-27 Mar 2027; range; reliable availability,"browse.mjs (listing, enquiry)",2026-10-06
enrich,allChalets,https://www.allchalets.com/holiday-rentals/15530-chalet-in-st-gervais-france,allchalets-chalet-pascaud,no-price-published,price 20-27 Mar 2027; range; reliable availability,"browse.mjs (listing, enquiry)",2026-10-06
enrich,allChalets,https://www.allchalets.com/holiday-rentals/34006-apartment-in-alpe-d-huez-france,allchalets-chalet-de-fonbelle,no-price-published,price 20-27 Mar 2027; range; reliable availability,"browse.mjs (listing, enquiry)",2026-10-06
enrich,allChalets,https://www.allchalets.com/holiday-rentals/24509-apartment-in-alpe-d-huez-france,allchalets-chalet-des-neiges,no-price-published,price 20-27 Mar 2027; range; reliable availability,"browse.mjs (listing, enquiry)",2026-10-06
enrich,Hôtel Le Cœur des Neiges,https://hotelcoeurdesneiges.com/fr/,msemstg-hotel-cur-des-neiges-17513,no-price-published,price & availability 20-27 Mar 2027; hot tub detail; exclusive-hire price,browse.mjs (home); Booking.com search,2026-10-06
enrich,Fresh Tracks Ski,https://www.fresh-tracks.co.uk/bookings-and-availability,fresh-tracks-l-etendard,no-price-published,price & availability 20-27 Mar 2027,"browse.mjs (chalet, bookings, food pages)",2026-10-06
enrich,Snowed Inn Chalets,https://www.snowedinnchalets.com/properties/chalet-genepi-10,snowedinn-chalet-genepi-10,no-price-published,price & availability 20-27 Mar 2027,browse.mjs,2026-10-06
enrich,See Tignes,https://www.seetignes.com/chalets/annina-chalet-le-lac-lavachet-717138,seetignes-annina,no-price-published,price & availability 20-27 Mar 2027 (look up on Skiworld),browse.mjs; Skiworld URL guesses (404),2026-10-06
enrich,allChalets,https://www.allchalets.com/holiday-rentals/62170-apartment-in-tignes-le-lac-france,allchalets-apartment-62170,no-price-published,price 20-27 Mar 2027; range; reliable availability,"browse.mjs (listing, enquiry)",2026-10-06
enrich,See Tignes,https://www.seetignes.com/chalets/escamillo-chalet-le-lac-lavachet-717137,seetignes-escamillo,no-price-published,price & availability 20-27 Mar 2027,browse.mjs,2026-10-06
enrich,Independent Ski Links,http://www.ski-links.com/property/989/la-grande-motte.htm,independent-ski-links-grande-motte,no-price-published,price & availability 20-27 Mar 2027; hot tub,browse.mjs (pages 1-2),2026-10-06
enrich,La Féline Blanche,https://www.lafelineblanche.com/,msemstg-la-feline-blanche-7038,no-price-published,bedrooms; price & availability 20-27 Mar 2027,browse.mjs (home); Booking.com search,2026-10-06
enrich,Fresh Tracks Ski,https://www.fresh-tracks.co.uk/bookings-and-availability,fresh-tracks-le-lauteret,no-price-published,price & availability 20-27 Mar 2027,browse.mjs,2026-10-06
enrich,PlanB Living Saint-Gervais,https://www.saintgervais.com/reserver-mon-sejour/hebergement/,msemstg-planb-living-saint-gervais-205838,no-detail-page,bedrooms; board; hot tub; group price; images,Booking.com search; domain probes,2026-10-06
enrich,MSEM St-Gervais,https://www.saintgervais.com/reserver-mon-sejour/hebergement/,msemstg-refuge-chez-la-tante-mont-d-arbois-206775,no-detail-page,board; hot tub; images,Booking.com search,2026-10-06
enrich,allChalets,https://www.allchalets.com/holiday-rentals/28844-apartment-in-alpe-d-huez-france,allchalets-residence-daria-i-nor,no-price-published,price 20-27 Mar 2027; range; reliable availability,"browse.mjs (listing, enquiry)",2026-10-06
enrich,allChalets,https://www.allchalets.com/holiday-rentals/40166-apartment-in-val-d-isere-france,allchalets-residence-l-arolay,no-price-published,price 20-27 Mar 2027; range; reliable availability,"browse.mjs (listing, enquiry)",2026-10-06
enrich,See Alpe d'Huez,https://www.seealpedhuez.com/chalets/no-1-l-altiport-chalet-712052,odalys-altiport-no-1,no-price-published,price & availability 20-27 Mar 2027,browse.mjs,2026-10-06
enrich,See Alpe d'Huez,https://www.seealpedhuez.com/chalets/no-2-l-altiport-chalet-712056,odalys-altiport-no-2,no-price-published,price & availability 20-27 Mar 2027,browse.mjs,2026-10-06
enrich,See Alpe d'Huez,https://www.seealpedhuez.com/chalets/no-3-l-altiport-chalet-712057,odalys-altiport-no-3,no-price-published,price & availability 20-27 Mar 2027,browse.mjs,2026-10-06
enrich,See Alpe d'Huez,https://www.seealpedhuez.com/chalets/no-4-l-altiport-chalet-712058,odalys-altiport-no-4,no-price-published,price & availability 20-27 Mar 2027,browse.mjs,2026-10-06
enrich,See Alpe d'Huez,https://www.seealpedhuez.com/chalets/l-altiport-no-5-chalet-714186,odalys-altiport-no-5,no-price-published,price & availability 20-27 Mar 2027,browse.mjs,2026-10-06
enrich,Sotheby's Alpe d'Huez,https://www.alpedhuez-2alpes-sothebysrealty.com/en/our-properties/ref-ah2-076/rental-chalet-l-alpe-d-huez-5-rooms-4-bedrooms-38750/,sothebys-chalet-elysia,no-price-published,exact price & availability 20-27 Mar 2027,browse.mjs,2026-10-06
enrich,Sotheby's Alpe d'Huez,https://www.alpedhuez-2alpes-sothebysrealty.com/en/our-properties/ref-ah2-079/rental-chalet-l-alpe-d-huez-7-rooms-5-bedrooms-38750/,sothebys-chalet-kosy,no-price-published,exact price & availability 20-27 Mar 2027,browse.mjs,2026-10-06
enrich,See Alpe d'Huez,https://www.seealpedhuez.com/chalets/diane-private-14-person-chalet-alpe-dhuez-751895,odalys-diane,no-price-published,price & availability 20-27 Mar 2027,browse.mjs,2026-10-06
enrich,See Alpe d'Huez,https://www.seealpedhuez.com/chalets/le-manoir-chalet-alpe-dhuez-744297,odalys-le-manoir,no-price-published,price & availability 20-27 Mar 2027,browse.mjs,2026-10-06
enrich,allChalets,https://www.allchalets.com/holiday-rentals/26058-apartment-in-les-menuires-france,allchalets-apartment-26058,no-price-published,price 20-27 Mar 2027; range; reliable availability,"browse.mjs (listing, enquiry)",2026-10-06
enrich,allChalets,https://www.allchalets.com/holiday-rentals/34683-apartment-in-les-menuires-france,allchalets-apartment-34683,no-price-published,price 20-27 Mar 2027; range; reliable availability,"browse.mjs (listing, enquiry)",2026-10-06
enrich,allChalets,https://www.allchalets.com/holiday-rentals/44627-apartment-in-val-d-isere-france,allchalets-apartment-44627,no-price-published,price 20-27 Mar 2027; range; reliable availability,"browse.mjs (listing, enquiry)",2026-10-06
enrich,allChalets,https://www.allchalets.com/holiday-rentals/47027-apartment-in-les-menuires-france,allchalets-apartment-47027,no-price-published,price 20-27 Mar 2027; range; reliable availability,"browse.mjs (listing, enquiry)",2026-10-06
enrich,allChalets,https://www.allchalets.com/holiday-rentals/62087-apartment-in-val-d-isere-france,allchalets-apartment-62087,no-price-published,price 20-27 Mar 2027; range; reliable availability,"browse.mjs (listing, enquiry)",2026-10-06
enrich,allChalets,https://www.allchalets.com/holiday-rentals/42005-chalet-in-val-d-isere-france,allchalets-chalet-42005,no-price-published,price 20-27 Mar 2027; range; reliable availability,"browse.mjs (listing, enquiry)",2026-10-06
enrich,allChalets,https://www.allchalets.com/holiday-rentals/26297-apartment-in-les-menuires-france,allchalets-chalet-adel,no-price-published,price 20-27 Mar 2027; range; reliable availability,"browse.mjs (listing, enquiry)",2026-10-06
enrich,allChalets,https://www.allchalets.com/holiday-rentals/28023-apartment-in-val-d-isere-france,allchalets-chalet-alaska-iv,no-price-published,price 20-27 Mar 2027; range; reliable availability,"browse.mjs (listing, enquiry)",2026-10-06
enrich,allChalets,https://www.allchalets.com/holiday-rentals/26348-chalet-in-les-menuires-france,allchalets-chalet-alexus,no-price-published,price 20-27 Mar 2027; range; reliable availability,"browse.mjs (listing, enquiry)",2026-10-06
enrich,allChalets,https://www.allchalets.com/holiday-rentals/27225-chalet-in-les-menuires-france,allchalets-chalet-elise,no-price-published,price 20-27 Mar 2027; range; reliable availability,"browse.mjs (listing, enquiry)",2026-10-06
enrich,allChalets,https://www.allchalets.com/holiday-rentals/34272-apartment-in-les-menuires-france,allchalets-chalet-ellie,no-price-published,price 20-27 Mar 2027; range; reliable availability,"browse.mjs (listing, enquiry)",2026-10-06
enrich,allChalets,https://www.allchalets.com/holiday-rentals/39408-apartment-in-val-d-isere-france,allchalets-chalet-epicea,no-price-published,price 20-27 Mar 2027; range; reliable availability,"browse.mjs (listing, enquiry)",2026-10-06
enrich,allChalets,https://www.allchalets.com/holiday-rentals/62573-apartment-in-val-d-isere-france,allchalets-chalet-felice,no-price-published,price 20-27 Mar 2027; range; reliable availability,"browse.mjs (listing, enquiry)",2026-10-06
enrich,allChalets,https://www.allchalets.com/holiday-rentals/63129-apartment-in-val-d-isere-france,allchalets-chalet-foret-iv,no-price-published,price 20-27 Mar 2027; range; reliable availability,"browse.mjs (listing, enquiry)",2026-10-06
enrich,allChalets,https://www.allchalets.com/holiday-rentals/24628-apartment-in-val-d-isere-france,allchalets-chalet-gentianes-iv,no-price-published,price 20-27 Mar 2027; range; reliable availability,"browse.mjs (listing, enquiry)",2026-10-06
enrich,allChalets,https://www.allchalets.com/holiday-rentals/35870-chalet-in-les-menuires-france,allchalets-chalet-ice,no-price-published,price 20-27 Mar 2027; range; reliable availability,"browse.mjs (listing, enquiry)",2026-10-06
enrich,allChalets,https://www.allchalets.com/holiday-rentals/36006-chalet-in-les-coches-france,allchalets-chalet-jardin-aplin-36006,no-price-published,price 20-27 Mar 2027; range; reliable availability,"browse.mjs (listing, enquiry)",2026-10-06
enrich,allChalets,https://www.allchalets.com/holiday-rentals/25617-apartment-in-les-menuires-france,allchalets-chalet-les-cimes-iv,no-price-published,price 20-27 Mar 2027; range; reliable availability,"browse.mjs (listing, enquiry)",2026-10-06
enrich,allChalets,https://www.allchalets.com/holiday-rentals/31145-apartment-in-les-menuires-france,allchalets-chalet-lille,no-price-published,price 20-27 Mar 2027; range; reliable availability,"browse.mjs (listing, enquiry)",2026-10-06
enrich,allChalets,https://www.allchalets.com/holiday-rentals/25754-apartment-in-les-menuires-france,allchalets-chalet-lou-25754,no-price-published,price 20-27 Mar 2027; range; reliable availability,"browse.mjs (listing, enquiry)",2026-10-06
enrich,allChalets,https://www.allchalets.com/holiday-rentals/62075-chalet-in-les-menuires-france,allchalets-chalet-louis,no-price-published,price 20-27 Mar 2027; range; reliable availability,"browse.mjs (listing, enquiry)",2026-10-06
enrich,allChalets,https://www.allchalets.com/holiday-rentals/25307-chalet-in-les-menuires-france,allchalets-chalet-louise,no-price-published,price 20-27 Mar 2027; range; reliable availability,"browse.mjs (listing, enquiry)",2026-10-06
enrich,allChalets,https://www.allchalets.com/holiday-rentals/27279-chalet-in-les-menuires-france,allchalets-chalet-marmottes-iii,no-price-published,price 20-27 Mar 2027; range; reliable availability,"browse.mjs (listing, enquiry)",2026-10-06
enrich,allChalets,https://www.allchalets.com/holiday-rentals/41947-apartment-in-les-menuires-france,allchalets-chalet-reberty-iv,no-price-published,price 20-27 Mar 2027; range; reliable availability,"browse.mjs (listing, enquiry)",2026-10-06
enrich,Leman Mountains Explore,https://www.leman-mountains-explore.com/offres/alpresort-portes-du-soleil-france-comfort-residences-de-vacances-la-chapelle-dabondance-fr-4793513/,leman-alpresort-portes-du-soleil-france-comfort-residences-de-vacances,no-price-published,unit bedrooms; price & availability 20-27 Mar 2027 (book via francecomfort.com),browse.mjs,2026-10-06
enrich2,Crystal Ski,https://www.crystalski.co.uk/ski-resorts/italy-ski-holidays/cervinia/hotel-cervino/,crystal-hotel-cervino,blocked-403,Crystal package price/board; sleeps_max (hotel); identity vs VRetreats Cervino not confirmed,browse.mjs (not retried; known Akamai block); Booking.com used instead,2026-10-06
enrich2,Crystal Ski / Booking.com,https://www.booking.com/hotel/it/edelweiss.en-gb.html?checkin=2027-03-20&checkout=2027-03-27,crystal-hotel-edelweiss,no-price-published,20 Mar price/availability (Booking.com shows no availability); board; Crystal package price,browse.mjs,2026-10-06
pilot-les-coches,Alpine365,https://alpine365.co.uk/prices/,,js-widget,none in the end - price table is JS (ninja-tables) but its AJAX JSON endpoint is readable; Sunday changeover so no exact Sat 20 Mar week,browse.mjs,2026-10-05
pilot-les-coches,Ice and Fire,https://www.ice-fire.co.uk/,,blocked-403,none - curl/WebFetch get 403; headless browser works,webfetch;browse.mjs,2026-10-05
pilot-les-coches,SkiAffinity,https://www.skiaffinity.com/chalet-jessica-paradiski,skiaffinity-chalet-jessica,js-widget,none in the end (Feb-Apr prices behind ASP.NET postback month selector); meal plan not published,webfetch;navigate-script,2026-10-05
pilot-les-coches,Ski La Source,https://www.ski-lasource.com/book,,js-widget,"booked weeks show no price, so season price range is thin; optional catering price not published",webfetch;browse.mjs;navigate-script,2026-10-05
pilot-les-coches,WebSearch,,,other,"WebSearch session budget exhausted (200/200, shared with other collectors) - all discovery done by direct site navigation",search,2026-10-05
pilot-les-coches,Peak Retreats,https://www.peakretreats.co.uk/winter/ski-resorts/paradiski/les-coches,,other,"no chalets in Les Coches/Montchavin (only an apartment residence, Les Chalets de Wengen); not written as a row",webfetch,2026-10-05
pilot-les-coches,ChaletFinder,https://www.chaletfinder.co.uk/property/35365,lollilavie-chalet-montorlin,other,photos (none on listing); meaning of availability code,browse.mjs;navigate-script,2026-10-05
pilot-les-coches,Sno,https://www.sno.co.uk/ski-chalets/montchavin-les-coches-chalets/,,other,no Les Coches/Montchavin chalets listed (No matches found),webfetch;browse.mjs,2026-10-05
pilot-les-coches,Ski Line,https://www.skiline.co.uk/ski-holidays/france/la-plagne/chalet-la-vieille-maison,,other,village of Wens Chalets La Vieille Maison not stated (could be any La Plagne village); not added,webfetch;navigate-script,2026-10-05
pilot-tignes-brevieres,Chalet Chardons,https://www.chaletchardons.com/winter-2026-27-pricing-and-availability/,,js-widget,none - calendar data fetched directly from chaletmanager.com JSONP endpoint,webfetch; browse.mjs; direct JSONP,2026-10-05
pilot-tignes-brevieres,Chalet Chardons,https://www.chaletchardons.com/ski-chalet-france/chalet-hattiers-long-stay-room/,chardons-chalet-hattiers-long-stay-room,no-price-published,price; 4-week minimum stay,webfetch,2026-10-05
pilot-tignes-brevieres,Inghams,https://www.inghams.co.uk/ski-holidays/ski-resorts/france/tignes-val-disere-ski-area/tignes/chalet-la-bergerie-les-brevieres,inghams-chalet-la-bergerie,js-widget,exact week price on operator site (used Alpine Answers table),browse.mjs,2026-10-05
pilot-tignes-brevieres,Alpine Answers,https://www.alpineanswers.co.uk/ski-chalets-tignes-les-brevieres/france,,js-widget,listing only renders with JS (solved with browse.mjs),webfetch; browse.mjs,2026-10-05
pilot-tignes-brevieres,WebSearch,,,other,"operator identification for allChalets-only listings (Refuge, Belvédère complex chalets, St Bernard, Lo Soli)",search,2026-10-05
pilot-tignes-brevieres,Skiworld,https://www.skiworld.co.uk/ski-holidays/france/tignes/ski-chalet-sachette,skiworld-chalet-sachette,js-widget,March prices behind month tabs (solved with navigate script),browse.mjs; navigate-script,2026-10-05
pilot-tignes-brevieres,allChalets,https://www.allchalets.com/holiday-rentals/11148-chalet-in-tignes-les-brevieres-france,allchalets-chalet-lo-soli,no-price-published,all prices; operator name; 20 Mar availability,webfetch; search,2026-10-05
pilot-tignes-brevieres,allChalets,https://www.allchalets.com/holiday-rentals/24054-chalet-in-tignes-les-brevieres-france,allchalets-chalet-sundance,no-price-published,all prices; operator name; 20 Mar availability,webfetch; search,2026-10-05
pilot-tignes-brevieres,allChalets,https://www.allchalets.com/holiday-rentals/25745-chalet-in-tignes-les-brevieres-france,allchalets-chalet-belvedere-vi,no-price-published,all prices; operator name; 20 Mar availability,webfetch; search,2026-10-05
pilot-tignes-brevieres,allChalets,https://www.allchalets.com/holiday-rentals/28817-chalet-in-tignes-les-brevieres-france,allchalets-chalet-aspen,no-price-published,all prices; operator name; 20 Mar availability,webfetch; search,2026-10-05
pilot-tignes-brevieres,allChalets,https://www.allchalets.com/holiday-rentals/39318-chalet-in-tignes-les-brevieres-france,allchalets-chalet-les-brevieres,no-price-published,all prices; operator name; 20 Mar availability,webfetch; search,2026-10-05
pilot-tignes-brevieres,allChalets,https://www.allchalets.com/holiday-rentals/40318-apartment-in-tignes-les-brevieres-france,allchalets-chalet-eagle,no-price-published,all prices; operator name; 20 Mar availability,webfetch; search,2026-10-05
pilot-tignes-brevieres,allChalets,https://www.allchalets.com/holiday-rentals/41917-chalet-in-tignes-les-brevieres-france,allchalets-chalet-tignes-v,no-price-published,all prices; operator name; 20 Mar availability,webfetch; search,2026-10-05
pilot-tignes-brevieres,allChalets,https://www.allchalets.com/holiday-rentals/41992-chalet-in-tignes-les-brevieres-france,allchalets-chalet-st-bernard,no-price-published,all prices; operator name; 20 Mar availability,webfetch; search,2026-10-05
pilot-tignes-brevieres,allChalets,https://www.allchalets.com/holiday-rentals/62849-chalet-in-tignes-les-brevieres-france,allchalets-chalet-les-brevieres-vi,no-price-published,all prices; operator name; 20 Mar availability,webfetch; search,2026-10-05
pilot-tignes-brevieres,allChalets,https://www.allchalets.com/holiday-rentals/28065-chalet-in-tignes-les-boisses-france,allchalets-le-chalet-des-boisses,no-price-published,all prices; operator name; 20 Mar availability,webfetch; search,2026-10-05
pilot-tignes-brevieres,allChalets,https://www.allchalets.com/holiday-rentals/23634-hotel-in-tignes-les-boisses-france,allchalets-chalet-hotel-le-dome,no-price-published,all prices; operator name; 20 Mar availability,webfetch; search,2026-10-05
pilot-tignes-brevieres,allChalets,https://www.allchalets.com/holiday-rentals/23957-apartment-in-tignes-les-boisses-france,allchalets-chalet-des-neiges-v,no-price-published,all prices; operator name; 20 Mar availability,webfetch; search,2026-10-05
pilot-tignes-brevieres,allChalets,https://www.allchalets.com/holiday-rentals/28965-apartment-in-tignes-les-boisses-france,allchalets-chalet-des-neiges-iii,no-price-published,all prices; operator name; 20 Mar availability,webfetch; search,2026-10-05
pilot-tignes-brevieres,allChalets,https://www.allchalets.com/holiday-rentals/28972-apartment-in-tignes-les-boisses-france,allchalets-chalet-des-neiges-iv,no-price-published,all prices; operator name; 20 Mar availability,webfetch; search,2026-10-05
pilot-tignes-brevieres,allChalets,https://www.allchalets.com/holiday-rentals/28021-apartment-in-tignes-les-brevieres-france,allchalets-chalet-refuge,other,operator name; catered price; availability,webfetch,2026-10-05
pilot-tignes-brevieres,Tignes Réservation,,tignesreservation-chalet-ubud,no-price-published,prices; board; 20 Mar availability,webfetch; browse.mjs,2026-10-05
pilot-tignes-brevieres,Tignes Réservation,,tignesreservation-chalet-babylon,no-price-published,prices; board; 20 Mar availability,webfetch; browse.mjs,2026-10-05
pilot-tignes-brevieres,Tignes Réservation,,tignesreservation-chalet-banksy-tribute,no-price-published,prices; board; 20 Mar availability,webfetch; browse.mjs,2026-10-05
pilot-tignes-brevieres,Tignes Réservation,,tignesreservation-chalet-charlie,no-price-published,prices; board; 20 Mar availability,webfetch; browse.mjs,2026-10-05
pilot-tignes-brevieres,Tignes Réservation,,tignesreservation-chalet-quezac,no-price-published,prices; board; 20 Mar availability,webfetch; browse.mjs,2026-10-05
pilot-tignes-brevieres,Tignes Réservation,,tignesreservation-chalet-raven,no-price-published,prices; board; 20 Mar availability,webfetch; browse.mjs,2026-10-05
pilot-tignes-brevieres,Tignes Réservation,,tignesreservation-chalet-rock-n-love,no-price-published,prices; board; 20 Mar availability,webfetch; browse.mjs,2026-10-05
pilot-tignes-brevieres,Tignes Réservation,,tignesreservation-chalet-tango,no-price-published,prices; board; 20 Mar availability,webfetch; browse.mjs,2026-10-05
pilot-tignes-brevieres,Tignes Réservation,,tignesreservation-chalet-colettine,no-price-published,prices; board; 20 Mar availability,webfetch; browse.mjs,2026-10-05
pilot-tignes-brevieres,Tignes Réservation,https://booking.tignes.net/chalets-individuels-tignes.html,,js-widget,week prices only in JS calendar (solved: browse.mjs per detail page); list sort is random by default (use ordre_type=alphabetique + session cookie),webfetch; browse.mjs,2026-10-05
pilot-tignes-brevieres,Tignes Spirit,https://www.tignes-spirit.com/flats/details/101,tignesspirit-chalet-ranjarde,other,current prices; operator; stale listing (2014/15 text),webfetch,2026-10-05
pilot-tignes-brevieres,White Horizon Chalets,https://www.whitehorizonchalets.co.uk/accommodation/chalet-le-vallon/,whitehorizon-chalet-le-vallon,no-price-published,2026/27 prices (page shows 2022/23 only),webfetch,2026-10-05
pilot-tignes-brevieres,See Tignes,https://www.seetignes.com/chalets/les-melezes-chalet-les-brevieres-674590,seetignes-chalet-les-melezes,no-detail-page,everything except name,webfetch; browse.mjs,2026-10-05
pilot-tignes-brevieres,Alpine Elements,https://www.alpineelements.co.uk/ski-holidays/france/tignes/hotel-tetras-lodge,alpineelements-hotel-tetras-lodge,js-widget,price for 20 Mar week (booking widget not driven),browse.mjs,2026-10-05
pilot-tignes-brevieres,ChaletFinder,https://www.chaletfinder.co.uk/search?location=Tignes%20Les%20Brevieres,,other,village filter returns 0 results; had to search whole of Tignes,browse.mjs,2026-10-05
pilot-tignes-brevieres,Heidi,https://www.heidi.com/ski/france/tignes,,blocked-403,"detail pages: HTTP 429 to curl, browser render shows shell only (no content) - capacity/board/prices missing for MMV hotel, Les Mélèzes",webfetch; browse.mjs,2026-10-05
site-ski-line,Ski Line,https://www.skiline.co.uk/ski-holidays/france/les-menuires/chalet-le-corbeau-family,sno-chalet-le-corbeau,scraper-mismatch,"bedrooms: skiline.py bedroom regex matched ""the two bedrooms"" inside a suite description -> 2 (actual 6); same on Aigrette. Fixed in corrections.csv",browse.mjs,2026-10-06
site-ski-line,Ski Line,https://www.skiline.co.uk/ski-holidays/france/les-menuires/hameau-de-la-sapiniere,crystal-hameau-de-la-sapiniere-apartments,scraper-mismatch,"hot_tub: Ski Line facility flag on residences = shared wellness spa, scraper writes yes-type-unknown; should be shared for apartment/hotel rows. Fixed Sapiniere + Coeur des Loges x3 in corrections.csv",browse.mjs,2026-10-06
site-ski-line,Ski Line,https://www.skiline.co.uk/ski-holidays/france/val-thorens/chalet-loup-blanc,ski-beat-chalet-loup-blanc,scraper-mismatch,"hot_tub: skiline.py writes private-indoor/outdoor for chalet-apartments whose jacuzzi is a shared residence facility (Chalet des Neiges x4, Hermine/Bonhomme); 5 of 5 checked wrong in Val Thorens. Also ignores Ski Line ""Bedrooms: N"" line. Fixed in corrections.csv",browse.mjs,2026-10-06
site-ski-line,Ski Line,https://www.skiline.co.uk/ski-holidays/france/val-disere/chalet-la-face,sno-chalet-la-face,scraper-mismatch,"hot_tub: Le Ski Cacholet chalets (La Face, La Saulire, Roc Merlet, Bellevarde, Grande Casse) share two courtyard hot tubs; scraper says private-outdoor. Also Chalet Catherine (Tignes), Katie 2 (Reberty). Corrected in corrections.csv",curl page text check,2026-10-06
site-ski-line,Ski Line,https://www.skiline.co.uk/ski-holidays/france/val-disere/chalet-cristal-4,ski-beat-chalet-cristal-4,scraper-mismatch,"hot_tub private-outdoor from API flag only, page has no hot tub mention (Cristal 2-5 set yes-type-unknown); Loft 1 Aspen House jacuzzi is building spa (shared)",browse.mjs + curl,2026-10-06
site-sno,Sno,https://www.sno.co.uk/ski-chalets/espace-killy-chalets/,,other,operator name (Sno does not name the operator for any listing; rows use operator=unknown (sold via Sno)),webfetch,2026-10-05
site-sno,Sno,https://www.sno.co.uk/Accom/Search,,other,per-person price for 8-10 sharing on many catered chalets: Sno only accepts 1-2 sharing for per-bed-sold chalets (price recorded at 2 sharing); some 2-sharing calendars show erratic whole-chalet-like prices (ranges omitted there),webfetch,2026-10-05
site-sno,Sno,https://www.sno.co.uk/ski-chalets/alpe-d-huez-chalets/,,other,"20 Mar 2027 price/availability for 12 Alpe d Huez chalets (Chalets du Lac x5, Pere Josef 1+2, Woodpecker, Nightingale, Chalet 1860, Bouquetin, Loup, Torino): Sno calendar omits the 20 Mar departure for every airport tried while showing 13 and 27 Mar",webfetch,2026-10-06
site-sno,Sno,https://www.sno.co.uk/ski-chalets/paradiski-chalets/,,other,"village for sno-chalet-la-vieille-maison and sno-chalet-nicole (La Plagne, village not stated); bedrooms for Graciosa/Bear Resort suites (not listed)",webfetch,2026-10-06
site-sno,Sno,https://www.sno.co.uk/ski-chalets/meribel-chalets/,,other,bedrooms for most Méribel/La Tania self-catered agency chalets (rooms not listed); hot tub/sauna for residence-based Val Thorens chalets is shared wellness (noted); village for Le Raffort/Nantgerel hamlets set to Les Allues,webfetch,2026-10-06
village-france-alpe-d-huez,allChalets (scraper allchalets.py),https://www.allchalets.com/search/location:alpe-d-huez,,scraper-mismatch,village field left HTML-escaped (Alpe d&#39;Huez) so match.py found 0 known; also every listing filed under Alpe d Huez although 13 are in Huez 1500/Vaujany/Oz (fixed by hand from listing text),scraper --ids + ingest --from-jsonl,2026-10-06
village-france-alpe-d-huez,Alpe d Huez official booking (msem/Valraiso),https://services.msem.tech/api/public/lodging/<merchant>/availabilities,,no-price-published,exact-week price/availability for all MAEVA-sourced units (~70): availability API returns no stays,api,2026-10-06
village-france-alpe-d-huez,Alpenglow,https://www.alpenglow.ski/alpe-d-huez,,other,site gone - domain expired,browse.mjs,2026-10-06
village-france-alpe-d-huez,Zenith Holidays / Altitude Holidays,https://altitudeholidays.co.uk/resorts/france/alpe-dhuez,,other,Altitude resort page lists no Alpe d Huez properties; zenithholidays.co.uk SSL error (defunct?),browse.mjs; curl,2026-10-06
village-france-alpe-d-huez,SeeAlpedHuez,https://www.seealpedhuez.com/chalets/,,other,board label on Alpe d Huez Rentals cards says Catered but OT pages are self-catered (Cimalpes etc.) - ignored,curl,2026-10-06
village-france-bourg-st-maurice,Les Arcs Réservation,https://www.lesarcs-reservation.com/location-appartements-et-studios-aux-arcs,,js-widget,"full Bourg-St-Maurice apartment/hotel list (filter village-10 via /ajax/search/update, POST params not worked out); exact 20 Mar prices",navigate-script,2026-10-06
village-france-bourg-st-maurice,local operators,sites/sites.csv,,other,no Bourg-specific operators in sites.csv; DuckDuckGo blocked (anomaly page) so no discovery search,search,2026-10-06
village-france-briançon,Pinewood Chalets,https://www.pinewoodchalets.com,,timeout,whether any Pinewood chalet is in Briançon,webfetch,2026-10-06
village-france-briançon,Snowed Inn Chalets,https://www.snowedinnchalets.com/pricing-and-availability,,no-price-published,exact 20 Mar price + availability (enquiry only); only From £ per chalet,webfetch,2026-10-06
village-france-combloux,Combloux Réservation,https://reservation.combloux.com/product?lang=fr_FR&s_pid=13186,,other,exact capacity/bedrooms not on product pages (capacity from guest filter); 7 of 115 units not collected (SERP pagination shuffles); descriptions only fetched for units sleeping 6+,webfetch,2026-10-06
village-france-combloux,Le Chalet Club,https://www.lechalet.club/landing/location-chalet-combloux,,no-price-published,prices and availability for 7 chalets,webfetch,2026-10-06
village-france-courchevel-1650-moriond,Les 3 Vallées Réservation (les3vallees.py),https://reservation.les3vallees.com/en/product-30467-chasseforet-chalet-7-rooms-12-persons,,scraper-mismatch,village written as plain Courchevel (fixed to Courchevel 1650 (Moriond)); Chasseforet hot_tub private-outdoor but text only says relaxation area with jacuzzi (fixed to location not stated). Hellebore 223 OK,browse.mjs spot-check,2026-10-06
village-france-la-chapelle-d-abondance,Leman Mountains Explore,https://www.leman-mountains-explore.com/decouvrir/nos-villages/chapelle-d-abondance/ou-dormir-a-chapelle-abondance/,,no-price-published,20 Mar price/availability for ~80 private meublés (contact owner); photos,webfetch,2026-10-06
village-france-la-chapelle-d-abondance,DuckDuckGo,https://html.duckduckgo.com/html/,,captcha,search for UK/local catered operators in La Chapelle d Abondance,search,2026-10-06
village-france-la-daille,allChalets,tools/scrapers/allchalets.py,,other,scraper-mismatch: board=catered-or-self for self-catered apartments; studio sleeps_max blank though Sleeps 4; village HTML-escaped (Val d&#39;Isere); save_images needs separate args,navigate-script,2026-10-06
village-france-la-daille,YSE,https://www.yseski.co.uk/sitemap.xml,,other,429 rate limit; YSE La Daille list not checked directly,webfetch,2026-10-06
village-france-la-daille,Val d Isère Réservation,https://booking.valdisere.com/search?mid=3&sans_dates=1,,js-widget,"official booking list for La Daille (Ingenie platform; needs ingenie.py config: host booking.valdisere.com, cid=3, quarter code unknown)",webfetch; browse.mjs,2026-10-06
village-france-le-fornet,allChalets,https://www.allchalets.com/holiday-rentals/48354-chalet-in-val-d-isere-france,sno-chalet-les-sources-de-l-isere,other,scraper-mismatch: hot_tub=shared but listing says hot tub on terrace (private-outdoor); sleeps 7 from garbled header (desc says 14) - fixed in jsonl before ingest; 3 more checked OK,browse.mjs,2026-10-06
village-france-les-2-alpes,allChalets,https://www.allchalets.com/search/location:les-deux-alpes,,scraper-mismatch,"allchalets.py writes village ""Les Deux Alpes"" (resorts_raw: ""Les 2 Alpes""), so match.py missed 3 Sno chalets (Anemones/Gorges/Rouses) + 39833=Chamois Volant; fixed by hand in task file. Spot-checks 39833 & 36067 otherwise OK",curl spot-check,2026-10-06
village-france-les-2-alpes,Les 2 Alpes Réservation,https://booking.les2alpes.com/les-2-alpes-chalet-rental.html,,scraper-mismatch,"ingenie.py run via scratch config (site not in SITES): page-wide SEO paragraphs (""After an intense day ... unwind in the jacuzzi"", ""our spa chalets feature ... a jacuzzi and sauna"") made 74 of 128 units hot_tub=private; re-checked by hand (body text before SEO block): 64 none, 9 unknown (spa-chalet tag), 1 real. Needs site entry + boilerplate strip in ingenie.py",curl recheck of all 74,2026-10-06
village-france-les-2-alpes,Les 2 Alpes Réservation,https://booking.les2alpes.com/apartments-les-2-alpes.html,,other,~810 apartments + residences not collected (time box); exact 20 Mar prices for all 128 chalets (dated search 0 results with cid=2; weekly planning widget) - pass2; bedrooms blank,ingenie runner,2026-10-06
village-france-les-menuires-les-bruyères,Les Menuires Réservation (tourist office),https://fr.locationlesmenuires.com/appartement-chalet-residence/les-bruyeres/7-pieces-chalet-vithos-mnchvithos.html,lesmenuires-chalet-vithos-mnchvithos;lesmenuires-chalet-gabrielle-mnchgabrielle;lesmenuires-chalet-delphine-mnchdelphine,no-price-published,price for 21-28 / 20-27 Mar (planning says Nous contacter / Disponible without figure); whether catering included; operator own site,navigate-script,2026-10-06
village-france-les-menuires-les-bruyères,Les Menuires Réservation (tourist office),https://fr.locationlesmenuires.com/appartement-chalet-residence/les-bruyeres/,,other,"availability/prices for Le Chalet de la Dame Blanche (12 units), Pierre & Vacances Aconit/Valmonts, Barnes Ferret/Gironimo: 'prestation pas réservable actuellement'",navigate-script,2026-10-06
village-france-les-menuires-les-bruyères,Mountain Collection,https://www.mountaincollection.com/fr/location/les-bruyeres?pax=8&date_in=2027-03-20&date_out=2027-03-27,,other,unit refs on cards (could not map 12 apartments to tourist-office refs for listed_on/price comparison),browse.mjs / navigate-script,2026-10-06
village-france-les-menuires-les-bruyères,resort guide sites / ChaletFinder / Chalets Direct,,,other,not searched - no Les Menuires guide site known without WebSearch; step 5 skipped,,2026-10-06
village-france-les-menuires-reberty-2000,Les Menuires Réservation,https://fr.locationlesmenuires.com/appartement-chalet-residence/reberty-2000/,,js-widget,20 Mar availability/price for ~36 small (3-7 pers) units not returned by dated search (pass2); ranges need rendered planning,webfetch; browse.mjs,2026-10-06
village-france-les-menuires-reberty-2000,Les Menuires Réservation,https://fr.locationlesmenuires.com/appartement-chalet-residence/reberty-2000/5-pieces-10-pers-skis-aux-pieds-les-alpages-de-reberty-pierre-et-vacances-alp5p10stan.html,lesmenuires-les-alpages-de-reberty-alp5p10stan,no-price-published,"price/availability for P&V Alpages de Reberty, CGH Chalets du Soleil and Tetras Lyre TE0007 (not bookable on tourist site)",browse.mjs,2026-10-06
village-france-les-menuires-reberty-2000,Ski Famille,https://skifamille.co.uk/chalets/chalet-bramble/,,js-widget,20 Mar price/availability (booking flow only),webfetch,2026-10-06
village-france-les-menuires,Neilson,https://www.neilson.co.uk/holiday_search/nsearch?depDate=2027-03-21&duration=7&holidayType=NMS1&rooms=2&room1Ad=4&room2Ad=4&dep=LGW&resort=XB1,neilson-hotel-le-menuire-spa,other,group price for 8 adults (search for 2 rooms x4 returned no result); price only for 2 adults,browse.mjs,2026-10-05
village-france-les-menuires,allChalets,https://www.allchalets.com/search/location:les-menuires,,other,"operator names (advertisers not named on 17 Les Menuires listings); rates missing for 24443, 35829, 27273, 28430",webfetch / navigate-script,2026-10-05
village-france-les-menuires,allChalets,https://www.allchalets.com/holiday-rentals/62092-chalet-in-les-menuires-france,allchalets-antony;allchalets-cleopatra;allchalets-antony-cleopatra,other,20/21 Mar availability: calendar booked from 21 Mar but rate row 21-28 Mar still listed,webfetch,2026-10-05
village-france-les-menuires,Les 3 Vallées Réservation (official),https://reservation.les3vallees.com/en/serp?s_c.ACCOMMODATION=apartment&s_c.Station=les_menuires&s_c.PAX=8,,other,"SERP reported 36 apartments for 8+, only 28 product links captured from pages 1-2; date filter not applied via URL (used per-product departure list instead)",browse.mjs / navigate-script,2026-10-05
village-france-les-menuires,Les Menuires Réservation (tourist office),https://fr.locationlesmenuires.com/appartements-residences-chalets.html,,other,"units for 8+ NOT available 20-27 Mar not enumerated (1,202 units total; only the 47 returned by dated 8-adult search collected); catered options none",webfetch,2026-10-05
village-france-les-menuires,resort guide sites / ChaletFinder / Chalets Direct,,,other,not searched (no Les Menuires guide site found without WebSearch; step 5 skipped),,2026-10-05
village-france-montriond,allChalets,https://www.allchalets.com/search/location:morzine,,other,Montriond listings hidden inside Morzine search (242); not scanned,webfetch,2026-10-06
village-france-montriond,Morzine operators,sites/sites.csv,,other,"other Morzine operators (Hunter, Treeline, Mountain Xtra, Simply Morzine, Chilly Powder etc.) not checked for Montriond chalets (time box); no Montriond-specific OT site (montriond.com parked)",webfetch,2026-10-06
village-france-st-gervais-les-bains,allChalets scraper,tools/scrapers/allchalets.py,,scraper-mismatch,"other_facilities ""swimming pool"" false positive from ""outdoor/public swimming pool N km"" (Interhome texts); village always ""St Gervais""; name ""Chalet Details"" for unnamed Cimalpes-feed listings; changeover_day lists every weekday",webfetch,2026-10-06
village-france-st-gervais-les-bains,Saint-Gervais tourist office (MSEM),https://services.msem.tech/api/lodging/resort/569/offers,,other,availability for 30 lodgings not returned by offers API (booked or offline-only) - recorded unknown,webfetch,2026-10-06
village-france-st-jean-d-arves,allChalets,https://www.allchalets.com/holiday-rentals/59779-apartment-in-saint-jean-d-arves-france,allchalets-apartment-59779,scraper-mismatch,hot_tub yes-type-unknown should be shared (residence Domaine du Trappeur jacuzzi); also allChalets location saint-jean-d-arves mostly holds St-Sorlin-d-Arves listings and ski_area blank - fixed in corrections.csv,curl,2026-10-06
village-france-st-jean-d-arves,sja73.com,"https://reservation.sja73.com/z12907_fr-.aspx?_wos=v2,m,8287",,js-widget,20 Mar price/availability for all 59 sja73 units (Open System booking engine),browse.mjs,2026-10-06
village-france-st-nicolas-de-véroce,allChalets,https://www.allchalets.com/holiday-rentals/33598-chalet-in-st-gervais-france,allchalets-33598,no-price-published,price for 20 Mar week; availability,webfetch,2026-10-06
village-france-st-nicolas-de-véroce,Hôtel Armancette (MSEM),https://services.msem.tech/api/lodging/accomodation/hotel-armancette/contiguous-offers,almae-armancette-chalet-aster,other,per-chalet availability 20-27 Mar (hotel offers not per room via API); Aster/Carline/Silène,webfetch,2026-10-06
village-france-st-nicolas-de-véroce,Almae Collection,https://almae-collection.com/residences/ancolie/,almae-chalet-ancolie,no-price-published,"price, availability",webfetch,2026-10-06
village-france-st-nicolas-de-véroce,Locations Meublées St-Nicolas,https://locations-saint-nicolas.com/locations_liste.php,,no-price-published,"exact 20 Mar week price for most of 61 listings (only year-round range); hot tub ambiguous where ""Jacuzzi / Sauna"" box ticked (Joly Chalet, Foyer Célestin, Le Dome)",webfetch,2026-10-06
village-france-tignes-1800,Tignes Réservation (booking.tignes.net),https://booking.tignes.net/6-bedroom-13-people-chalet-merveilles-tignes-1800-avp001.html,,other,scraper-mismatch: ingenie.py maps combined picto Sauna/Jacuzzi/Steam room (IEQUIP-ISPAS) to a hot tub -> residence apartments got yes-type-unknown and chalets Merveilles/Monts got private; actual = residence shared spa / chalet with pool+sauna+steam. Also Altaviva spa has bains a remous (shared) but scraper said none. Fixed via appended rows; 5 checked,browse.mjs; webfetch,2026-10-06
village-france-tignes-le-lac,Tignes Réservation (ingenie.py),https://booking.tignes.net/chalet-5-bedrooms-10-people-annapurna-1-tignes-le-lac-les-almes-annapurna1.html,,scraper-mismatch,board=catered set from a-la-carte extras (private chef at extra cost) -> corrected to self-catered (Annapurna 1+2); residence Denali collective jacuzzi tagged yes-type-unknown -> shared. Checked Tajj too: OK,browse.mjs spot-check,2026-10-06
village-france-tignes-val-claret,allChalets,https://www.allchalets.com/holiday-rentals/28548-studio-in-tignes-val-claret-france,allchalets-studio-28548,scraper-mismatch,allchalets.py: Sunday-changeover listing (21-28 Mar EUR 637 in rate table) got blank price + blank changeover_day; also emits property_type=studio (not a schema value),curl spot-check,2026-10-06
village-france-tignes-val-claret,Tignes Réservation,https://booking.tignes.net,,other,"detail (bedrooms/facilities/photos) for 601 Val Claret apartments - ingenie.py fetches detail for every unit before applying --type, so a 611-unit village takes ~35 min; ran listing-level only (pass2 notes). Also dated 20-27 Mar search returned only 2 bookable units",ingest.py ingenie,2026-10-06
village-france-torgon,torgon.ch,https://www.torgon.ch/appartement-chalet-torgon-sejour.html,,no-price-published,20 Mar availability/prices for all 22 private rentals (contact form only); photos (gallery JS),webfetch,2026-10-06
village-france-val-d-illiez,Région Dents du Midi (openbooking),https://api.openbooking.ch/whitelabel/list,,js-widget,exact 20 Mar week price (dated price param not found; availability from /availabilities); Mountain and River units and 1 studio have no price,navigate-script,2026-10-06
village-france-val-d-isère,Val d Isère Réservation (ingenie.py valdisere),https://booking.valdisere.com/5-rooms-4-bedrooms-la-tapia.html,,scraper-mismatch,minor: Apartment in a Chalet/House typed as property_type=chalet; rate-plan variants (nuitees/ete/semaine) of the same Jardin Alpin units written as separate rows. Spot-check of La Tapia (hot tub) and Persval: sleeps/hot tub/price OK,browse.mjs spot-check,2026-10-06
village-italy-arabba,Arabba Fodom Turismo (arabba.it),https://www.arabba.it/en/accomodations-arabba-dolomites/25-0.html,,js-widget,20 Mar 2027 availability/price and capacity for 76 properties (cards give unexplained from-prices only),webfetch;search,2026-10-06
village-italy-arabba,Alpine Answers,https://www.alpineanswers.co.uk/ski-hotels-arabba/italy,,no-price-published,prices for Sporthotel Arabba and Hotel Evaldo (enquire only),webfetch,2026-10-06
village-italy-arabba,allChalets,https://www.allchalets.com/search/location:arabba,,other,0 listings for Arabba,browse.mjs,2026-10-06
village-italy-breuil-cervinia,Crystal Ski,https://www.crystalski.co.uk/ski-resorts/italy-ski-holidays/cervinia/hotel-edelweiss/,,blocked-403,all hotel details and prices for 12 Cervinia hotels (names only from resort page),navigate-script,2026-10-05
village-italy-breuil-cervinia,Cervinia official booking (Vertical Booking DMS),https://reservations-dms.verticalbooking.com/risultati_portale.htm?aff_id=63&aff_code=website55,,captcha,official tourist-office accommodation search with 20-27 Mar 2027 prices/availability,browse.mjs,2026-10-05
village-italy-breuil-cervinia,Casa Camos (cerviniacasavacanze.com),https://www.cerviniacasavacanze.com/appartamento-2.php,cerviniacasavacanze-casa-camos,blocked-403,"per-apartment details, prices, images (IIS HTTP 999 bot block to curl/urllib)",webfetch;browse.mjs,2026-10-05
