name,url,category,tiers,area,catered,hot_tubs,price_level,notes,access_notes,added,site_checked,chalets_found,status
Sno,https://www.sno.co.uk,broad,1-4,FR/AT/CH/IT,yes,yes,budget-luxury,"Comparison + agent; filters group size, budget, facilities incl. hot tub; flight-inclusive prices; last-minute pages. Best single filterable site.",,pass 1,,,
allChalets,https://www.allchalets.com,broad,1-3,FR/AT/CH/IT,yes,yes,all,"8,000+ properties (owners, independents, big operators); catered + jacuzzi filters; has Brévières & Les Coches pages; TTA protected.",,pass 1,,,
Ski Line,https://www.skiline.co.uk,broad,1-2,FR/AT/CH/IT,yes,partial,budget-luxury,"Agent comparing 200+ operators, 500+ catered chalets; daily late deals (/ski-deals/last-minute); ATOL.",,pass 1,,,
Iglu Ski,https://www.igluski.com,broad,1-2,FR/AT/CH/IT,yes,partial,budget-luxury,"Agent for 50-60+ operators (Crystal, Inghams, Mark Warner, Skiworld); per-resort chalet pages + deals.",,pass 1,,,
ChaletFinder,https://www.chaletfinder.co.uk,broad,1-3,FR/AT/CH/IT,yes,yes,budget-mid,"Listings portal, 20+ yrs, ~400-1,400 properties from 500+ operators; Paradiski section; book direct with owner.",,pass 1,,,
Alpine Answers,https://www.alpineanswers.co.uk,broad,1-2,FR/AT/CH/IT,yes,yes,mid-luxury,Agent/operator; hot-tub chalet page (/ski-chalets/hot-tub) and operator directory (/ski-chalet-tour-operators).,,pass 1,,,
Ski Solutions,https://www.skisolutions.com,broad,1-2,FR/AT/CH/IT,yes,partial,mid-luxury,Tailor-made agent (Wilderness Group).,,pass 1,,,
Chaletline,https://chaletline.co.uk,broad,1-3,FR/CH,yes,partial,mid,"Catered + self-catered, e.g. Plagne 1800, Plan Peisey, Verbier, Zermatt.",,pass 1,,,
Chalets Direct,https://www.chaletsdirect.com,broad,1-3,FR/Alps+Pyrenees,yes,partial,mid-luxury,Independent chalet directory incl. Icebreaker's Chalet Castor and Club Alpine; dated static site.,,pass 1,,,
Ski Weekends,https://www.skiweekends.com,broad,1-2,FR,yes,partial,budget-mid,"Operator/agent; catered chalets, short breaks + full weeks; late chalet deals page.",,pass 1,,,
Group Accommodation,https://www.groupaccommodation.com,broad,1-3,FR/Alps,yes,partial,mid,Group property portal; e.g. catered chalets in Morzine.,,pass 1,,,
Powder Edition,https://www.powderedition.com,broad,1-3,FR/AT/CH/IT,yes,yes,luxury,"Curated broker; claims 2,000+ hot-tub properties; catered/self-catered/hot-tub filters; likely above budget.",,pass 1,,,
WeSki,https://www.weski.com,broad,1-4,FR/AT/CH/IT,yes,partial,budget-mid,Online package booker incl. catered chalets.,JS-heavy app,pass 1,,,
Travelski,https://www.uk.travelski.com,broad,2-4,FR,partial,partial,budget-mid,"French package booker; residences, chalets, club stays incl. La Plagne & Tignes; with flights.",,pass 1,,,
SnowTrex,https://www.snowtrex.co.uk,broad,3-4,FR/AT/CH/IT,no,partial,budget,German packager; apartments/chalets/hotels with lift pass; mostly self-catered; last-minute.,,pass 1,,,
Sunweb,https://www.sunweb.co.uk/ski,broad,2-4,FR/AT/IT,partial,partial,budget,"Dutch packager; 'affordable ski chalets', apartments, hotels; mostly self-catered/club.",,pass 1,,,
Ski Planet,https://www.ski-planet.com/en/,broad,3-4,FR,no,partial,budget,200 French resorts; apartments/chalets/hotels + passes + hire; almost all self-catered.,,pass 1,,,
Booking.com,https://www.booking.com,broad,2-4,all,rare,yes,all,Chalet hotels and apartments; hot tub filter; few truly catered chalets.,"Blocks bots, JS-heavy",pass 1,,,
Airbnb,https://www.airbnb.co.uk,broad,3,all,no,yes,all,Whole chalets; hot tub filter; arrange chef separately.,"JS-heavy, blocks scrapers, login to book",pass 1,,,
Vrbo,https://www.vrbo.com,broad,3,all,no,yes,all,Whole-chalet rentals (Expedia); self-catered.,JS-heavy,pass 1,,,
Holidu,https://www.holidu.co.uk,broad,3-4,FR/AT/CH/IT,no,yes,budget-mid,Holiday-rental metasearch.,,pass 1,,,
Interhome,https://www.interhome.co.uk,broad,3-4,FR/AT/CH/IT,no,partial,budget-mid,Rental agency; self-catered chalets/apartments.,,pass 1,,,
J2Ski,https://www.j2ski.com,broad,discovery,all,n/a,n/a,n/a,Directory/news; lists chalet agencies and accommodation finders. Not a booking engine — use to discover operators.,,pass 1,,,
SnowCarbon,https://snowcarbon.co.uk,broad,discovery,FR/AT/CH/IT,n/a,n/a,n/a,Ski-by-train advice; chalet recommendations on request; 2026/27 catered chalet blog.,,pass 1,,,
Icebreaker Chalets,https://icebreakerchalets.com,company,1,FR – Les Coches (Paradiski),yes,all chalets,budget-mid,"9 catered chalets sleeping 6-19 incl. new Lisière du Bois 26/27; every chalet private outdoor hot tub, 5 saunas; unlimited drinks. Booked here before.",Booking via icebreaker.mychaletbooking.com,pass 1,,,
White Horizon Chalets,https://www.whitehorizonchalets.co.uk,company,1,FR – Tignes Les Brévières (Espace Killy),yes,4 of 6,budget,"Since 2005; 26/27 prices published £408-675pp/wk catered; hot tubs at Neus, Ibex, Arabette, La Sache; live booking. Very strong fit.",,pass 1,,,
Chalet Chardons,https://www.chaletchardons.com,company,1-2,FR – Tignes Les Brévières (Espace Killy),yes,several,budget,"11 properties; catered from ~€500pp, ~€630pp in 40-bed chalet; 26/27 prices published. Strong fit.",,pass 1,,,
Alpine365,https://alpine365.co.uk,company,1,FR – Montchavin/Les Coches (Paradiski),yes,all chalets,mid,"5 catered chalets sleeping 9-14, all private outdoor hot tubs; says 60% sold for 26/27; autumn sale.",,pass 1,,,
Ice and Fire,https://www.ice-fire.co.uk,company,1,FR – Les Coches (Paradiski),yes,both,budget-mid,"2 chalets (Flocon, Edelweiss) sleeping 16, indoor hot tub + sauna; 26/27 not confirmed on site.",mychaletbooking,pass 1,,,
Ski Beat,https://www.skibeat.co.uk,company,1,"FR – La Rosière, La Plagne, Les Arcs, La Tania, Val d'Isère, Val Thorens",yes,standard,mid,~40 yrs; hot tubs standard in featured chalets; from ~£757pp incl. flights/transfers; new La Plagne & Tignes chalets 26/27. Strong fit.,,pass 1,,,
Alpine Elements,https://www.alpineelements.co.uk,company,1-2,"FR – Tignes, La Plagne, Méribel, Morzine",yes,many,budget-mid,Tignes from £399pp; catered chalets sleeping 8-25 with hot tubs; also hotels. Strong fit.,,pass 1,,,
Club Alpine,https://club-alpine.com,company,1,"FR – Peisey-Vallandry, Les Arcs, La Plagne (Paradiski)",yes,some,mid,"11 chalets, e.g. Barthelemy (21, hot tub + sauna).",,pass 1,,,
Mountain Heaven,https://www.mountainheaven.co.uk,company,1,"FR – La Rosière, Morzine, Courchevel Le Praz, Montalbert, Plagne 1800; CH – Grimentz",yes,many,budget-mid,Catered + self-catered; many saunas/jacuzzis; trading 26/27.,,pass 1,,,
Go Alpine,https://go-alpine.co.uk,company,1-3,FR – Peisey-Vallandry (Paradiski),yes,unknown,budget-mid,Catered + self-catered chalets and apartments.,,pass 1,,,
Ski Villaroger,https://www.skivillaroger.com,company,1,FR – Villaroger (Les Arcs/Paradiski),yes,unknown,budget-mid,Small independent.,,pass 1,,,
La Source Ski & Adventure,https://www.ski-lasource.com,company,1,"FR – Montchavin, Les Coches, Les Arcs",yes,unknown,budget-mid,Catered or self-catered; 26/27 not confirmed.,,pass 1,,,
SkiAffinity,https://www.skiaffinity.com,company,1,FR – Les Coches (Paradiski),yes,unknown,budget,Single chalet (Chalet Jessica); 26/27 not confirmed.,,pass 1,,,
Tignes Spirit,https://www.tignes-spirit.com,company,1-3,FR – Tignes (Espace Killy),yes,unknown,budget-mid,Catered chalets alongside apartments.,,pass 1,,,
YSE,https://www.yseski.co.uk,company,1-2,FR – Val d'Isère (Espace Killy),yes,some,mid,~10 catered chalets + Chalet Hotel Les Chardons; 26/27 prices online.,,pass 1,,,
Le Ski,https://www.leski.com,company,1,"FR – Val d'Isère, Courchevel 1650, La Tania",yes,some,mid,Since 1982; 30+ chalets sleeping 2-20; ~65% booked for 26/27.,,pass 1,,,
VIP SKI,https://www.vip-chalets.com,company,1,"FR – Val d'Isère, Les Arcs, La Plagne, Avoriaz",yes,many,mid-luxury,"Administration 2020, relaunched 2021; accommodation + transfers, no flights; taking 26/27.",,pass 1,,,
Skiworld,https://www.skiworld.co.uk,company,1-2,FR/AT/IT,yes,some,mid,Largest UK independent; 70+ catered chalets incl. Val d'Isère & Tignes; chalet-finder tool.,,pass 1,,,
Inghams,https://www.inghams.co.uk,company,1-2,FR/AT/CH/IT,yes,some,mid,Now includes former Ski Total chalets; owned by DERTOUR since 2025.,,pass 1,,,
Crystal Ski,https://www.crystalski.co.uk,company,1-2,FR/AT/CH/IT,yes,4.5-5 star only,budget-mid,TUI; ~40-50 catered chalets; 'Finest' premium range; 26/27 programme may not be fully on sale.,,pass 1,,,
Mark Warner,https://www.markwarner.co.uk,company,2,FR – Tignes Val Claret (+ others),yes,no (hotel),mid,"Chalet Hotel L'Ecrin from £999pp incl. flights — above budget, chalet hotel not private chalet.",,pass 1,,,
Ski Peak,https://www.skipeak.net,company,1-2,FR – Vaujany (Alpe d'Huez),yes,unknown,mid,"Chalets sleeping 6-33, Hotel V, apartments; food-focused.",,pass 1,,,
Ski Famille,https://skifamille.co.uk,company,1,"FR – Les Menuires (Reberty 2000, Les Bruyères), Tignes, Val d'Isère, La Plagne; formerly Les Gets",yes,unknown,mid,"Petit & Grand Mouflon, bookable exclusively; family focus. Updated 2026-10-06 by village agent: catered family chalets with private hot tubs (Bramble, Chamois, Eva, Katie 1/2 in Reberty; Cocon des Neiges, Aigle, Aigrette, Faucon, Le Corbeau in Les Bruyères).",,pass 1,,,
Ski Basics,https://www.skibasics.com,company,1,FR – Méribel (3 Vallées),yes,unknown,mid,Catered + self-catered chalets sleeping 6-14.,,pass 1,,,
Ski Morzine,https://www.skimorzine.com,company,1,FR – Morzine (Portes du Soleil),yes,unknown,mid-luxury,Catered chalets.,,pass 1,,,
Skiology,https://www.skiology.co.uk,company,1,FR – Morzine + others,yes,unknown,budget-mid,Catered chalets within 500m of piste.,,pass 1,,,
Powder White,https://www.powderwhite.com,company,1-3,"FR – Méribel, Courchevel (3 Vallées)",yes,some,mid-luxury,"Catered + self-catered, live prices.",,pass 1,,,
Peak Retreats,https://www.peakretreats.co.uk,company,3-4,"FR – Les Coches, Plagne 1800 + 'undiscovered' resorts",few,pools,budget-mid,"Mostly self-catered chalet-apartments, often with pool.",,pass 1,,,
Ski Miquel,https://www.skimiquel.co.uk,company,1,FR – Serre Chevalier + others,yes,unknown,budget,Small UK operator.,,pass 1,,,
Snowed Inn Chalets,https://www.snowedinnchalets.com,company,1,FR – Serre Chevalier,yes,unknown,budget-mid,Independent.,,pass 1,,,
Mountain Mavericks,,company,1,FR – Morzine,yes,yes,mid,"Chalets Chambertin, Kaplamaki, Le Prele with hot tubs/saunas; website and 26/27 trading unconfirmed.",No website found,pass 1,,,
Family Ski Company,https://familyski.co.uk,company,1,FR,yes,unknown,mid,Family-only with childcare — not a fit for adult group.,,pass 1,,,
Bramble Ski,https://www.brambleski.com,company,1,FR/CH,yes,yes,luxury,Luxury — likely above budget.,,pass 1,,,
Luxury Chalet Co,https://www.luxurychaletco.com,company,1,FR/CH/IT incl. Cervinia,yes,yes,luxury,Luxury — likely above budget.,,pass 1,,,
Ski In Luxury,https://www.skiinluxury.com,company,1,FR/CH,yes,yes,luxury,Luxury — likely above budget.,,pass 1,,,
Le Chardon Mountain Lodges,https://www.lechardonvaldisere.com,company,1,FR – Val d'Isère,yes,yes,luxury,5 luxury lodges; well above budget.,,pass 1,,,
Pierre & Vacances,https://www.pierreetvacances.com,fallback,4,"FR (La Plagne, Les Arcs, Tignes…)",no,pools,budget-mid,"Apartment residences, self-catered.",,pass 1,,,
MMV,https://www.mmv-holidays.co.uk,fallback,2-4,FR,optional,spas,mid,Club-hotels and residences; up to 15% off winter 2027.,,pass 1,,,
Club Med,https://www.clubmed.co.uk,fallback,2,"FR/CH/IT (Tignes, Val d'Isère, Arcs Panorama, Plagne 2100)",all-inclusive,spas,mid-luxury,All-inclusive resorts.,,pass 1,,,
Belambra,https://www.belambra.co.uk,fallback,2,FR (Tignes…),all-inclusive,some,budget-mid,All-inclusive clubs.,,pass 1,,,
Odalys,https://www.odalys-vacation-rental.com,fallback,4,FR,no,some,budget,Apartment residences; no booking fees for 26/27 early booking.,,pass 1,,,
CGH Résidences,https://www.cgh-residences.co.uk,fallback,4,FR,no,pools + spas,mid,4-star residences; open 18 Dec 2026 – 18 Apr 2027; 10% off before 31 Oct 2026.,,pass 1,,,
UCPA / Action Outdoors,https://www.action-outdoors.co.uk,fallback,2,"FR (Tignes, Val d'Isère, La Plagne, Val Thorens)",full board,no,budget,"Hostel-style, incl. pass/hire/lessons from ~£677pp; many weeks restricted to 18-30s or families.",,pass 1,,,
Ski Collection,https://www.skicollection.com,fallback,1,"FR – Val d'Isère, Courchevel, Méribel, Megève",yes,yes,luxury,Luxury chalet concierge (not a residence portal).,,pass 1,,,
Esprit Ski,,closed,,,,,,Closed after winter 2023/24.,,pass 1,,,
Ski Total,,closed,,,,,,Brand dropped 2022; chalets now sold by Inghams.,,pass 1,,,
Alpine Action,,closed,,,,,,Ceased trading May 2024.,,pass 1,,,
Ski Bespoke,,closed,,,,,,Ceased trading 29 May 2026; in liquidation.,,pass 1,,,
Yodl,,closed,,,,,,In voluntary liquidation.,,pass 1,,,
Ski Amis,,closed,,,,,,skiamis.com redirects to a transfer site; probably ceased as chalet operator.,,pass 1,,,
Hannibals,,closed,,,,,,hannibals.co.uk domain gone; probably ceased.,,pass 1,,,
Huski,,closed,,,,,,Only a food-delivery service found (hu.ski).,,pass 1,,,
Heidi,https://www.heidi.com,broad,1/3/4,"France, Switzerland, Austria, Italy, N America",some,some,mid,"UK build-your-own ski packages since 2018, 200+ resorts; selling 2026/27 hotels, chalets, apartments plus lift passes.",Online dynamic packaging; flights optional,pass 2,,,
Erna Low,https://www.ernalow.co.uk,broad,1/2/3/4,"France-led; Austria, Switzerland, Italy",some,some,mid,"Selling 2026/27; 20+ new resorts incl. Sölden return; catered/self-catered, apartments, hotels; self-drive or flights.",Online plus phone; discount codes circulate,pass 2,,,
Ski Independence (ski-i.com),https://ski-i.com,broad,1/3/4,"France, Switzerland, Austria, Italy, N America",some,some,mid-high,"Tailor-made specialist, 30 yrs, ATOL/ABTA; promoting Winter 2026/27 early-booking offers. Now trades on ski-i.com.",Phone/enquiry quotes,pass 2,,,
Neilson,https://www.neilson.co.uk/ski,company,2,"France (Les Menuires, Val d'Isère), Italy, Andorra",yes,some,mid,"Own chalet hotels; 2026/27 on sale, e.g. Les Menuires from ~£1,299pp incl. flights, guiding.",Online booking,pass 2,,,
Topflight,https://www.topflight.ie,broad,2/3/4,"France, Austria, Italy, Andorra",some,unknown,mid,"Irish operator, 50+ yrs; 2026/27 from €989pp incl. Dublin/Cork flights; mainly hotels/residences.",Ireland departures; .co.uk mirror exists,pass 2,,,
Directski,https://www.directski.com,broad,2/3/4,"Austria, France (La Plagne, Val Thorens, Méribel), Italy, Andorra",some,unknown,budget-mid,"Irish family-run, 20+ yrs; 2026/27 packages from Dublin/Cork/Belfast; group ski deals page.",Packages with flights; groups page,pass 2,,,
Snowscape,https://www.snowscape.co.uk,company,1/4,"Austria (St Anton, Saalbach, Mayrhofen, Zell, Ischgl)",yes,some,mid,Austria specialist since 1999; 2026/27 offers incl. catered chalet discounts.,Phone/online,pass 2,,,
Simply Morzine,https://simply-morzine.co.uk,company,1/3,Morzine (Portes du Soleil),yes,yes,mid-high,Family-run since 1995; most properties have hot tub/sauna/pool; open Dec 2026–Apr 2027.,Direct booking,pass 2,,,
Ski Kings,https://www.skikings.co.uk,broad,1/3/4,"Austria, France, Italy, Switzerland +",yes,unknown,budget-mid,"Glasgow, since 1983, ABTA/ATOL; 2026/27 deals; catered chalets in Austria; group reductions.",Phone for group offers,pass 2,,,
Ski France,https://www.skifrance.co.uk,fallback,3/4,"French Alps 20+ resorts (La Plagne, La Rosière, Méribel, Alpe d'Huez)",no,some,budget-mid,Mostly self-catered apartments/residences; 2027 prices from ~£750 per unit/week; low deposits.,Online,pass 2,,,
Snowbizz,https://www.snowbizz.co.uk,fallback,3/4,Puy St Vincent only,no,unknown,budget,"Family ski specialist since 1986, 2026/27 on sale; PSV is not a major linked area; low fit.",Self-drive or flights,pass 2,,,
Altitude Holidays (incl. Zenith Holidays),https://altitudeholidays.co.uk,broad,discovery,"France, Austria, Italy, Switzerland",yes,some,budget-mid,"Directory of small operators; Zenith chalets in Alpe d'Huez, Morzine, Les 2 Alpes, Serre Che (8–14 pax).",Enquiry per operator,pass 2,,,
Le Collectionist,https://www.lecollectionist.com,fallback,1/3,"Courchevel, Méribel, Val d'Isère, Verbier, Zermatt, Lech",optional,yes,luxury,Luxury chalet rentals with concierge/private chef; weekly €17k+; far above budget.,Concierge enquiry,pass 2,,,
Oxford Ski Company,https://www.oxfordski.com,company,1/3/4,"France, Switzerland, Austria, Italy",yes,yes,luxury,"Luxury chalets, 2026/27 prices live; acquired by Travel Seen May 2026; mostly well over budget.",Enquiry,pass 2,,,
Leo Trippi,https://www.leotrippi.com,company,1/3,"Switzerland, France, Italy, Austria",yes,yes,luxury,Luxury chalet broker since 1882; collections for 2026/27; over budget.,Enquiry,pass 2,,,
Ski Club of GB – Freshtracks,https://www.skiclub.co.uk/holidays,company,1/4,"Chamonix, Flaine chalets; Dolomites, Wengen etc.",yes,unknown,mid,Biggest-ever 2026/27 programme on sale; club-run chalets; Ski Club membership likely needed.,Members' hosted holidays,pass 2,,,
Chilly Powder,https://www.chillypowder.com,company,1/2/3,Morzine/Les Prodains (Portes du Soleil),yes,unknown,mid-high,"Family-run since 1996; hotel, chalet, apartments; 2026/27 season 12 Dec–18 Apr; childcare focus.",Direct booking,pass 2,,,
Powder Byrne,https://www.powderbyrne.com,company,2/4,"Switzerland, France, Italy, Austria (5* hotels)",partial,yes,luxury,Luxury hotel-based ski; still trading; well over budget.,Enquiry,pass 2,,,
Tignes Réservation (official),https://booking.tignes.net,fallback,3/4,Tignes,no,some,budget-mid,"Official resort booking centre; chalets 2–5*, apartments, hotels, pass bundles; filter for jacuzzi.",Online,pass 2,,,
Serre Chevalier Réservation (official),https://booking.serre-chevalier.com,fallback,3/4,Serre Chevalier,no,some,budget-mid,Official resort booking office; chalets/apartments incl. luxury tier.,Online,pass 2,,,
Simply Val d'Isère,https://www.simplyvaldisere.com,broad,1/2/3/4,Val d'Isère (Tignes–Val d'Isère),some,some,mid-high,"Resort-specialist agent (Signature Ski Ltd), TTA bonded, 25+ yrs; 2026/27 offers live.",Quote by enquiry/phone,pass 2,,,
Hunter Chalets,https://hunterchalets.com,company,1/3,"Morzine, Les Gets",yes,yes,mid-high,"~28 managed chalets, catered/self-catered/hosted; recruiting for 2026/27.",Enquiry,pass 2,,,
AliKats,https://alikats.eu,company,1/3,"Morzine, Montriond",yes,yes,mid-high,Nearly all chalets have hot tubs and saunas; groups 2–26.,Direct booking,pass 2,,,
Treeline Chalets,https://treelinechalets.com,company,1,Morzine,yes,yes,budget-mid,Award-winning; 2026/27 catered from £475pp; strong brief fit.,Direct booking,pass 2,,,
Riders Refuge,https://www.ridersrefuge.co.uk,company,1,Morzine,yes,yes,mid,"2026/27 Chalet Eterle £749–1,029pp; Carclion sleeps 18, whole-chalet ~£12–15k.",Direct booking,pass 2,,,
Northstar Chalets,https://www.northstarchalets.com,company,1/3,Morzine,yes,some,mid,"3 chalets for 8–13; 2026/27 calendars filling, lifts open 11 Dec 2026.",Email/phone,pass 2,,,
Host Savoie,https://www.hostsavoie.co.uk,company,1/3/4,"Morzine, Montriond, Avoriaz; hotels Zell am See, Zermatt",yes,yes,mid,"Several chalets with hot tubs (Vionnet, Noisettes, Chery); 2026/27 not stated on homepage.",Checkfront booking/enquiry,pass 2,,,
The Tasty Ski Company,https://www.thetastyskicompany.co.uk,company,1,"Morzine, Samoëns, Morillon (PdS/Grand Massif)",yes,unknown,mid,Small family-run catered chalets; active on TripAdvisor 2026; 2026/27 not confirmed.,Direct,pass 2,,,
Skialot (Chalet Châtaigne),http://www.skialot.com,company,1,Châtel (Portes du Soleil),yes,yes,budget,"One catered chalet, 16+ guests, jacuzzi, minibuses; winter from £495pp/week.",Direct; whole-chalet option,pass 2,,,
PureChalets,https://purechalets.com,company,1/3,"Samoëns, Morillon (Grand Massif)",yes,yes,mid,"Since 2005; Chez Bobeau catered with hot tub ~£1,064pp late Dec 2026; site shows few published dates.",Enquiry,pass 2,,,
The Chalet Company,https://thechaletcompany.com,company,1,Méribel,yes,yes,mid,"Méribel-only catered chalets 4–15; 2026/27 bookings open; hot tubs at Le Chardon, Bruyère.",Prices & availability page,pass 2,,,
Ski Blanc,https://www.skiblanc.co.uk,company,1,Méribel,yes,yes,mid,"32nd season 2026/27; 5 catered chalets 10–14, all with hot tubs; strong fit.",Exclusive or by-room,pass 2,,,
Luxury Chalets Meribel (Delicious Mountain),https://www.luxurychaletsmeribel.co.uk,company,1/3,Méribel,yes,yes,high,"Catered/serviced chalets with outdoor hot tubs (Etoile des Neiges, Les Loups).",Enquiry,pass 2,,,
Meribel Ski Chalets,https://meribelskichalets.co.uk,fallback,3,Méribel Centre,no,yes,mid-high,Boutique self-catered chalets with private hot tubs; taking 2026/27 bookings.,Direct,pass 2,,,
Ski Magic,https://skimagic.co.uk,company,1/3,"La Tania, Méribel, Courchevel Le Praz",yes,unknown,mid,Availability for 2026/27 shown; new Chalet Yéti for 12–13; Christmas from £985pp.,Direct,pass 2,,,
Snow Retreat,https://www.snowretreat.co.uk,company,1/3,La Tania (3 Vallées),yes,unknown,mid,"2026/27 prices out; Chalet Leman (10, en-suite), Chalet Pandora.",Phone/email,pass 2,,,
Ski Dazzle,https://www.ski-dazzle.com,company,1/3,La Tania (3 Vallées),yes,unknown,mid,"Independent family-run since 2002; unlimited wine, 5 dinners.",Direct,pass 2,,,
Consensio Chalets,https://www.consensiochalets.co.uk,company,1/3,"Val d'Isère, Méribel, Courchevel",yes,yes,luxury,Ultimate/Relaxed catered tiers; hot tubs common; well over budget.,Sales team quotes,pass 2,,,
Purple Ski,https://www.purpleski.com,company,1,"Méribel, Courchevel, Val d'Isère",yes,yes,luxury,Since 1991; 2026/27 prices live (e.g. 10-bed from ~€24k/wk).,Direct,pass 2,,,
Scott Dunn,https://www.scottdunn.com,company,1/4,"France, Switzerland, Austria, Italy",yes,yes,luxury,Luxury chalets/hotels; 2026/27 booking; Flexi Service catering.,Enquiry,pass 2,,,
Ski Vertigo,https://www.skivertigo.co.uk,company,1,"Tignes, Val d'Isère, Val Thorens, La Plagne",yes,some,mid,"2027 early-bird live; from £999pp incl. BA/Jet2 flights, transfers.",Online/phone,pass 2,,,
Build My Ski Trip,https://www.buildmyskitrip.com,company,1,"Val d'Isère, Tignes, Val Thorens, Alpe d'Huez",yes,unknown,mid,Family-run catered chalets for 6–28; online trip builder.,Online,pass 2,,,
Tignes.co.uk,https://www.tignes.co.uk,company,1/3/4,Tignes,yes,yes,budget-high,"TTA-bonded; catered Triglav (7), Artayma (15), Arolla (18) have hot tubs.",Direct,pass 2,,,
The Tignes Chalet Co,http://thetigneschaletcompany.com,company,1,Tignes,yes,unknown,unknown,Catered chalets Tignes; status for 2026/27 unverified.,Direct,pass 2,,,
Première Neige,https://www.premiere-neige.com,company,1/3,Sainte-Foy-Tarentaise,yes,yes,high,"Luxury catered (The Peak sleeps 15, hot tub) and self-catered; 2026/27 not stated.",UK office phone,pass 2,,,
Black Diamond Sainte Foy,https://blackdiamondsaintefoy.com,company,1/3,Sainte-Foy-Tarentaise,unknown,unknown,unknown,Chalet operator in Sainte Foy; details unverified.,Direct,pass 2,,,
Chalet Solneige,https://chaletsolneige.com/en/,company,1/3,Vaujany (Alpe d'Huez Grand Domaine),yes,yes,budget,Half-board chalet rooms plus self-catered Chalet Amuse (8); jacuzzi/sauna; by room.,Direct; room-based,pass 2,,,
Pinewood Chalets,https://www.pinewoodchalets.com,company,1/3,Serre Chevalier,yes,unknown,budget,Owner-run; 2026/27 from ~£350–430pp; catered Le Petit Sport sleeps up to 26.,Phone,pass 2,,,
WM Chalets,https://www.facebook.com/wmchalets/,company,1,Serre Chevalier,yes,unknown,unknown,Catered chalets Serre Chevalier; social-media presence only found.,Facebook/Instagram,pass 2,,,
Self-Catered St Martin,https://selfcatered-saintmartin.com,company,1/3,St Martin de Belleville (3 Vallées),some,unknown,mid-high,Catered and self-catered chalets/apartments in St Martin.,Direct,pass 2,,,
Wens Chalets,https://www.wenschalets.co.uk,company,1,"Austria (St Anton, Serfaus-Fiss, Sölden), Châtel, Les Menuires, Italy",yes,unknown,mid,"Dutch-run, 50+ yrs, 40 catered chalets for 6–78; example €765–850pp/wk incl. drinks.",Online; NL phone,pass 2,,,
Alpenglow,https://www.alpenglow.ski,broad,1/2/3/4,"Alpe d'Huez, Les Arcs, France; Mayrhofen, Ischgl",yes,some,mid,Agent with catered chalets/chalet hotels; Alpe d'Huez many with hot tub or sauna.,Agent enquiry,pass 2,,,
Armadillo Chalets,https://www.skiarmadillo.com,company,1/3,"Verbier, Méribel",yes,yes,high,Since 2001; hosted or independent stays; several hot tubs; 2026/27 not stated.,Enquiry,pass 2,,,
Verbier Exclusive,https://verbierexclusive.com,company,1,Verbier (4 Vallées),yes,yes,luxury,"Catered Verbier chalets, e.g. Chalet Rock (10) with hot tub; over budget.",Book direct,pass 2,,,
Paragon Ski Chalets,https://paragonskichalets.com,company,1/3,"Val d'Isère, Tignes, Verbier, Austria",yes,yes,luxury,Luxury chalets/apartments; above budget.,Enquiry,pass 2,,,
Ultimate Luxury Chalets,https://www.ultimateluxurychalets.com,company,1,"Val d'Isère, Verbier, St Anton",yes,yes,luxury,Luxury catered; above budget.,Enquiry,pass 2,,,
Firefly Collection,https://www.firefly-collection.com,company,1,"St Anton, Alps",yes,yes,luxury,"Luxury chalets, e.g. Tschoder St Anton with hot tub; above budget.",Enquiry,pass 2,,,
F&P Travel,https://www.fandptravel.com,broad,1/4,"Switzerland, France, Austria",yes,yes,luxury,Luxury travel agent; above budget.,Enquiry,pass 2,,,
Finest Holidays,https://www.finest-holidays.com,broad,1/3,"St Martin de Belleville, Chamonix, Alps",some,yes,luxury,Luxury chalet collection; 2027 dates priced; above budget.,Enquiry,pass 2,,,
Chalet Owners,https://www.chaletowners.com,broad,discovery,"France, Switzerland, Austria",some,yes,high,"Invite-only marketplace, book direct with owners; resort pages (Morzine 93, Les Gets 68, St Anton 37).",Direct to owner,pass 2,,,
Plum Guide,https://www.plumguide.com,fallback,3,"Alps (Verbier, Val d'Isère, Courchevel, Zermatt)",optional,some,high,Vetted holiday homes incl. ski chalets; premium-leaning.,Online,pass 2,,,
Belvilla,https://www.belvilla.co.uk/ski-chalet/,fallback,3,"French Alps, Austria",no,some,budget-mid,"Holiday-home platform; ski-chalet filter, some with sauna/hot tub.",Online,pass 2,,,
See Ski network (seetignes/seemorzine/seeverbier/seealpedhuez),https://www.seetignes.com/chalets/,broad,discovery,"Tignes, Morzine, Verbier, Alpe d'Huez etc.",some,some,mixed,Resort guide sites listing local chalet operators; good for finding small independents.,Links out to operators,pass 2,,,
Orchards Cookery operator list,https://www.orchardscookery.co.uk/recruitment/ski-companies-we-work-with/,broad,discovery,Alps-wide,n/a,n/a,n/a,List of 90+ ski/chalet companies with URLs; some stale (e.g. skihiver dead).,Directory only,pass 2,,,
Seasonworkers directory,https://www.seasonworkers.com/ski-jobs/directory,broad,discovery,Alps-wide,n/a,n/a,n/a,Ski season recruiter A–Z directory of chalet companies; blocks bots (403).,Manual browsing,pass 2,,,
Natives.co.uk,https://www.natives.co.uk,broad,discovery,Alps-wide,n/a,n/a,n/a,Seasonaire job site; employer listings reveal chalet operators.,Manual browsing,pass 2,,,
Mountain Xtra,https://mountainxtra.com,fallback,3,"Morzine, Les Gets",no,unknown,mid,Self-catered chalets and apartments.,Direct,pass 2,,,
Elevation Alps,https://elevationalps.com,fallback,1/3,Morzine,some,unknown,high,"Luxury chalets Morzine, self-catered focus; unverified for 2026/27.",Direct,pass 2,,,
Ski Supreme,https://www.skisupreme.co.uk,fallback,4,"Italy (Val di Fiemme, Tonale, Pila)",no,unknown,budget,"Glasgow, since 1990; mainly school/group packages; low fit.",Group enquiry,pass 2,,,
Holiday Lettings,https://www.holidaylettings.co.uk,closed,3,n/a,n/a,n/a,n/a,Closed Nov 2024 when Tripadvisor ended direct rentals.,n/a,pass 2,,,
Alpinium,https://www.alpinium.co.uk,closed,1,Paradiski,n/a,n/a,n/a,Domain now redirects to Club Alpine (already listed).,n/a,pass 2,,,
Ski Hiver,https://www.skihiver.co.uk,closed,1,n/a,n/a,n/a,n/a,Domain now hosts casino affiliate content; operator defunct.,n/a,pass 2,,,
Chalet World Ski,,closed,1,Morzine?,n/a,n/a,n/a,No trace found online; treat as defunct.,n/a,pass 2,,,
Matt's Chalets,,closed,1,Alpe d'Huez?,n/a,n/a,n/a,No trace found online.,n/a,pass 2,,,
Les 3 Vallées Réservation (official),https://reservation.les3vallees.com/en/,fallback,3/4,"3 Vallées (Courchevel, Méribel, Val Thorens, Les Menuires, St-Martin, La Tania, Brides, Orelle)",no,some,budget-high,Official 3 Vallées booking centre; chalets and apartments with online prices. Found by the user (Chalet Chamois 3 listing).,,user,,,
Les Menuires Réservation (tourist office booking),https://fr.locationlesmenuires.com/appartements-residences-chalets.html,fallback,,"Les Menuires (incl. Le Bettaix, Le Levassaix)",,,,"1,200+ apartments/chalets from local agencies with dated online prices; GET /booking?action=result&datedeb=DD/MM/YYYY&datefin=...&adultes=N works",,agent: village-france-les-menuires,,,
Cimalpes,https://www.cimalpes.com,company,,"Les Menuires / Le Bettaix (Ydilia, Naos, Rupicapra, Eterlou), 3 Vallées",,,,Luxury self-catered agency; 6 Le Bettaix units free 20 Mar via tourist site (Rupicapra Lavaline has nordic bath),,agent: village-france-les-menuires,,,
Mountain Collection,https://www.mountaincollection.com/fr/station/les-menuires,broad,,"20+ French resorts (Les Menuires La Croisette/Les Bruyères/Reberty, St-Martin, Val Thorens, Méribel, La Plagne, Les Arcs, Tignes, Val d'Isère, Serre Chevalier, Flaine)",,,,Agency network incl. former Agence des Belleville (agence-des-belleville.com redirects). Dated search URL ?pax=8&date_in=YYYY-MM-DD&date_out=... works; mostly apartments. Candidate for a sites-lane task.,,agent: village-france-les-menuires-les-bruyères,,,
Luxury Chalet Book,https://www.luxurychaletbook.com,broad,,FR/CH/AT/IT incl. Cervinia,,,,luxury chalet agent; resort pages list chalets with EUR from-prices; Cervinia = same 6 as Luxury Chalet Co,,agent: village-italy-breuil-cervinia,,,
Booking Valle d Aosta (official regional booking),https://bookingvalledaosta.it/?lang=en,fallback,,"Aosta Valley incl. Breuil-Cervinia, Valtournenche",,,,official lovevda.it booking portal; searches run on reservations-dms.verticalbooking.com which is behind Cloudflare challenge (blocked),,agent: village-italy-breuil-cervinia,,,
Casa Camos Appartamenti (cerviniacasavacanze.com),https://www.cerviniacasavacanze.com,company,,Breuil-Cervinia,,,,"6 small self-catered apartments, central; no prices online",,agent: village-italy-breuil-cervinia,,,
Villa Blanche Apartments,https://appartamentivillablanche.com/en/,company,,Breuil-Cervinia,,,,3 self-catered apartments (~10 beds each incl sofa beds); rates page 404,,agent: village-italy-breuil-cervinia,,,
Immobiliare Sangrato,https://www.immobiliaresangrato.it/affitti/,company,,"Breuil-Cervinia, Valtournenche, Torgnon",,,,"local estate agency; mostly whole-season rentals, 2 short-let apartments (<=6), prices on request",,agent: village-italy-breuil-cervinia,,,
Alpe d'Huez Rentals (official OT booking),https://accommodation.alpedhuez.com,fallback,,Alpe d'Huez,,,,Official tourist-office booking site; many chalets incl. those Sno lists (Bouquetin/Loup/Ecureuil/Torino/1860),,agent: village-france-alpe-d-huez,,,
Fresh Tracks,https://www.fresh-tracks.co.uk,company,,Oz-en-Oisans,,,,Chalets/apartments in Oz en Oisans (L'Etendard,,agent: village-france-alpe-d-huez,,,
Sotheby's Alpe d'Huez rentals,https://www.alpedhuez-2alpes-sothebysrealty.com,company,,Alpe d'Huez / Les 2 Alpes,,,,Luxury self-catered rentals (Elysia,,agent: village-france-alpe-d-huez,,,
Chalets Le Village / Odalys (Alpe d Huez),https://www.seealpedhuez.com/chalets/,company,,Alpe d Huez,,,,"La Chapelle, Le Manoir, Sophie, Edelweiss, Altiport 1-5; self-catered; some with spa",,agent: village-france-alpe-d-huez,,,
Combloux Réservation (official),https://reservation.combloux.com/serp?lang=fr_FR,fallback,,Combloux,,,,Orchestra platform; dated search works via URL params.,,agent: village-france-combloux,,,
Le Chalet Club,https://www.lechalet.club/,company,,"Megève, Combloux, Chamonix, Saint-Gervais, Tignes",,,,Luxury chalet rental/concierge; per-destination landing pages /landing/location-chalet-<resort>; no prices.,,agent: village-france-combloux,,,
Val d Isère Réservation,https://booking.valdisere.com,fallback,,"Val d Isère (incl La Daille, Le Fornet)",,,,Ingenie platform (same vendor as booking.tignes.net); 1000+ units,,agent: village-france-la-daille,,,
Locations Meublées de Saint-Nicolas-de-Véroce (owners association),https://locations-saint-nicolas.com/locations_liste.php,fallback,,St-Nicolas-de-Véroce,,,,"61 private-owner rentals, static pages with booking calendars.",,agent: village-france-st-nicolas-de-véroce,,,
Saint-Gervais tourist office booking (MSEM),https://www.saintgervais.com/reserver-mon-sejour/hebergement/,fallback,,"St-Gervais, Le Bettex, Le Fayet, St-Nicolas-de-Véroce",,,,"JSON API services.msem.tech (resort 569, channel OT-569); dated offers endpoint.",,agent: village-france-st-nicolas-de-véroce,,,
Hip Chalets,https://www.hipchalets.com/luxury-chalet-collection,company,,Chamonix; St-Nicolas-de-Véroce,,,,Luxury self-catered chalets with price tables.,,agent: village-france-st-nicolas-de-véroce,,,
Almae Collection,https://almae-collection.com/residences/ancolie/,company,,St-Nicolas-de-Véroce; Chamonix,,,,Hôtel Armancette 5* + Chalet Ancolie + 3 chalets.,,agent: village-france-st-nicolas-de-véroce,,,
Arabba Fodom Turismo (official),https://www.arabba.it/en/accomodations-arabba-dolomites/25-0.html,fallback,,Arabba / Livinallongo del Col di Lana,,,,"79 properties, static list + detail pages; availability search via JS form",,agent: village-italy-arabba,,,
Cesa del Louf (direct),http://www.cesadellouf.it,company,,Arabba,,,,"luxury chalet sleeps 10-26, spa+hot tubs; also via Alpine Answers, Chalet Owners, Luxury Chalet Book",,agent: village-italy-arabba,,,
Independent Ski Links,http://www.ski-links.com,company,,Tignes,,,,Agent; Grande Motte chalet Tignes Le Lac (8),,agent: village-france-tignes-le-lac,,,
Les Arcs Réservation,https://www.lesarcs-reservation.com/,fallback,,"Les Arcs, Bourg-Saint-Maurice",,,,"iResa/Drupal; list pages embed items as escaped HTML (ListItem-content, ListItem-cat = station/area, Capacité max, from-price for 7 nights); filters via /ajax/search/update; station filter ids village-10 Bourg, village-17 Montrigon",,agent: village-france-bourg-st-maurice,,,
Leman Mountains Explore (OT Pays d Evian - Vallée d Abondance),https://www.leman-mountains-explore.com/reserver/sejour-hebergements/,fallback,,"La Chapelle d Abondance, Abondance, Bernex, Thollon",,,,MSEM resort 30016 channel LEMAN_MOUNTAINS (5 online lodgings); full Apidae list via sitemap-1..9.xml /offres/*-la-chapelle-dabondance-fr-<id>/,,agent: village-france-la-chapelle-d-abondance,,,
OVO Network,https://www.ovonetwork.com,company,,La Chapelle d Abondance + other Alps,,,,"luxury chalet rental platform; Chavanette (12p, jacuzzi+sauna), Les Vardafes (8p, jacuzzi)",,agent: village-france-la-chapelle-d-abondance,,,
Alptitude Chalets,https://alptitude.com/properties/,company,,"Morzine, Montriond",,,,27 self-catered chalets/apartments; static pages with weekly Sunday prices (Winter Prices table),,agent: village-france-montriond,,,
Morzine Réservation,https://www.resa-morzine.com/hiver,fallback,,Morzine (Portes du Soleil),,,,"Ingenie platform mid=3 cid=3 type_prestataire=G (meublés), H hotels; 348 units; works with ingenie.py via extra SITES entry (host www.resa-morzine.com)",,agent: village-france-montriond,,,
lets.ski (Tignes.co.uk),https://lets.ski/accommodations?resort=tignes,company,,"Tignes, Val d Isère, La Rosière, Val Thorens, La Plagne, Les Arcs, Alpe d Huez",,,,"Tignes.co.uk Ltd booking site (TTA Q4961); catered chalets (Triglav, Armoise, Arolla, Artayma, Chardonnet = Build My Ski Trip), Dragon Lodge half-board, apartments, hotels; static pages /<slug>, list /accommodations?resort=<r>",,agent: village-france-tignes-val-claret,,,
Torgon Tourisme,https://www.torgon.ch/hebergement-torgon.html,fallback,,Torgon (Portes du Soleil CH),,,,"static lists: appartement-chalet-torgon-sejour.html (22), hebergement-groupe-residence.html (5); detail <slug>.html; no booking engine",,agent: village-france-torgon,,,
Région Dents du Midi accommodation (openbooking.ch),https://www.regiondentsdumidi.ch/fr/reservation/hebergements/appartements-chalets-85/,fallback,,"Champéry, Val-d Illiez, Les Crosets, Champoussin, Morgins (Portes du Soleil CH)",,,,"JSON API api.openbooking.ch, header api-key 4BA615F77D1B41C7A5E2CFAEFC7D77C1; POST /whitelabel/list?limit=200 {lang,places:[rddm-1873-1|-2|-3, rddm-1874-1, rddm-1875-1]}; GET /accommodations/<id>?lang=en; GET /availabilities/<id> (free/arrival YYMMDD)",,agent: village-france-val-d-illiez,,,
